#-----------------------------------------------------------
# Vivado v2025.2 (64-bit)
# SW Build 6299465 on Fri Nov 14 19:35:11 GMT 2025
# IP Build 6300035 on Fri Nov 14 10:48:45 MST 2025
# SharedData Build 6298862 on Thu Nov 13 04:50:51 MST 2025
# Start of session at: Wed Oct  7 14:30:27 2026
# Process ID         : 39300
# Current directory  : C:/Users/hanna/AppData/Roaming/Xilinx/Vivado
# Command line       : vivado.exe -gui_launcher_event rodinguilauncherevent39720
# Log file           : C:/Users/hanna/AppData/Roaming/Xilinx/Vivado/vivado.log
# Journal file       : C:/Users/hanna/AppData/Roaming/Xilinx/Vivado\vivado.jou
# Running On         : Hannas_dator
# Platform           : Windows Server 2016 or Windows 10
# Operating System   : 26200
# Processor Detail   : AMD Ryzen 5 7520U with Radeon Graphics         
# CPU Frequency      : 2795 MHz
# CPU Physical cores : 4
# CPU Logical cores  : 8
# Host memory        : 16363 MB
# Swap memory        : 16106 MB
# Total Virtual      : 32469 MB
# Available Virtual  : 14849 MB
#-----------------------------------------------------------
start_guioWARNING: [Board 49-26] cannot add Board Part xilinx.com:emb-plus-vpr-4616:part0:1.0 available at C:/AMDDesignTools/2025.2/data/xhub/boards\XilinxBoardStore\boards\Xilinx\emb-plus-vpr-4616\1.0\board.xml as part xcve2302-sfva784-2mp-e-s specified in board_part file is either invalid or not available
WARNING: [Board 49-26] cannot add Board Part xilinx.com:emb-plus-vpr-4616:part0:1.1 available at C:/AMDDesignTools/2025.2/data/xhub/boards\XilinxBoardStore\boards\Xilinx\emb-plus-vpr-4616\1.1\board.xml as part xcve2302-sfva784-2mp-e-s specified in board_part file is either invalid or not available
WARNING: [Board 49-26] cannot add Board Part xilinx.com:k24c:part0:1.0 available at C:/AMDDesignTools/2025.2/data/xhub/boards\XilinxBoardStore\boards\Xilinx\k24c\1.0\board.xml as part xck24-ubva530-2lv-c specified in board_part file is either invalid or not available
WARNING: [Board 49-26] cannot add Board Part xilinx.com:k24c:part0:1.1 available at C:/AMDDesignTools/2025.2/data/xhub/boards\XilinxBoardStore\boards\Xilinx\k24c\1.1\board.xml as part xck24-ubva530-2lv-c specified in board_part file is either invalid or not available
WARNING: [Board 49-26] cannot add Board Part xilinx.com:k24i:part0:1.0 available at C:/AMDDesignTools/2025.2/data/xhub/boards\XilinxBoardStore\boards\Xilinx\k24i\1.0\board.xml as part xck24-ubva530-2lvi-i specified in board_part file is either invalid or not available
WARNING: [Board 49-26] cannot add Board Part xilinx.com:k26c:part0:1.2 available at C:/AMDDesignTools/2025.2/data/xhub/boards\XilinxBoardStore\boards\Xilinx\k26c\1.2\board.xml as part xck26-sfvc784-2lv-c specified in board_part file is either invalid or not available
WARNING: [Board 49-26] cannot add Board Part xilinx.com:k26c:part0:1.3 available at C:/AMDDesignTools/2025.2/data/xhub/boards\XilinxBoardStore\boards\Xilinx\k26c\1.3\board.xml as part xck26-sfvc784-2lv-c specified in board_part file is either invalid or not available
WARNING: [Board 49-26] cannot add Board Part xilinx.com:k26c:part0:1.4 available at C:/AMDDesignTools/2025.2/data/xhub/boards\XilinxBoardStore\boards\Xilinx\k26c\1.4\board.xml as part xck26-sfvc784-2lv-c specified in board_part file is either invalid or not available
WARNING: [Board 49-26] cannot add Board Part xilinx.com:k26i:part0:1.2 available at C:/AMDDesignTools/2025.2/data/xhub/boards\XilinxBoardStore\boards\Xilinx\k26i\1.2\board.xml as part xck26-sfvc784-2lvi-i specified in board_part file is either invalid or not available
WARNING: [Board 49-26] cannot add Board Part xilinx.com:k26i:part0:1.3 available at C:/AMDDesignTools/2025.2/data/xhub/boards\XilinxBoardStore\boards\Xilinx\k26i\1.3\board.xml as part xck26-sfvc784-2lvi-i specified in board_part file is either invalid or not available
WARNING: [Board 49-26] cannot add Board Part xilinx.com:k26i:part0:1.4 available at C:/AMDDesignTools/2025.2/data/xhub/boards\XilinxBoardStore\boards\Xilinx\k26i\1.4\board.xml as part xck26-sfvc784-2lvi-i specified in board_part file is either invalid or not available
WARNING: [Board 49-26] cannot add Board Part xilinx.com:kc705:part0:1.6 available at C:/AMDDesignTools/2025.2/data/xhub/boards\XilinxBoardStore\boards\Xilinx\kc705\1.6\board.xml as part xc7k325tffg900-2 specified in board_part file is either invalid or not available
WARNING: [Board 49-26] cannot add Board Part xilinx.com:kc705:part0:1.7 available at C:/AMDDesignTools/2025.2/data/xhub/boards\XilinxBoardStore\boards\Xilinx\kc705\1.7\board.xml as part xc7k325tffg900-2 specified in board_part file is either invalid or not available
WARNING: [Board 49-26] cannot add Board Part xilinx.com:kcu105:part0:1.6 available at C:/AMDDesignTools/2025.2/data/xhub/boards\XilinxBoardStore\boards\Xilinx\kcu105\1.6\board.xml as part xcku040-ffva1156-2-e specified in board_part file is either invalid or not available
WARNING: [Board 49-26] cannot add Board Part xilinx.com:kcu105:part0:1.7 available at C:/AMDDesignTools/2025.2/data/xhub/boards\XilinxBoardStore\boards\Xilinx\kcu105\1.7\board.xml as part xcku040-ffva1156-2-e specified in board_part file is either invalid or not available
WARNING: [Board 49-26] cannot add Board Part xilinx.com:kcu116:part0:1.4 available at C:/AMDDesignTools/2025.2/data/xhub/boards\XilinxBoardStore\boards\Xilinx\kcu116\1.4\board.xml as part xcku5p-ffvb676-2-e specified in board_part file is either invalid or not available
WARNING: [Board 49-26] cannot add Board Part xilinx.com:kcu116:part0:1.5 available at C:/AMDDesignTools/2025.2/data/xhub/boards\XilinxBoardStore\boards\Xilinx\kcu116\1.5\board.xml as part xcku5p-ffvb676-2-e specified in board_part file is either invalid or not available
WARNING: [Board 49-26] cannot add Board Part xilinx.com:kcu1500:part0:1.2 available at C:/AMDDesignTools/2025.2/data/xhub/boards\XilinxBoardStore\boards\Xilinx\kcu1500\1.2\board.xml as part xcku115-flvb2104-2-e specified in board_part file is either invalid or not available
WARNING: [Board 49-26] cannot add Board Part xilinx.com:kd240_som:part0:1.0 available at C:/AMDDesignTools/2025.2/data/xhub/boards\XilinxBoardStore\boards\Xilinx\kd240_som\1.0\board.xml as part xck24-ubva530-2lv-c specified in board_part file is either invalid or not available
WARNING: [Board 49-26] cannot add Board Part xilinx.com:kd240_som:part0:1.1 available at C:/AMDDesignTools/2025.2/data/xhub/boards\XilinxBoardStore\boards\Xilinx\kd240_som\1.1\board.xml as part xck24-ubva530-2lv-c specified in board_part file is either invalid or not available
WARNING: [Board 49-26] cannot add Board Part xilinx.com:kr260_som:part0:1.0 available at C:/AMDDesignTools/2025.2/data/xhub/boards\XilinxBoardStore\boards\Xilinx\kr260_som\1.0\board.xml as part xck26-sfvc784-2lv-c specified in board_part file is either invalid or not available
WARNING: [Board 49-26] cannot add Board Part xilinx.com:kr260_som:part0:1.1 available at C:/AMDDesignTools/2025.2/data/xhub/boards\XilinxBoardStore\boards\Xilinx\kr260_som\1.1\board.xml as part xck26-sfvc784-2lv-c specified in board_part file is either invalid or not available
WARNING: [Board 49-26] cannot add Board Part xilinx.com:kv260_som:part0:1.2 available at C:/AMDDesignTools/2025.2/data/xhub/boards\XilinxBoardStore\boards\Xilinx\kv260_som\1.2\board.xml as part xck26-sfvc784-2lv-c specified in board_part file is either invalid or not available
WARNING: [Board 49-26] cannot add Board Part xilinx.com:kv260_som:part0:1.3 available at C:/AMDDesignTools/2025.2/data/xhub/boards\XilinxBoardStore\boards\Xilinx\kv260_som\1.3\board.xml as part xck26-sfvc784-2lv-c specified in board_part file is either invalid or not available
WARNING: [Board 49-26] cannot add Board Part xilinx.com:kv260_som:part0:1.4 available at C:/AMDDesignTools/2025.2/data/xhub/boards\XilinxBoardStore\boards\Xilinx\kv260_som\1.4\board.xml as part xck26-sfvc784-2lv-c specified in board_part file is either invalid or not available
WARNING: [Board 49-26] cannot add Board Part xilinx.com:scu35:part0:1.0 available at C:/AMDDesignTools/2025.2/data/xhub/boards\XilinxBoardStore\boards\Xilinx\scu35\1.0\board.xml as part xcsu35p-sbvb625-2-e specified in board_part file is either invalid or not available
WARNING: [Board 49-26] cannot add Board Part xilinx.com:sp701:part0:1.0 available at C:/AMDDesignTools/2025.2/data/xhub/boards\XilinxBoardStore\boards\Xilinx\sp701\1.0\board.xml as part xc7s100fgga676-2 specified in board_part file is either invalid or not available
WARNING: [Board 49-26] cannot add Board Part xilinx.com:sp701:part0:1.1 available at C:/AMDDesignTools/2025.2/data/xhub/boards\XilinxBoardStore\boards\Xilinx\sp701\1.1\board.xml as part xc7s100fgga676-2 specified in board_part file is either invalid or not available
WARNING: [Board 49-26] cannot add Board Part xilinx.com:v80:part0:1.0 available at C:/AMDDesignTools/2025.2/data/xhub/boards\XilinxBoardStore\boards\Xilinx\v80\1.0\board.xml as part xcv80-lsva4737-2mhp-e-s specified in board_part file is either invalid or not available
WARNING: [Board 49-26] cannot add Board Part xilinx.com:vc707:part0:1.4 available at C:/AMDDesignTools/2025.2/data/xhub/boards\XilinxBoardStore\boards\Xilinx\vc707\1.4\board.xml as part xc7vx485tffg1761-2 specified in board_part file is either invalid or not available
WARNING: [Board 49-26] cannot add Board Part xilinx.com:vc707:part0:1.5 available at C:/AMDDesignTools/2025.2/data/xhub/boards\XilinxBoardStore\boards\Xilinx\vc707\1.5\board.xml as part xc7vx485tffg1761-2 specified in board_part file is either invalid or not available
WARNING: [Board 49-26] cannot add Board Part xilinx.com:vc709:part0:1.8 available at C:/AMDDesignTools/2025.2/data/xhub/boards\XilinxBoardStore\boards\Xilinx\vc709\1.8\board.xml as part xc7vx690tffg1761-2 specified in board_part file is either invalid or not available
WARNING: [Board 49-26] cannot add Board Part xilinx.com:vck190:part0:2.2 available at C:/AMDDesignTools/2025.2/data/xhub/boards\XilinxBoardStore\boards\Xilinx\vck190\production\2.2\board.xml as part xcvc1902-vsva2197-2mp-e-s specified in board_part file is either invalid or not available
WARNING: [Board 49-26] cannot add Board Part xilinx.com:vck190:part0:3.0 available at C:/AMDDesignTools/2025.2/data/xhub/boards\XilinxBoardStore\boards\Xilinx\vck190\production\3.0\board.xml as part xcvc1902-vsva2197-2mp-e-s specified in board_part file is either invalid or not available
WARNING: [Board 49-26] cannot add Board Part xilinx.com:vck190:part0:3.1 available at C:/AMDDesignTools/2025.2/data/xhub/boards\XilinxBoardStore\boards\Xilinx\vck190\production\3.1\board.xml as part xcvc1902-vsva2197-2mp-e-s specified in board_part file is either invalid or not available
WARNING: [Board 49-26] cannot add Board Part xilinx.com:vck190:part0:3.2 available at C:/AMDDesignTools/2025.2/data/xhub/boards\XilinxBoardStore\boards\Xilinx\vck190\production\3.2\board.xml as part xcvc1902-vsva2197-2mp-e-s specified in board_part file is either invalid or not available
WARNING: [Board 49-26] cannot add Board Part xilinx.com:vck190:part0:3.3 available at C:/AMDDesignTools/2025.2/data/xhub/boards\XilinxBoardStore\boards\Xilinx\vck190\production\3.3\board.xml as part xcvc1902-vsva2197-2mp-e-s specified in board_part file is either invalid or not available
WARNING: [Board 49-26] cannot add Board Part xilinx.com:vck190:part0:3.4 available at C:/AMDDesignTools/2025.2/data/xhub/boards\XilinxBoardStore\boards\Xilinx\vck190\production\3.4\board.xml as part xcvc1902-vsva2197-2mp-e-s specified in board_part file is either invalid or not available
WARNING: [Board 49-26] cannot add Board Part xilinx.com:vck190_newl:part0:1.0 available at C:/AMDDesignTools/2025.2/data/xhub/boards\XilinxBoardStore\boards\Xilinx\vck190_newl\production\1.0\board.xml as part xcvc1902-vsva2197-2mp-e-s specified in board_part file is either invalid or not available
WARNING: [Board 49-26] cannot add Board Part xilinx.com:vck190_newl:part0:1.1 available at C:/AMDDesignTools/2025.2/data/xhub/boards\XilinxBoardStore\boards\Xilinx\vck190_newl\production\1.1\board.xml as part xcvc1902-vsva2197-2mp-e-s specified in board_part file is either invalid or not available
WARNING: [Board 49-26] cannot add Board Part xilinx.com:vck190_newl:part0:1.2 available at C:/AMDDesignTools/2025.2/data/xhub/boards\XilinxBoardStore\boards\Xilinx\vck190_newl\production\1.2\board.xml as part xcvc1902-vsva2197-2mp-e-s specified in board_part file is either invalid or not available
WARNING: [Board 49-26] cannot add Board Part xilinx.com:vck190_newl:part0:1.3 available at C:/AMDDesignTools/2025.2/data/xhub/boards\XilinxBoardStore\boards\Xilinx\vck190_newl\production\1.3\board.xml as part xcvc1902-vsva2197-2mp-e-s specified in board_part file is either invalid or not available
WARNING: [Board 49-26] cannot add Board Part xilinx.com:vcu108:part0:1.6 available at C:/AMDDesignTools/2025.2/data/xhub/boards\XilinxBoardStore\boards\Xilinx\vcu108\1.6\board.xml as part xcvu095-ffva2104-2-e specified in board_part file is either invalid or not available
WARNING: [Board 49-26] cannot add Board Part xilinx.com:vcu108:part0:1.7 available at C:/AMDDesignTools/2025.2/data/xhub/boards\XilinxBoardStore\boards\Xilinx\vcu108\1.7\board.xml as part xcvu095-ffva2104-2-e specified in board_part file is either invalid or not available
WARNING: [Board 49-26] cannot add Board Part xilinx.com:vcu110:part0:1.4 available at C:/AMDDesignTools/2025.2/data/xhub/boards\XilinxBoardStore\boards\Xilinx\vcu110\1.4\board.xml as part xcvu190-flgc2104-2-e specified in board_part file is either invalid or not available
WARNING: [Board 49-26] cannot add Board Part xilinx.com:vcu118:part0:2.0 available at C:/AMDDesignTools/2025.2/data/xhub/boards\XilinxBoardStore\boards\Xilinx\vcu118\2.0\board.xml as part xcvu9p-flga2104-2l-e specified in board_part file is either invalid or not available
WARNING: [Board 49-26] cannot add Board Part xilinx.com:vcu118:part0:2.3 available at C:/AMDDesignTools/2025.2/data/xhub/boards\XilinxBoardStore\boards\Xilinx\vcu118\2.3\board.xml as part xcvu9p-flga2104-2l-e specified in board_part file is either invalid or not available
WARNING: [Board 49-26] cannot add Board Part xilinx.com:vcu118:part0:2.4 available at C:/AMDDesignTools/2025.2/data/xhub/boards\XilinxBoardStore\boards\Xilinx\vcu118\2.4\board.xml as part xcvu9p-flga2104-2l-e specified in board_part file is either invalid or not available
WARNING: [Board 49-26] cannot add Board Part xilinx.com:vcu128:part0:1.0 available at C:/AMDDesignTools/2025.2/data/xhub/boards\XilinxBoardStore\boards\Xilinx\vcu128\production\1.0\board.xml as part xcvu37p-fsvh2892-2l-e specified in board_part file is either invalid or not available
WARNING: [Board 49-26] cannot add Board Part xilinx.com:vcu129:part0:1.0 available at C:/AMDDesignTools/2025.2/data/xhub/boards\XilinxBoardStore\boards\Xilinx\vcu129\production\1.0\board.xml as part xcvu29p-fsga2577-2l-e specified in board_part file is either invalid or not available
WARNING: [Board 49-26] cannot add Board Part xilinx.com:vcu1525:part0:1.3 available at C:/AMDDesignTools/2025.2/data/xhub/boards\XilinxBoardStore\boards\Xilinx\vcu1525\1.3\board.xml as part xcvu9p-fsgd2104-2l-e specified in board_part file is either invalid or not available
WARNING: [Board 49-26] cannot add Board Part xilinx.com:vek280:part0:1.0 available at C:/AMDDesignTools/2025.2/data/xhub/boards\XilinxBoardStore\boards\Xilinx\vek280\production\1.0\board.xml as part xcve2802-vsvh1760-2mp-e-s specified in board_part file is either invalid or not available
WARNING: [Board 49-26] cannot add Board Part xilinx.com:vek280:part0:1.1 available at C:/AMDDesignTools/2025.2/data/xhub/boards\XilinxBoardStore\boards\Xilinx\vek280\production\1.1\board.xml as part xcve2802-vsvh1760-2mp-e-s specified in board_part file is either invalid or not available
WARNING: [Board 49-26] cannot add Board Part xilinx.com:vek280:part0:1.2 available at C:/AMDDesignTools/2025.2/data/xhub/boards\XilinxBoardStore\boards\Xilinx\vek280\production\1.2\board.xml as part xcve2802-vsvh1760-2mp-e-s specified in board_part file is either invalid or not available
WARNING: [Board 49-26] cannot add Board Part xilinx.com:vek385:part0:1.0 available at C:/AMDDesignTools/2025.2/data/xhub/boards\XilinxBoardStore\boards\Xilinx\vek385\1.0\board.xml as part xc2ve3858-ssva2112-2mp-e-s specified in board_part file is either invalid or not available
WARNING: [Board 49-26] cannot add Board Part xilinx.com:vek385:part0:1.1 available at C:/AMDDesignTools/2025.2/data/xhub/boards\XilinxBoardStore\boards\Xilinx\vek385\1.1\board.xml as part xc2ve3858-ssva2112-2mp-e-s specified in board_part file is either invalid or not available
WARNING: [Board 49-26] cannot add Board Part xilinx.com:vek385_1:part0:1.0 available at C:/AMDDesignTools/2025.2/data/xhub/boards\XilinxBoardStore\boards\Xilinx\vek385_2\1.0\board.xml as part xc2ve3858-ssva2112-2mp-e-s specified in board_part file is either invalid or not available
WARNING: [Board 49-26] cannot add Board Part xilinx.com:vermeo_t1_mpsoc:part0:1.0 available at C:/AMDDesignTools/2025.2/data/xhub/boards\XilinxBoardStore\boards\Xilinx\vermeo_t1_mpsoc\1.0\board.xml as part xczu19eg-ffvd1760-2l-e specified in board_part file is either invalid or not available
WARNING: [Board 49-26] cannot add Board Part xilinx.com:vermeo_t1_rfsoc:part0:1.0 available at C:/AMDDesignTools/2025.2/data/xhub/boards\XilinxBoardStore\boards\Xilinx\vermeo_t1_rfsoc\1.0\board.xml as part xczu21dr-ffvd1156-2l-e specified in board_part file is either invalid or not available
WARNING: [Board 49-26] cannot add Board Part xilinx.com:vhk158:part0:1.0 available at C:/AMDDesignTools/2025.2/data/xhub/boards\XilinxBoardStore\boards\Xilinx\vhk158\production\1.0\board.xml as part xcvh1582-vsva3697-2mp-e-s specified in board_part file is either invalid or not available
WARNING: [Board 49-26] cannot add Board Part xilinx.com:vhk158:part0:1.1 available at C:/AMDDesignTools/2025.2/data/xhub/boards\XilinxBoardStore\boards\Xilinx\vhk158\production\1.1\board.xml as part xcvh1582-vsva3697-2mp-e-s specified in board_part file is either invalid or not available
WARNING: [Board 49-26] cannot add Board Part xilinx.com:vhk158:part0:1.2 available at C:/AMDDesignTools/2025.2/data/xhub/boards\XilinxBoardStore\boards\Xilinx\vhk158\production\1.2\board.xml as part xcvh1582-vsva3697-2mp-e-s specified in board_part file is either invalid or not available
WARNING: [Board 49-26] cannot add Board Part xilinx.com:vmk180:part0:2.2 available at C:/AMDDesignTools/2025.2/data/xhub/boards\XilinxBoardStore\boards\Xilinx\vmk180\production\2.2\board.xml as part xcvm1802-vsva2197-2mp-e-s specified in board_part file is either invalid or not available
WARNING: [Board 49-26] cannot add Board Part xilinx.com:vmk180:part0:3.0 available at C:/AMDDesignTools/2025.2/data/xhub/boards\XilinxBoardStore\boards\Xilinx\vmk180\production\3.0\board.xml as part xcvm1802-vsva2197-2mp-e-s specified in board_part file is either invalid or not available
WARNING: [Board 49-26] cannot add Board Part xilinx.com:vmk180:part0:3.1 available at C:/AMDDesignTools/2025.2/data/xhub/boards\XilinxBoardStore\boards\Xilinx\vmk180\production\3.1\board.xml as part xcvm1802-vsva2197-2mp-e-s specified in board_part file is either invalid or not available
WARNING: [Board 49-26] cannot add Board Part xilinx.com:vmk180:part0:3.2 available at C:/AMDDesignTools/2025.2/data/xhub/boards\XilinxBoardStore\boards\Xilinx\vmk180\production\3.2\board.xml as part xcvm1802-vsva2197-2mp-e-s specified in board_part file is either invalid or not available
WARNING: [Board 49-26] cannot add Board Part xilinx.com:vmk180:part0:3.3 available at C:/AMDDesignTools/2025.2/data/xhub/boards\XilinxBoardStore\boards\Xilinx\vmk180\production\3.3\board.xml as part xcvm1802-vsva2197-2mp-e-s specified in board_part file is either invalid or not available
WARNING: [Board 49-26] cannot add Board Part xilinx.com:vmk180_newl:part0:1.0 available at C:/AMDDesignTools/2025.2/data/xhub/boards\XilinxBoardStore\boards\Xilinx\vmk180_newl\production\1.0\board.xml as part xcvm1802-vsva2197-2mp-e-s specified in board_part file is either invalid or not available
WARNING: [Board 49-26] cannot add Board Part xilinx.com:vmk180_newl:part0:1.1 available at C:/AMDDesignTools/2025.2/data/xhub/boards\XilinxBoardStore\boards\Xilinx\vmk180_newl\production\1.1\board.xml as part xcvm1802-vsva2197-2mp-e-s specified in board_part file is either invalid or not available
WARNING: [Board 49-26] cannot add Board Part xilinx.com:vpk120:part0:1.0 available at C:/AMDDesignTools/2025.2/data/xhub/boards\XilinxBoardStore\boards\Xilinx\vpk120\production\1.0\board.xml as part xcvp1202-vsva2785-2mp-e-s specified in board_part file is either invalid or not available
WARNING: [Board 49-26] cannot add Board Part xilinx.com:vpk120:part0:1.1 available at C:/AMDDesignTools/2025.2/data/xhub/boards\XilinxBoardStore\boards\Xilinx\vpk120\production\1.1\board.xml as part xcvp1202-vsva2785-2mp-e-s specified in board_part file is either invalid or not available
WARNING: [Board 49-26] cannot add Board Part xilinx.com:vpk120:part0:1.2 available at C:/AMDDesignTools/2025.2/data/xhub/boards\XilinxBoardStore\boards\Xilinx\vpk120\production\1.2\board.xml as part xcvp1202-vsva2785-2mp-e-s specified in board_part file is either invalid or not available
WARNING: [Board 49-26] cannot add Board Part xilinx.com:vpk180:part0:1.0 available at C:/AMDDesignTools/2025.2/data/xhub/boards\XilinxBoardStore\boards\Xilinx\vpk180\production\1.0\board.xml as part xcvp1802-lsvc4072-2mp-e-s specified in board_part file is either invalid or not available
WARNING: [Board 49-26] cannot add Board Part xilinx.com:vpk180:part0:1.1 available at C:/AMDDesignTools/2025.2/data/xhub/boards\XilinxBoardStore\boards\Xilinx\vpk180\production\1.1\board.xml as part xcvp1802-lsvc4072-2mp-e-s specified in board_part file is either invalid or not available
WARNING: [Board 49-26] cannot add Board Part xilinx.com:vpk180:part0:1.2 available at C:/AMDDesignTools/2025.2/data/xhub/boards\XilinxBoardStore\boards\Xilinx\vpk180\production\1.2\board.xml as part xcvp1802-lsvc4072-2mp-e-s specified in board_part file is either invalid or not available
WARNING: [Board 49-26] cannot add Board Part xilinx.com:vrk160:part0:1.0 available at C:/AMDDesignTools/2025.2/data/xhub/boards\XilinxBoardStore\boards\Xilinx\vrk160\1.0\board.xml as part xcvr1602-vsva2488-2mp-e-s-es1 specified in board_part file is either invalid or not available
WARNING: [Board 49-26] cannot add Board Part xilinx.com:vrk160:part0:1.1 available at C:/AMDDesignTools/2025.2/data/xhub/boards\XilinxBoardStore\boards\Xilinx\vrk160\1.1\board.xml as part xcvr1602-vsva2488-2mp-e-s-es1 specified in board_part file is either invalid or not available
WARNING: [Board 49-26] cannot add Board Part xilinx.com:zc702:part0:1.4 available at C:/AMDDesignTools/2025.2/data/xhub/boards\XilinxBoardStore\boards\Xilinx\zc702\1.4\board.xml as part xc7z020clg484-1 specified in board_part file is either invalid or not available
WARNING: [Board 49-26] cannot add Board Part xilinx.com:zc706:part0:1.4 available at C:/AMDDesignTools/2025.2/data/xhub/boards\XilinxBoardStore\boards\Xilinx\zc706\1.4\board.xml as part xc7z045ffg900-2 specified in board_part file is either invalid or not available
WARNING: [Board 49-26] cannot add Board Part xilinx.com:zc706:part0:1.5 available at C:/AMDDesignTools/2025.2/data/xhub/boards\XilinxBoardStore\boards\Xilinx\zc706\1.5\board.xml as part xc7z045ffg900-2 specified in board_part file is either invalid or not available
WARNING: [Board 49-26] cannot add Board Part xilinx.com:zcu102:part0:3.3 available at C:/AMDDesignTools/2025.2/data/xhub/boards\XilinxBoardStore\boards\Xilinx\zcu102\3.3\board.xml as part xczu9eg-ffvb1156-2-e specified in board_part file is either invalid or not available
WARNING: [Board 49-26] cannot add Board Part xilinx.com:zcu102:part0:3.4 available at C:/AMDDesignTools/2025.2/data/xhub/boards\XilinxBoardStore\boards\Xilinx\zcu102\3.4\board.xml as part xczu9eg-ffvb1156-2-e specified in board_part file is either invalid or not available
WARNING: [Board 49-26] cannot add Board Part xilinx.com:zcu104:part0:1.1 available at C:/AMDDesignTools/2025.2/data/xhub/boards\XilinxBoardStore\boards\Xilinx\zcu104\1.1\board.xml as part xczu7ev-ffvc1156-2-e specified in board_part file is either invalid or not available
WARNING: [Board 49-26] cannot add Board Part xilinx.com:zcu106:part0:2.4 available at C:/AMDDesignTools/2025.2/data/xhub/boards\XilinxBoardStore\boards\Xilinx\zcu106\2.4\board.xml as part xczu7ev-ffvc1156-2-e specified in board_part file is either invalid or not available
WARNING: [Board 49-26] cannot add Board Part xilinx.com:zcu106:part0:2.5 available at C:/AMDDesignTools/2025.2/data/xhub/boards\XilinxBoardStore\boards\Xilinx\zcu106\2.5\board.xml as part xczu7ev-ffvc1156-2-e specified in board_part file is either invalid or not available
WARNING: [Board 49-26] cannot add Board Part xilinx.com:zcu106:part0:2.6 available at C:/AMDDesignTools/2025.2/data/xhub/boards\XilinxBoardStore\boards\Xilinx\zcu106\2.6\board.xml as part xczu7ev-ffvc1156-2-e specified in board_part file is either invalid or not available
WARNING: [Board 49-26] cannot add Board Part xilinx.com:zcu111:part0:1.2 available at C:/AMDDesignTools/2025.2/data/xhub/boards\XilinxBoardStore\boards\Xilinx\zcu111\1.2\board.xml as part xczu28dr-ffvg1517-2-e specified in board_part file is either invalid or not available
WARNING: [Board 49-26] cannot add Board Part xilinx.com:zcu111:part0:1.3 available at C:/AMDDesignTools/2025.2/data/xhub/boards\XilinxBoardStore\boards\Xilinx\zcu111\1.3\board.xml as part xczu28dr-ffvg1517-2-e specified in board_part file is either invalid or not available
WARNING: [Board 49-26] cannot add Board Part xilinx.com:zcu111:part0:1.4 available at C:/AMDDesignTools/2025.2/data/xhub/boards\XilinxBoardStore\boards\Xilinx\zcu111\1.4\board.xml as part xczu28dr-ffvg1517-2-e specified in board_part file is either invalid or not available
WARNING: [Board 49-26] cannot add Board Part xilinx.com:zcu1275:part0:1.0 available at C:/AMDDesignTools/2025.2/data/xhub/boards\XilinxBoardStore\boards\Xilinx\zcu1275\1.0\board.xml as part xczu29dr-ffvf1760-2-e specified in board_part file is either invalid or not available
WARNING: [Board 49-26] cannot add Board Part xilinx.com:zcu1285:part0:1.0 available at C:/AMDDesignTools/2025.2/data/xhub/boards\XilinxBoardStore\boards\Xilinx\zcu1285\1.0\board.xml as part xczu39dr-ffvf1760-2-i specified in board_part file is either invalid or not available
WARNING: [Board 49-26] cannot add Board Part xilinx.com:zcu208:part0:2.0 available at C:/AMDDesignTools/2025.2/data/xhub/boards\XilinxBoardStore\boards\Xilinx\zcu208\production\2.0\board.xml as part xczu48dr-fsvg1517-2-e specified in board_part file is either invalid or not available
WARNING: [Board 49-26] cannot add Board Part xilinx.com:zcu208ld:part0:2.0 available at C:/AMDDesignTools/2025.2/data/xhub/boards\XilinxBoardStore\boards\Xilinx\zcu208ld\production\2.0\board.xml as part xczu58dr-fsvg1517-2-i specified in board_part file is either invalid or not available
WARNING: [Board 49-26] cannot add Board Part xilinx.com:zcu216:part0:2.0 available at C:/AMDDesignTools/2025.2/data/xhub/boards\XilinxBoardStore\boards\Xilinx\zcu216\production\2.0\board.xml as part xczu49dr-ffvf1760-2-e specified in board_part file is either invalid or not available
WARNING: [Board 49-26] cannot add Board Part xilinx.com:zcu216ld:part0:2.0 available at C:/AMDDesignTools/2025.2/data/xhub/boards\XilinxBoardStore\boards\Xilinx\zcu216ld\production\2.0\board.xml as part xczu59dr-ffvf1760-2-i specified in board_part file is either invalid or not available
WARNING: [Board 49-26] cannot add Board Part xilinx.com:zcu670:part0:2.0 available at C:/AMDDesignTools/2025.2/data/xhub/boards\XilinxBoardStore\boards\Xilinx\zcu670\2.0\board.xml as part xczu67dr-fsve1156-2-i specified in board_part file is either invalid or not available
WARNING: [Board 49-26] cannot add Board Part xilinx.com:zcu670ld:part0:1.0 available at C:/AMDDesignTools/2025.2/data/xhub/boards\XilinxBoardStore\boards\Xilinx\zcu670ld\1.0\board.xml as part xczu57dr-fsve1156-2-i specified in board_part file is either invalid or not available
exit
INFO: [Common 17-206] Exiting Vivado at Wed Oct  7 15:39:03 2026...
 56-3] Default IP Output Path : Could not find the directory 'C:/practice_project/testa_runt/testa_runt.gen/sources_1'.
Scanning sources...
Finished scanning sources
WARNING: [Board 49-26] cannot add Board Part xilinx.com:emb-plus-vpr-4616:part0:1.0 available at C:/AMDDesignTools/2025.2/data/xhub/boards\XilinxBoardStore\boards\Xilinx\emb-plus-vpr-4616\1.0\board.xml as part xcve2302-sfva784-2mp-e-s specified in board_part file is either invalid or not available
WARNING: [Board 49-26] cannot add Board Part xilinx.com:emb-plus-vpr-4616:part0:1.1 available at C:/AMDDesignTools/2025.2/data/xhub/boards\XilinxBoardStore\boards\Xilinx\emb-plus-vpr-4616\1.1\board.xml as part xcve2302-sfva784-2mp-e-s specified in board_part file is either invalid or not available
WARNING: [Board 49-26] cannot add Board Part xilinx.com:k24c:part0:1.0 available at C:/AMDDesignTools/2025.2/data/xhub/boards\XilinxBoardStore\boards\Xilinx\k24c\1.0\board.xml as part xck24-ubva530-2lv-c specified in board_part file is either invalid or not available
INFO: [Common 17-14] Message 'Board 49-26' appears 100 times and further instances of the messages will be disabled. Use the Tcl command set_msg_config to change the current settings.
WARNING: [Project 1-5713] Board part '' set for the project  is not found. BoardPart property will be unset. Please select board from latest repo build 
INFO: [IP_Flow 19-234] Refreshing IP repositories
INFO: [IP_Flow 19-1704] No user IP repositories specified
INFO: [IP_Flow 19-2313] Loaded Vivado IP repository 'C:/AMDDesignTools/2025.2/Vivado/data/ip'.
open_project: Time (s): cpu = 00:00:56 ; elapsed = 00:00:27 . Memory (MB): peak = 1659.219 ; gain = 159.484
update_compile_order -fileset sources_1
WARNING: [filemgmt 56-199] Attempt to get parsing info during refresh. "On-the-fly" syntax checking information may be incorrect. [C:\practice_project\testa_runt\testa_runt.srcs\sources_1\new\My_Top_Module.v:]
WARNING: [filemgmt 56-199] Attempt to get parsing info during refresh. "On-the-fly" syntax checking information may be incorrect. [C:\practice_project\testa_runt\testa_runt.srcs\sources_1\new\task1.v:]
WARNING: [filemgmt 56-199] Attempt to get parsing info during refresh. "On-the-fly" syntax checking information may be incorrect. [C:\practice_project\testa_runt\testa_runt.srcs\sources_1\new\calculator.v:]
WARNING: [filemgmt 56-199] Attempt to get parsing info during refresh. "On-the-fly" syntax checking information may be incorrect. [C:\practice_project\testa_runt\testa_runt.srcs\sources_1\new\calculator.v:]
WARNING: [filemgmt 56-199] Attempt to get parsing info during refresh. "On-the-fly" syntax checking information may be incorrect. [C:\practice_project\testa_runt\testa_runt.srcs\sources_1\new\calculator.v:]
WARNING: [filemgmt 56-199] Attempt to get parsing info during refresh. "On-the-fly" syntax checking information may be incorrect. [C:\practice_project\testa_runt\testa_runt.srcs\sources_1\new\My_Top_Module.v:]
WARNING: [filemgmt 56-199] Attempt to get parsing info during refresh. "On-the-fly" syntax checking information may be incorrect. [C:\practice_project\testa_runt\testa_runt.srcs\sources_1\new\task1.v:]
WARNING: [filemgmt 56-199] Attempt to get parsing info during refresh. "On-the-fly" syntax checking information may be incorrect. [C:\practice_project\testa_runt\testa_runt.srcs\sources_1\new\calculator.v:]
WARNING: [filemgmt 56-199] Attempt to get parsing info during refresh. "On-the-fly" syntax checking information may be incorrect. [C:\practice_project\testa_runt\testa_runt.srcs\sources_1\new\task1.v:]
WARNING: [filemgmt 56-199] Attempt to get parsing info during refresh. "On-the-fly" syntax checking information may be incorrect. [C:\practice_project\testa_runt\testa_runt.srcs\sources_1\new\task1.v:]
ERROR: [Common 17-180] Spawn failed: Åtgärden har slutförts.

WARNING: [filemgmt 56-199] Attempt to get parsing info during refresh. "On-the-fly" syntax checking information may be incorrect. [C:\practice_project\testa_runt\testa_runt.srcs\sources_1\new\My_Top_Module.v:]
WARNING: [filemgmt 56-199] Attempt to get parsing info during refresh. "On-the-fly" syntax checking information may be incorrect. [C:\practice_project\testa_runt\testa_runt.srcs\sources_1\new\task1.v:]
WARNING: [filemgmt 56-199] Attempt to get parsing info during refresh. "On-the-fly" syntax checking information may be incorrect. [C:\practice_project\testa_runt\testa_runt.srcs\sources_1\new\calculator.v:]
WARNING: [filemgmt 56-199] Attempt to get parsing info during refresh. "On-the-fly" syntax checking information may be incorrect. [C:\practice_project\testa_runt\testa_runt.srcs\sources_1\new\calculator.v:]
WARNING: [filemgmt 56-199] Attempt to get parsing info during refresh. "On-the-fly" syntax checking information may be incorrect. [C:\practice_project\testa_runt\testa_runt.srcs\sources_1\new\calculator.v:]
WARNING: [filemgmt 56-199] Attempt to get parsing info during refresh. "On-the-fly" syntax checking information may be incorrect. [C:\practice_project\testa_runt\testa_runt.srcs\sources_1\new\My_Top_Module.v:]
WARNING: [filemgmt 56-199] Attempt to get parsing info during refresh. "On-the-fly" syntax checking information may be incorrect. [C:\practice_project\testa_runt\testa_runt.srcs\sources_1\new\task1.v:]
WARNING: [filemgmt 56-199] Attempt to get parsing info during refresh. "On-the-fly" syntax checking information may be incorrect. [C:\practice_project\testa_runt\testa_runt.srcs\sources_1\new\calculator.v:]
WARNING: [filemgmt 56-199] Attempt to get parsing info during refresh. "On-the-fly" syntax checking information may be incorrect. [C:\practice_project\testa_runt\testa_runt.srcs\sources_1\new\calculator.v:]
WARNING: [filemgmt 56-199] Attempt to get parsing info during refresh. "On-the-fly" syntax checking information may be incorrect. [C:\practice_project\testa_runt\testa_runt.srcs\sources_1\new\calculator.v:]
ERROR: [Common 17-180] Spawn failed: Åtgärden har slutförts.

WARNING: [filemgmt 56-199] Attempt to get parsing info during refresh. "On-the-fly" syntax checking information may be incorrect. [C:\practice_project\testa_runt\testa_runt.srcs\sources_1\new\My_Top_Module.v:]
WARNING: [filemgmt 56-199] Attempt to get parsing info during refresh. "On-the-fly" syntax checking information may be incorrect. [C:\practice_project\testa_runt\testa_runt.srcs\sources_1\new\task1.v:]
WARNING: [filemgmt 56-199] Attempt to get parsing info during refresh. "On-the-fly" syntax checking information may be incorrect. [C:\practice_project\testa_runt\testa_runt.srcs\sources_1\new\calculator.v:]
WARNING: [filemgmt 56-199] Attempt to get parsing info during refresh. "On-the-fly" syntax checking information may be incorrect. [C:\practice_project\testa_runt\testa_runt.srcs\sources_1\new\My_Top_Module.v:]
WARNING: [filemgmt 56-199] Attempt to get parsing info during refresh. "On-the-fly" syntax checking information may be incorrect. [C:\practice_project\testa_runt\testa_runt.srcs\sources_1\new\My_Top_Module.v:]
ERROR: [Common 17-180] Spawn failed: Åtgärden har slutförts.

WARNING: [filemgmt 56-199] Attempt to get parsing info during refresh. "On-the-fly" syntax checking information may be incorrect. [C:\practice_project\testa_runt\testa_runt.srcs\sources_1\new\My_Top_Module.v:]
WARNING: [filemgmt 56-199] Attempt to get parsing info during refresh. "On-the-fly" syntax checking information may be incorrect. [C:\practice_project\testa_runt\testa_runt.srcs\sources_1\new\task1.v:]
WARNING: [filemgmt 56-199] Attempt to get parsing info during refresh. "On-the-fly" syntax checking information may be incorrect. [C:\practice_project\testa_runt\testa_runt.srcs\sources_1\new\calculator.v:]
WARNING: [filemgmt 56-199] Attempt to get parsing info during refresh. "On-the-fly" syntax checking information may be incorrect. [C:\practice_project\testa_runt\testa_runt.srcs\sources_1\new\My_Top_Module.v:]
WARNING: [filemgmt 56-199] Attempt to get parsing info during refresh. "On-the-fly" syntax checking information may be incorrect. [C:\practice_project\testa_runt\testa_runt.srcs\sources_1\new\My_Top_Module.v:]
WARNING: [filemgmt 56-199] Attempt to get parsing info during refresh. "On-the-fly" syntax checking information may be incorrect. [C:\practice_project\testa_runt\testa_runt.srcs\sources_1\new\My_Top_Module.v:]
WARNING: [filemgmt 56-199] Attempt to get parsing info during refresh. "On-the-fly" syntax checking information may be incorrect. [C:\practice_project\testa_runt\testa_runt.srcs\sources_1\new\task1.v:]
WARNING: [filemgmt 56-199] Attempt to get parsing info during refresh. "On-the-fly" syntax checking information may be incorrect. [C:\practice_project\testa_runt\testa_runt.srcs\sources_1\new\calculator.v:]
WARNING: [filemgmt 56-199] Attempt to get parsing info during refresh. "On-the-fly" syntax checking information may be incorrect. [C:\practice_project\testa_runt\testa_runt.srcs\sources_1\new\calculator.v:]
WARNING: [filemgmt 56-199] Attempt to get parsing info during refresh. "On-the-fly" syntax checking information may be incorrect. [C:\practice_project\testa_runt\testa_runt.srcs\sources_1\new\calculator.v:]
WARNING: [filemgmt 56-199] Attempt to get parsing info during refresh. "On-the-fly" syntax checking information may be incorrect. [C:\practice_project\testa_runt\testa_runt.srcs\sources_1\new\My_Top_Module.v:]
WARNING: [filemgmt 56-199] Attempt to get parsing info during refresh. "On-the-fly" syntax checking information may be incorrect. [C:\practice_project\testa_runt\testa_runt.srcs\sources_1\new\task1.v:]
WARNING: [filemgmt 56-199] Attempt to get parsing info during refresh. "On-the-fly" syntax checking information may be incorrect. [C:\practice_project\testa_runt\testa_runt.srcs\sources_1\new\calculator.v:]
WARNING: [filemgmt 56-199] Attempt to get parsing info during refresh. "On-the-fly" syntax checking information may be incorrect. [C:\practice_project\testa_runt\testa_runt.srcs\sources_1\new\calculator.v:]
WARNING: [filemgmt 56-199] Attempt to get parsing info during refresh. "On-the-fly" syntax checking information may be incorrect. [C:\practice_project\testa_runt\testa_runt.srcs\sources_1\new\calculator.v:]
WARNING: [filemgmt 56-199] Attempt to get parsing info during refresh. "On-the-fly" syntax checking information may be incorrect. [C:\practice_project\testa_runt\testa_runt.srcs\sources_1\new\My_Top_Module.v:]
WARNING: [filemgmt 56-199] Attempt to get parsing info during refresh. "On-the-fly" syntax checking information may be incorrect. [C:\practice_project\testa_runt\testa_runt.srcs\sources_1\new\task1.v:]
WARNING: [filemgmt 56-199] Attempt to get parsing info during refresh. "On-the-fly" syntax checking information may be incorrect. [C:\practice_project\testa_runt\testa_runt.srcs\sources_1\new\calculator.v:]
WARNING: [filemgmt 56-199] Attempt to get parsing info during refresh. "On-the-fly" syntax checking information may be incorrect. [C:\practice_project\testa_runt\testa_runt.srcs\sources_1\new\My_Top_Module.v:]
WARNING: [filemgmt 56-199] Attempt to get parsing info during refresh. "On-the-fly" syntax checking information may be incorrect. [C:\practice_project\testa_runt\testa_runt.srcs\sources_1\new\My_Top_Module.v:]
WARNING: [filemgmt 56-199] Attempt to get parsing info during refresh. "On-the-fly" syntax checking information may be incorrect. [C:\practice_project\testa_runt\testa_runt.srcs\sources_1\new\My_Top_Module.v:]
WARNING: [filemgmt 56-199] Attempt to get parsing info during refresh. "On-the-fly" syntax checking information may be incorrect. [C:\practice_project\testa_runt\testa_runt.srcs\sources_1\new\task1.v:]
WARNING: [filemgmt 56-199] Attempt to get parsing info during refresh. "On-the-fly" syntax checking information may be incorrect. [C:\practice_project\testa_runt\testa_runt.srcs\sources_1\new\calculator.v:]
WARNING: [filemgmt 56-199] Attempt to get parsing info during refresh. "On-the-fly" syntax checking information may be incorrect. [C:\practice_project\testa_runt\testa_runt.srcs\sources_1\new\task1.v:]
WARNING: [filemgmt 56-199] Attempt to get parsing info during refresh. "On-the-fly" syntax checking information may be incorrect. [C:\practice_project\testa_runt\testa_runt.srcs\sources_1\new\task1.v:]
WARNING: [filemgmt 56-199] Attempt to get parsing info during refresh. "On-the-fly" syntax checking information may be incorrect. [C:\practice_project\testa_runt\testa_runt.srcs\sources_1\new\My_Top_Module.v:]
WARNING: [filemgmt 56-199] Attempt to get parsing info during refresh. "On-the-fly" syntax checking information may be incorrect. [C:\practice_project\testa_runt\testa_runt.srcs\sources_1\new\task1.v:]
WARNING: [filemgmt 56-199] Attempt to get parsing info during refresh. "On-the-fly" syntax checking information may be incorrect. [C:\practice_project\testa_runt\testa_runt.srcs\sources_1\new\calculator.v:]
WARNING: [filemgmt 56-199] Attempt to get parsing info during refresh. "On-the-fly" syntax checking information may be incorrect. [C:\practice_project\testa_runt\testa_runt.srcs\sources_1\new\task1.v:]
WARNING: [filemgmt 56-199] Attempt to get parsing info during refresh. "On-the-fly" syntax checking information may be incorrect. [C:\practice_project\testa_runt\testa_runt.srcs\sources_1\new\task1.v:]
WARNING: [filemgmt 56-199] Attempt to get parsing info during refresh. "On-the-fly" syntax checking information may be incorrect. [C:\practice_project\testa_runt\testa_runt.srcs\sources_1\new\My_Top_Module.v:]
WARNING: [filemgmt 56-199] Attempt to get parsing info during refresh. "On-the-fly" syntax checking information may be incorrect. [C:\practice_project\testa_runt\testa_runt.srcs\sources_1\new\task1.v:]
WARNING: [filemgmt 56-199] Attempt to get parsing info during refresh. "On-the-fly" syntax checking information may be incorrect. [C:\practice_project\testa_runt\testa_runt.srcs\sources_1\new\calculator.v:]
WARNING: [filemgmt 56-199] Attempt to get parsing info during refresh. "On-the-fly" syntax checking information may be incorrect. [C:\practice_project\testa_runt\testa_runt.srcs\sources_1\new\calculator.v:]
WARNING: [filemgmt 56-199] Attempt to get parsing info during refresh. "On-the-fly" syntax checking information may be incorrect. [C:\practice_project\testa_runt\testa_runt.srcs\sources_1\new\calculator.v:]
WARNING: [filemgmt 56-199] Attempt to get parsing info during refresh. "On-the-fly" syntax checking information may be incorrect. [C:\practice_project\testa_runt\testa_runt.srcs\sources_1\new\My_Top_Module.v:]
WARNING: [filemgmt 56-199] Attempt to get parsing info during refresh. "On-the-fly" syntax checking information may be incorrect. [C:\practice_project\testa_runt\testa_runt.srcs\sources_1\new\task1.v:]
WARNING: [filemgmt 56-199] Attempt to get parsing info during refresh. "On-the-fly" syntax checking information may be incorrect. [C:\practice_project\testa_runt\testa_runt.srcs\sources_1\new\calculator.v:]
WARNING: [filemgmt 56-199] Attempt to get parsing info during refresh. "On-the-fly" syntax checking information may be incorrect. [C:\practice_project\testa_runt\testa_runt.srcs\sources_1\new\task1.v:]
WARNING: [filemgmt 56-199] Attempt to get parsing info during refresh. "On-the-fly" syntax checking information may be incorrect. [C:\practice_project\testa_runt\testa_runt.srcs\sources_1\new\task1.v:]
WARNING: [filemgmt 56-199] Attempt to get parsing info during refresh. "On-the-fly" syntax checking information may be incorrect. [C:\practice_project\testa_runt\testa_runt.srcs\sources_1\new\My_Top_Module.v:]
WARNING: [filemgmt 56-199] Attempt to get parsing info during refresh. "On-the-fly" syntax checking information may be incorrect. [C:\practice_project\testa_runt\testa_runt.srcs\sources_1\new\task1.v:]
WARNING: [filemgmt 56-199] Attempt to get parsing info during refresh. "On-the-fly" syntax checking information may be incorrect. [C:\practice_project\testa_runt\testa_runt.srcs\sources_1\new\calculator.v:]
WARNING: [filemgmt 56-199] Attempt to get parsing info during refresh. "On-the-fly" syntax checking information may be incorrect. [C:\practice_project\testa_runt\testa_runt.srcs\sources_1\new\My_Top_Module.v:]
WARNING: [filemgmt 56-199] Attempt to get parsing info during refresh. "On-the-fly" syntax checking information may be incorrect. [C:\practice_project\testa_runt\testa_runt.srcs\sources_1\new\My_Top_Module.v:]
WARNING: [filemgmt 56-199] Attempt to get parsing info during refresh. "On-the-fly" syntax checking information may be incorrect. [C:\practice_project\testa_runt\testa_runt.srcs\sources_1\new\My_Top_Module.v:]
WARNING: [filemgmt 56-199] Attempt to get parsing info during refresh. "On-the-fly" syntax checking information may be incorrect. [C:\practice_project\testa_runt\testa_runt.srcs\sources_1\new\task1.v:]
WARNING: [filemgmt 56-199] Attempt to get parsing info during refresh. "On-the-fly" syntax checking information may be incorrect. [C:\practice_project\testa_runt\testa_runt.srcs\sources_1\new\calculator.v:]
WARNING: [filemgmt 56-199] Attempt to get parsing info during refresh. "On-the-fly" syntax checking information may be incorrect. [C:\practice_project\testa_runt\testa_runt.srcs\sources_1\new\calculator.v:]
WARNING: [filemgmt 56-199] Attempt to get parsing info during refresh. "On-the-fly" syntax checking information may be incorrect. [C:\practice_project\testa_runt\testa_runt.srcs\sources_1\new\calculator.v:]
WARNING: [filemgmt 56-199] Attempt to get parsing info during refresh. "On-the-fly" syntax checking information may be incorrect. [C:\practice_project\testa_runt\testa_runt.srcs\sources_1\new\My_Top_Module.v:]
WARNING: [filemgmt 56-199] Attempt to get parsing info during refresh. "On-the-fly" syntax checking information may be incorrect. [C:\practice_project\testa_runt\testa_runt.srcs\sources_1\new\task1.v:]
WARNING: [filemgmt 56-199] Attempt to get parsing info during refresh. "On-the-fly" syntax checking information may be incorrect. [C:\practice_project\testa_runt\testa_runt.srcs\sources_1\new\calculator.v:]
WARNING: [filemgmt 56-199] Attempt to get parsing info during refresh. "On-the-fly" syntax checking information may be incorrect. [C:\practice_project\testa_runt\testa_runt.srcs\sources_1\new\calculator.v:]
WARNING: [filemgmt 56-199] Attempt to get parsing info during refresh. "On-the-fly" syntax checking information may be incorrect. [C:\practice_project\testa_runt\testa_runt.srcs\sources_1\new\calculator.v:]
WARNING: [filemgmt 56-199] Attempt to get parsing info during refresh. "On-the-fly" syntax checking information may be incorrect. [C:\practice_project\testa_runt\testa_runt.srcs\sources_1\new\My_Top_Module.v:]
WARNING: [filemgmt 56-199] Attempt to get parsing info during refresh. "On-the-fly" syntax checking information may be incorrect. [C:\practice_project\testa_runt\testa_runt.srcs\sources_1\new\task1.v:]
WARNING: [filemgmt 56-199] Attempt to get parsing info during refresh. "On-the-fly" syntax checking information may be incorrect. [C:\practice_project\testa_runt\testa_runt.srcs\sources_1\new\calculator.v:]
WARNING: [filemgmt 56-199] Attempt to get parsing info during refresh. "On-the-fly" syntax checking information may be incorrect. [C:\practice_project\testa_runt\testa_runt.srcs\sources_1\new\task1.v:]
WARNING: [filemgmt 56-199] Attempt to get parsing info during refresh. "On-the-fly" syntax checking information may be incorrect. [C:\practice_project\testa_runt\testa_runt.srcs\sources_1\new\task1.v:]
ERROR: [Common 17-180] Spawn failed: Åtgärden har slutförts.

WARNING: [filemgmt 56-199] Attempt to get parsing info during refresh. "On-the-fly" syntax checking information may be incorrect. [C:\practice_project\testa_runt\testa_runt.srcs\sources_1\new\My_Top_Module.v:]
WARNING: [filemgmt 56-199] Attempt to get parsing info during refresh. "On-the-fly" syntax checking information may be incorrect. [C:\practice_project\testa_runt\testa_runt.srcs\sources_1\new\task1.v:]
WARNING: [filemgmt 56-199] Attempt to get parsing info during refresh. "On-the-fly" syntax checking information may be incorrect. [C:\practice_project\testa_runt\testa_runt.srcs\sources_1\new\calculator.v:]
WARNING: [filemgmt 56-199] Attempt to get parsing info during refresh. "On-the-fly" syntax checking information may be incorrect. [C:\practice_project\testa_runt\testa_runt.srcs\sources_1\new\task1.v:]
WARNING: [filemgmt 56-199] Attempt to get parsing info during refresh. "On-the-fly" syntax checking information may be incorrect. [C:\practice_project\testa_runt\testa_runt.srcs\sources_1\new\task1.v:]
WARNING: [filemgmt 56-199] Attempt to get parsing info during refresh. "On-the-fly" syntax checking information may be incorrect. [C:\practice_project\testa_runt\testa_runt.srcs\sources_1\new\My_Top_Module.v:]
WARNING: [filemgmt 56-199] Attempt to get parsing info during refresh. "On-the-fly" syntax checking information may be incorrect. [C:\practice_project\testa_runt\testa_runt.srcs\sources_1\new\task1.v:]
WARNING: [filemgmt 56-199] Attempt to get parsing info during refresh. "On-the-fly" syntax checking information may be incorrect. [C:\practice_project\testa_runt\testa_runt.srcs\sources_1\new\calculator.v:]
WARNING: [filemgmt 56-199] Attempt to get parsing info during refresh. "On-the-fly" syntax checking information may be incorrect. [C:\practice_project\testa_runt\testa_runt.srcs\sources_1\new\calculator.v:]
WARNING: [filemgmt 56-199] Attempt to get parsing info during refresh. "On-the-fly" syntax checking information may be incorrect. [C:\practice_project\testa_runt\testa_runt.srcs\sources_1\new\calculator.v:]
ERROR: [Common 17-180] Spawn failed: Åtgärden har slutförts.

update_compile_order -fileset sources_1
WARNING: [filemgmt 56-199] Attempt to get parsing info during refresh. "On-the-fly" syntax checking information may be incorrect. [C:\practice_project\testa_runt\testa_runt.srcs\sources_1\new\My_Top_Module.v:]
WARNING: [filemgmt 56-199] Attempt to get parsing info during refresh. "On-the-fly" syntax checking information may be incorrect. [C:\practice_project\testa_runt\testa_runt.srcs\sources_1\new\task1.v:]
WARNING: [filemgmt 56-199] Attempt to get parsing info during refresh. "On-the-fly" syntax checking information may be incorrect. [C:\practice_project\testa_runt\testa_runt.srcs\sources_1\new\calculator.v:]
WARNING: [filemgmt 56-199] Attempt to get parsing info during refresh. "On-the-fly" syntax checking information may be incorrect. [C:\practice_project\testa_runt\testa_runt.srcs\sources_1\new\My_Top_Module.v:]
WARNING: [filemgmt 56-199] Attempt to get parsing info during refresh. "On-the-fly" syntax checking information may be incorrect. [C:\practice_project\testa_runt\testa_runt.srcs\sources_1\new\My_Top_Module.v:]
WARNING: [filemgmt 56-199] Attempt to get parsing info during refresh. "On-the-fly" syntax checking information may be incorrect. [C:\practice_project\testa_runt\testa_runt.srcs\sources_1\new\My_Top_Module.v:]
WARNING: [filemgmt 56-199] Attempt to get parsing info during refresh. "On-the-fly" syntax checking information may be incorrect. [C:\practice_project\testa_runt\testa_runt.srcs\sources_1\new\task1.v:]
WARNING: [filemgmt 56-199] Attempt to get parsing info during refresh. "On-the-fly" syntax checking information may be incorrect. [C:\practice_project\testa_runt\testa_runt.srcs\sources_1\new\calculator.v:]
WARNING: [filemgmt 56-199] Attempt to get parsing info during refresh. "On-the-fly" syntax checking information may be incorrect. [C:\practice_project\testa_runt\testa_runt.srcs\sources_1\new\task1.v:]
WARNING: [filemgmt 56-199] Attempt to get parsing info during refresh. "On-the-fly" syntax checking information may be incorrect. [C:\practice_project\testa_runt\testa_runt.srcs\sources_1\new\task1.v:]
WARNING: [filemgmt 56-199] Attempt to get parsing info during refresh. "On-the-fly" syntax checking information may be incorrect. [C:\practice_project\testa_runt\testa_runt.srcs\sources_1\new\My_Top_Module.v:]
WARNING: [filemgmt 56-199] Attempt to get parsing info during refresh. "On-the-fly" syntax checking information may be incorrect. [C:\practice_project\testa_runt\testa_runt.srcs\sources_1\new\task1.v:]
WARNING: [filemgmt 56-199] Attempt to get parsing info during refresh. "On-the-fly" syntax checking information may be incorrect. [C:\practice_project\testa_runt\testa_runt.srcs\sources_1\new\calculator.v:]
WARNING: [filemgmt 56-199] Attempt to get parsing info during refresh. "On-the-fly" syntax checking information may be incorrect. [C:\practice_project\testa_runt\testa_runt.srcs\sources_1\new\My_Top_Module.v:]
WARNING: [filemgmt 56-199] Attempt to get parsing info during refresh. "On-the-fly" syntax checking information may be incorrect. [C:\practice_project\testa_runt\testa_runt.srcs\sources_1\new\My_Top_Module.v:]
WARNING: [filemgmt 56-199] Attempt to get parsing info during refresh. "On-the-fly" syntax checking information may be incorrect. [C:\practice_project\testa_runt\testa_runt.srcs\sources_1\new\My_Top_Module.v:]
WARNING: [filemgmt 56-199] Attempt to get parsing info during refresh. "On-the-fly" syntax checking information may be incorrect. [C:\practice_project\testa_runt\testa_runt.srcs\sources_1\new\task1.v:]
WARNING: [filemgmt 56-199] Attempt to get parsing info during refresh. "On-the-fly" syntax checking information may be incorrect. [C:\practice_project\testa_runt\testa_runt.srcs\sources_1\new\calculator.v:]
WARNING: [filemgmt 56-199] Attempt to get parsing info during refresh. "On-the-fly" syntax checking information may be incorrect. [C:\practice_project\testa_runt\testa_runt.srcs\sources_1\new\task1.v:]
WARNING: [filemgmt 56-199] Attempt to get parsing info during refresh. "On-the-fly" syntax checking information may be incorrect. [C:\practice_project\testa_runt\testa_runt.srcs\sources_1\new\task1.v:]
WARNING: [filemgmt 56-199] Attempt to get parsing info during refresh. "On-the-fly" syntax checking information may be incorrect. [C:\practice_project\testa_runt\testa_runt.srcs\sources_1\new\My_Top_Module.v:]
WARNING: [filemgmt 56-199] Attempt to get parsing info during refresh. "On-the-fly" syntax checking information may be incorrect. [C:\practice_project\testa_runt\testa_runt.srcs\sources_1\new\task1.v:]
WARNING: [filemgmt 56-199] Attempt to get parsing info during refresh. "On-the-fly" syntax checking information may be incorrect. [C:\practice_project\testa_runt\testa_runt.srcs\sources_1\new\calculator.v:]
WARNING: [filemgmt 56-199] Attempt to get parsing info during refresh. "On-the-fly" syntax checking information may be incorrect. [C:\practice_project\testa_runt\testa_runt.srcs\sources_1\new\calculator.v:]
WARNING: [filemgmt 56-199] Attempt to get parsing info during refresh. "On-the-fly" syntax checking information may be incorrect. [C:\practice_project\testa_runt\testa_runt.srcs\sources_1\new\calculator.v:]
WARNING: [filemgmt 56-199] Attempt to get parsing info during refresh. "On-the-fly" syntax checking information may be incorrect. [C:\practice_project\testa_runt\testa_runt.srcs\sources_1\new\My_Top_Module.v:]
WARNING: [filemgmt 56-199] Attempt to get parsing info during refresh. "On-the-fly" syntax checking information may be incorrect. [C:\practice_project\testa_runt\testa_runt.srcs\sources_1\new\task1.v:]
WARNING: [filemgmt 56-199] Attempt to get parsing info during refresh. "On-the-fly" syntax checking information may be incorrect. [C:\practice_project\testa_runt\testa_runt.srcs\sources_1\new\calculator.v:]
WARNING: [filemgmt 56-199] Attempt to get parsing info during refresh. "On-the-fly" syntax checking information may be incorrect. [C:\practice_project\testa_runt\testa_runt.srcs\sources_1\new\My_Top_Module.v:]
WARNING: [filemgmt 56-199] Attempt to get parsing info during refresh. "On-the-fly" syntax checking information may be incorrect. [C:\practice_project\testa_runt\testa_runt.srcs\sources_1\new\My_Top_Module.v:]
WARNING: [filemgmt 56-199] Attempt to get parsing info during refresh. "On-the-fly" syntax checking information may be incorrect. [C:\practice_project\testa_runt\testa_runt.srcs\sources_1\new\My_Top_Module.v:]
WARNING: [filemgmt 56-199] Attempt to get parsing info during refresh. "On-the-fly" syntax checking information may be incorrect. [C:\practice_project\testa_runt\testa_runt.srcs\sources_1\new\task1.v:]
WARNING: [filemgmt 56-199] Attempt to get parsing info during refresh. "On-the-fly" syntax checking information may be incorrect. [C:\practice_project\testa_runt\testa_runt.srcs\sources_1\new\calculator.v:]
WARNING: [filemgmt 56-199] Attempt to get parsing info during refresh. "On-the-fly" syntax checking information may be incorrect. [C:\practice_project\testa_runt\testa_runt.srcs\sources_1\new\task1.v:]
WARNING: [filemgmt 56-199] Attempt to get parsing info during refresh. "On-the-fly" syntax checking information may be incorrect. [C:\practice_project\testa_runt\testa_runt.srcs\sources_1\new\task1.v:]
ERROR: [Common 17-180] Spawn failed: Åtgärden har slutförts.

WARNING: [filemgmt 56-199] Attempt to get parsing info during refresh. "On-the-fly" syntax checking information may be incorrect. [C:\practice_project\testa_runt\testa_runt.srcs\sources_1\new\My_Top_Module.v:]
WARNING: [filemgmt 56-199] Attempt to get parsing info during refresh. "On-the-fly" syntax checking information may be incorrect. [C:\practice_project\testa_runt\testa_runt.srcs\sources_1\new\task1.v:]
WARNING: [filemgmt 56-199] Attempt to get parsing info during refresh. "On-the-fly" syntax checking information may be incorrect. [C:\practice_project\testa_runt\testa_runt.srcs\sources_1\new\calculator.v:]
WARNING: [filemgmt 56-199] Attempt to get parsing info during refresh. "On-the-fly" syntax checking information may be incorrect. [C:\practice_project\testa_runt\testa_runt.srcs\sources_1\new\calculator.v:]
WARNING: [filemgmt 56-199] Attempt to get parsing info during refresh. "On-the-fly" syntax checking information may be incorrect. [C:\practice_project\testa_runt\testa_runt.srcs\sources_1\new\calculator.v:]
WARNING: [filemgmt 56-199] Attempt to get parsing info during refresh. "On-the-fly" syntax checking information may be incorrect. [C:\practice_project\testa_runt\testa_runt.srcs\sources_1\new\My_Top_Module.v:]
WARNING: [filemgmt 56-199] Attempt to get parsing info during refresh. "On-the-fly" syntax checking information may be incorrect. [C:\practice_project\testa_runt\testa_runt.srcs\sources_1\new\task1.v:]
WARNING: [filemgmt 56-199] Attempt to get parsing info during refresh. "On-the-fly" syntax checking information may be incorrect. [C:\practice_project\testa_runt\testa_runt.srcs\sources_1\new\calculator.v:]
WARNING: [filemgmt 56-199] Attempt to get parsing info during refresh. "On-the-fly" syntax checking information may be incorrect. [C:\practice_project\testa_runt\testa_runt.srcs\sources_1\new\task1.v:]
WARNING: [filemgmt 56-199] Attempt to get parsing info during refresh. "On-the-fly" syntax checking information may be incorrect. [C:\practice_project\testa_runt\testa_runt.srcs\sources_1\new\task1.v:]
ERROR: [Common 17-180] Spawn failed: Åtgärden har slutförts.

WARNING: [filemgmt 56-199] Attempt to get parsing info during refresh. "On-the-fly" syntax checking information may be incorrect. [C:\practice_project\testa_runt\testa_runt.srcs\sources_1\new\My_Top_Module.v:]
WARNING: [filemgmt 56-199] Attempt to get parsing info during refresh. "On-the-fly" syntax checking information may be incorrect. [C:\practice_project\testa_runt\testa_runt.srcs\sources_1\new\task1.v:]
WARNING: [filemgmt 56-199] Attempt to get parsing info during refresh. "On-the-fly" syntax checking information may be incorrect. [C:\practice_project\testa_runt\testa_runt.srcs\sources_1\new\calculator.v:]
WARNING: [filemgmt 56-199] Attempt to get parsing info during refresh. "On-the-fly" syntax checking information may be incorrect. [C:\practice_project\testa_runt\testa_runt.srcs\sources_1\new\calculator.v:]
WARNING: [filemgmt 56-199] Attempt to get parsing info during refresh. "On-the-fly" syntax checking information may be incorrect. [C:\practice_project\testa_runt\testa_runt.srcs\sources_1\new\calculator.v:]
WARNING: [filemgmt 56-199] Attempt to get parsing info during refresh. "On-the-fly" syntax checking information may be incorrect. [C:\practice_project\testa_runt\testa_runt.srcs\sources_1\new\My_Top_Module.v:]
WARNING: [filemgmt 56-199] Attempt to get parsing info during refresh. "On-the-fly" syntax checking information may be incorrect. [C:\practice_project\testa_runt\testa_runt.srcs\sources_1\new\task1.v:]
WARNING: [filemgmt 56-199] Attempt to get parsing info during refresh. "On-the-fly" syntax checking information may be incorrect. [C:\practice_project\testa_runt\testa_runt.srcs\sources_1\new\calculator.v:]
WARNING: [filemgmt 56-199] Attempt to get parsing info during refresh. "On-the-fly" syntax checking information may be incorrect. [C:\practice_project\testa_runt\testa_runt.srcs\sources_1\new\My_Top_Module.v:]
WARNING: [filemgmt 56-199] Attempt to get parsing info during refresh. "On-the-fly" syntax checking information may be incorrect. [C:\practice_project\testa_runt\testa_runt.srcs\sources_1\new\My_Top_Module.v:]
WARNING: [filemgmt 56-199] Attempt to get parsing info during refresh. "On-the-fly" syntax checking information may be incorrect. [C:\practice_project\testa_runt\testa_runt.srcs\sources_1\new\My_Top_Module.v:]
WARNING: [filemgmt 56-199] Attempt to get parsing info during refresh. "On-the-fly" syntax checking information may be incorrect. [C:\practice_project\testa_runt\testa_runt.srcs\sources_1\new\task1.v:]
WARNING: [filemgmt 56-199] Attempt to get parsing info during refresh. "On-the-fly" syntax checking information may be incorrect. [C:\practice_project\testa_runt\testa_runt.srcs\sources_1\new\calculator.v:]
WARNING: [filemgmt 56-199] Attempt to get parsing info during refresh. "On-the-fly" syntax checking information may be incorrect. [C:\practice_project\testa_runt\testa_runt.srcs\sources_1\new\task1.v:]
WARNING: [filemgmt 56-199] Attempt to get parsing info during refresh. "On-the-fly" syntax checking information may be incorrect. [C:\practice_project\testa_runt\testa_runt.srcs\sources_1\new\task1.v:]
WARNING: [filemgmt 56-199] Attempt to get parsing info during refresh. "On-the-fly" syntax checking information may be incorrect. [C:\practice_project\testa_runt\testa_runt.srcs\sources_1\new\My_Top_Module.v:]
WARNING: [filemgmt 56-199] Attempt to get parsing info during refresh. "On-the-fly" syntax checking information may be incorrect. [C:\practice_project\testa_runt\testa_runt.srcs\sources_1\new\task1.v:]
WARNING: [filemgmt 56-199] Attempt to get parsing info during refresh. "On-the-fly" syntax checking information may be incorrect. [C:\practice_project\testa_runt\testa_runt.srcs\sources_1\new\calculator.v:]
WARNING: [filemgmt 56-199] Attempt to get parsing info during refresh. "On-the-fly" syntax checking information may be incorrect. [C:\practice_project\testa_runt\testa_runt.srcs\sources_1\new\My_Top_Module.v:]
WARNING: [filemgmt 56-199] Attempt to get parsing info during refresh. "On-the-fly" syntax checking information may be incorrect. [C:\practice_project\testa_runt\testa_runt.srcs\sources_1\new\My_Top_Module.v:]
WARNING: [filemgmt 56-199] Attempt to get parsing info during refresh. "On-the-fly" syntax checking information may be incorrect. [C:\practice_project\testa_runt\testa_runt.srcs\sources_1\new\My_Top_Module.v:]
WARNING: [filemgmt 56-199] Attempt to get parsing info during refresh. "On-the-fly" syntax checking information may be incorrect. [C:\practice_project\testa_runt\testa_runt.srcs\sources_1\new\task1.v:]
WARNING: [filemgmt 56-199] Attempt to get parsing info during refresh. "On-the-fly" syntax checking information may be incorrect. [C:\practice_project\testa_runt\testa_runt.srcs\sources_1\new\calculator.v:]
WARNING: [filemgmt 56-199] Attempt to get parsing info during refresh. "On-the-fly" syntax checking information may be incorrect. [C:\practice_project\testa_runt\testa_runt.srcs\sources_1\new\task1.v:]
WARNING: [filemgmt 56-199] Attempt to get parsing info during refresh. "On-the-fly" syntax checking information may be incorrect. [C:\practice_project\testa_runt\testa_runt.srcs\sources_1\new\task1.v:]
ERROR: [Common 17-180] Spawn failed: Åtgärden har slutförts.

WARNING: [filemgmt 56-199] Attempt to get parsing info during refresh. "On-the-fly" syntax checking information may be incorrect. [C:\practice_project\testa_runt\testa_runt.srcs\sources_1\new\My_Top_Module.v:]
WARNING: [filemgmt 56-199] Attempt to get parsing info during refresh. "On-the-fly" syntax checking information may be incorrect. [C:\practice_project\testa_runt\testa_runt.srcs\sources_1\new\task1.v:]
WARNING: [filemgmt 56-199] Attempt to get parsing info during refresh. "On-the-fly" syntax checking information may be incorrect. [C:\practice_project\testa_runt\testa_runt.srcs\sources_1\new\calculator.v:]
WARNING: [filemgmt 56-199] Attempt to get parsing info during refresh. "On-the-fly" syntax checking information may be incorrect. [C:\practice_project\testa_runt\testa_runt.srcs\sources_1\new\calculator.v:]
WARNING: [filemgmt 56-199] Attempt to get parsing info during refresh. "On-the-fly" syntax checking information may be incorrect. [C:\practice_project\testa_runt\testa_runt.srcs\sources_1\new\calculator.v:]
WARNING: [filemgmt 56-199] Attempt to get parsing info during refresh. "On-the-fly" syntax checking information may be incorrect. [C:\practice_project\testa_runt\testa_runt.srcs\sources_1\new\My_Top_Module.v:]
WARNING: [filemgmt 56-199] Attempt to get parsing info during refresh. "On-the-fly" syntax checking information may be incorrect. [C:\practice_project\testa_runt\testa_runt.srcs\sources_1\new\task1.v:]
WARNING: [filemgmt 56-199] Attempt to get parsing info during refresh. "On-the-fly" syntax checking information may be incorrect. [C:\practice_project\testa_runt\testa_runt.srcs\sources_1\new\calculator.v:]
WARNING: [filemgmt 56-199] Attempt to get parsing info during refresh. "On-the-fly" syntax checking information may be incorrect. [C:\practice_project\testa_runt\testa_runt.srcs\sources_1\new\task1.v:]
WARNING: [filemgmt 56-199] Attempt to get parsing info during refresh. "On-the-fly" syntax checking information may be incorrect. [C:\practice_project\testa_runt\testa_runt.srcs\sources_1\new\task1.v:]
ERROR: [Common 17-180] Spawn failed: Åtgärden har slutförts.

WARNING: [filemgmt 56-199] Attempt to get parsing info during refresh. "On-the-fly" syntax checking information may be incorrect. [C:\practice_project\testa_runt\testa_runt.srcs\sources_1\new\My_Top_Module.v:]
WARNING: [filemgmt 56-199] Attempt to get parsing info during refresh. "On-the-fly" syntax checking information may be incorrect. [C:\practice_project\testa_runt\testa_runt.srcs\sources_1\new\task1.v:]
WARNING: [filemgmt 56-199] Attempt to get parsing info during refresh. "On-the-fly" syntax checking information may be incorrect. [C:\practice_project\testa_runt\testa_runt.srcs\sources_1\new\calculator.v:]
WARNING: [filemgmt 56-199] Attempt to get parsing info during refresh. "On-the-fly" syntax checking information may be incorrect. [C:\practice_project\testa_runt\testa_runt.srcs\sources_1\new\task1.v:]
WARNING: [filemgmt 56-199] Attempt to get parsing info during refresh. "On-the-fly" syntax checking information may be incorrect. [C:\practice_project\testa_runt\testa_runt.srcs\sources_1\new\task1.v:]
WARNING: [filemgmt 56-199] Attempt to get parsing info during refresh. "On-the-fly" syntax checking information may be incorrect. [C:\practice_project\testa_runt\testa_runt.srcs\sources_1\new\My_Top_Module.v:]
WARNING: [filemgmt 56-199] Attempt to get parsing info during refresh. "On-the-fly" syntax checking information may be incorrect. [C:\practice_project\testa_runt\testa_runt.srcs\sources_1\new\task1.v:]
WARNING: [filemgmt 56-199] Attempt to get parsing info during refresh. "On-the-fly" syntax checking information may be incorrect. [C:\practice_project\testa_runt\testa_runt.srcs\sources_1\new\calculator.v:]
WARNING: [filemgmt 56-199] Attempt to get parsing info during refresh. "On-the-fly" syntax checking information may be incorrect. [C:\practice_project\testa_runt\testa_runt.srcs\sources_1\new\calculator.v:]
WARNING: [filemgmt 56-199] Attempt to get parsing info during refresh. "On-the-fly" syntax checking information may be incorrect. [C:\practice_project\testa_runt\testa_runt.srcs\sources_1\new\calculator.v:]
ERROR: [Common 17-180] Spawn failed: Åtgärden har slutförts.

WARNING: [filemgmt 56-199] Attempt to get parsing info during refresh. "On-the-fly" syntax checking information may be incorrect. [C:\practice_project\testa_runt\testa_runt.srcs\sources_1\new\My_Top_Module.v:]
WARNING: [filemgmt 56-199] Attempt to get parsing info during refresh. "On-the-fly" syntax checking information may be incorrect. [C:\practice_project\testa_runt\testa_runt.srcs\sources_1\new\task1.v:]
WARNING: [filemgmt 56-199] Attempt to get parsing info during refresh. "On-the-fly" syntax checking information may be incorrect. [C:\practice_project\testa_runt\testa_runt.srcs\sources_1\new\calculator.v:]
WARNING: [filemgmt 56-199] Attempt to get parsing info during refresh. "On-the-fly" syntax checking information may be incorrect. [C:\practice_project\testa_runt\testa_runt.srcs\sources_1\new\calculator.v:]
WARNING: [filemgmt 56-199] Attempt to get parsing info during refresh. "On-the-fly" syntax checking information may be incorrect. [C:\practice_project\testa_runt\testa_runt.srcs\sources_1\new\calculator.v:]
WARNING: [filemgmt 56-199] Attempt to get parsing info during refresh. "On-the-fly" syntax checking information may be incorrect. [C:\practice_project\testa_runt\testa_runt.srcs\sources_1\new\My_Top_Module.v:]
WARNING: [filemgmt 56-199] Attempt to get parsing info during refresh. "On-the-fly" syntax checking information may be incorrect. [C:\practice_project\testa_runt\testa_runt.srcs\sources_1\new\task1.v:]
WARNING: [filemgmt 56-199] Attempt to get parsing info during refresh. "On-the-fly" syntax checking information may be incorrect. [C:\practice_project\testa_runt\testa_runt.srcs\sources_1\new\calculator.v:]
WARNING: [filemgmt 56-199] Attempt to get parsing info during refresh. "On-the-fly" syntax checking information may be incorrect. [C:\practice_project\testa_runt\testa_runt.srcs\sources_1\new\task1.v:]
WARNING: [filemgmt 56-199] Attempt to get parsing info during refresh. "On-the-fly" syntax checking information may be incorrect. [C:\practice_project\testa_runt\testa_runt.srcs\sources_1\new\task1.v:]
ERROR: [Common 17-180] Spawn failed: Åtgärden har slutförts.

WARNING: [filemgmt 56-199] Attempt to get parsing info during refresh. "On-the-fly" syntax checking information may be incorrect. [C:\practice_project\testa_runt\testa_runt.srcs\sources_1\new\My_Top_Module.v:]
WARNING: [filemgmt 56-199] Attempt to get parsing info during refresh. "On-the-fly" syntax checking information may be incorrect. [C:\practice_project\testa_runt\testa_runt.srcs\sources_1\new\task1.v:]
WARNING: [filemgmt 56-199] Attempt to get parsing info during refresh. "On-the-fly" syntax checking information may be incorrect. [C:\practice_project\testa_runt\testa_runt.srcs\sources_1\new\calculator.v:]
WARNING: [filemgmt 56-199] Attempt to get parsing info during refresh. "On-the-fly" syntax checking information may be incorrect. [C:\practice_project\testa_runt\testa_runt.srcs\sources_1\new\calculator.v:]
WARNING: [filemgmt 56-199] Attempt to get parsing info during refresh. "On-the-fly" syntax checking information may be incorrect. [C:\practice_project\testa_runt\testa_runt.srcs\sources_1\new\calculator.v:]
WARNING: [filemgmt 56-199] Attempt to get parsing info during refresh. "On-the-fly" syntax checking information may be incorrect. [C:\practice_project\testa_runt\testa_runt.srcs\sources_1\new\My_Top_Module.v:]
WARNING: [filemgmt 56-199] Attempt to get parsing info during refresh. "On-the-fly" syntax checking information may be incorrect. [C:\practice_project\testa_runt\testa_runt.srcs\sources_1\new\task1.v:]
WARNING: [filemgmt 56-199] Attempt to get parsing info during refresh. "On-the-fly" syntax checking information may be incorrect. [C:\practice_project\testa_runt\testa_runt.srcs\sources_1\new\calculator.v:]
WARNING: [filemgmt 56-199] Attempt to get parsing info during refresh. "On-the-fly" syntax checking information may be incorrect. [C:\practice_project\testa_runt\testa_runt.srcs\sources_1\new\task1.v:]
WARNING: [filemgmt 56-199] Attempt to get parsing info during refresh. "On-the-fly" syntax checking information may be incorrect. [C:\practice_project\testa_runt\testa_runt.srcs\sources_1\new\task1.v:]
ERROR: [Common 17-180] Spawn failed: Åtgärden har slutförts.

WARNING: [filemgmt 56-199] Attempt to get parsing info during refresh. "On-the-fly" syntax checking information may be incorrect. [C:\practice_project\testa_runt\testa_runt.srcs\sources_1\new\My_Top_Module.v:]
WARNING: [filemgmt 56-199] Attempt to get parsing info during refresh. "On-the-fly" syntax checking information may be incorrect. [C:\practice_project\testa_runt\testa_runt.srcs\sources_1\new\task1.v:]
WARNING: [filemgmt 56-199] Attempt to get parsing info during refresh. "On-the-fly" syntax checking information may be incorrect. [C:\practice_project\testa_runt\testa_runt.srcs\sources_1\new\calculator.v:]
WARNING: [filemgmt 56-199] Attempt to get parsing info during refresh. "On-the-fly" syntax checking information may be incorrect. [C:\practice_project\testa_runt\testa_runt.srcs\sources_1\new\calculator.v:]
WARNING: [filemgmt 56-199] Attempt to get parsing info during refresh. "On-the-fly" syntax checking information may be incorrect. [C:\practice_project\testa_runt\testa_runt.srcs\sources_1\new\calculator.v:]
WARNING: [filemgmt 56-199] Attempt to get parsing info during refresh. "On-the-fly" syntax checking information may be incorrect. [C:\practice_project\testa_runt\testa_runt.srcs\sources_1\new\My_Top_Module.v:]
WARNING: [filemgmt 56-199] Attempt to get parsing info during refresh. "On-the-fly" syntax checking information may be incorrect. [C:\practice_project\testa_runt\testa_runt.srcs\sources_1\new\task1.v:]
WARNING: [filemgmt 56-199] Attempt to get parsing info during refresh. "On-the-fly" syntax checking information may be incorrect. [C:\practice_project\testa_runt\testa_runt.srcs\sources_1\new\calculator.v:]
WARNING: [filemgmt 56-199] Attempt to get parsing info during refresh. "On-the-fly" syntax checking information may be incorrect. [C:\practice_project\testa_runt\testa_runt.srcs\sources_1\new\task1.v:]
WARNING: [filemgmt 56-199] Attempt to get parsing info during refresh. "On-the-fly" syntax checking information may be incorrect. [C:\practice_project\testa_runt\testa_runt.srcs\sources_1\new\task1.v:]
WARNING: [filemgmt 56-199] Attempt to get parsing info during refresh. "On-the-fly" syntax checking information may be incorrect. [C:\practice_project\testa_runt\testa_runt.srcs\sources_1\new\My_Top_Module.v:]
WARNING: [filemgmt 56-199] Attempt to get parsing info during refresh. "On-the-fly" syntax checking information may be incorrect. [C:\practice_project\testa_runt\testa_runt.srcs\sources_1\new\task1.v:]
WARNING: [filemgmt 56-199] Attempt to get parsing info during refresh. "On-the-fly" syntax checking information may be incorrect. [C:\practice_project\testa_runt\testa_runt.srcs\sources_1\new\calculator.v:]
WARNING: [filemgmt 56-199] Attempt to get parsing info during refresh. "On-the-fly" syntax checking information may be incorrect. [C:\practice_project\testa_runt\testa_runt.srcs\sources_1\new\My_Top_Module.v:]
WARNING: [filemgmt 56-199] Attempt to get parsing info during refresh. "On-the-fly" syntax checking information may be incorrect. [C:\practice_project\testa_runt\testa_runt.srcs\sources_1\new\My_Top_Module.v:]
WARNING: [filemgmt 56-199] Attempt to get parsing info during refresh. "On-the-fly" syntax checking information may be incorrect. [C:\practice_project\testa_runt\testa_runt.srcs\sources_1\new\My_Top_Module.v:]
WARNING: [filemgmt 56-199] Attempt to get parsing info during refresh. "On-the-fly" syntax checking information may be incorrect. [C:\practice_project\testa_runt\testa_runt.srcs\sources_1\new\task1.v:]
WARNING: [filemgmt 56-199] Attempt to get parsing info during refresh. "On-the-fly" syntax checking information may be incorrect. [C:\practice_project\testa_runt\testa_runt.srcs\sources_1\new\calculator.v:]
WARNING: [filemgmt 56-199] Attempt to get parsing info during refresh. "On-the-fly" syntax checking information may be incorrect. [C:\practice_project\testa_runt\testa_runt.srcs\sources_1\new\calculator.v:]
WARNING: [filemgmt 56-199] Attempt to get parsing info during refresh. "On-the-fly" syntax checking information may be incorrect. [C:\practice_project\testa_runt\testa_runt.srcs\sources_1\new\calculator.v:]
update_compile_order -fileset sources_1
WARNING: [filemgmt 56-199] Attempt to get parsing info during refresh. "On-the-fly" syntax checking information may be incorrect. [C:\practice_project\testa_runt\testa_runt.srcs\sources_1\new\My_Top_Module.v:]
WARNING: [filemgmt 56-199] Attempt to get parsing info during refresh. "On-the-fly" syntax checking information may be incorrect. [C:\practice_project\testa_runt\testa_runt.srcs\sources_1\new\task1.v:]
WARNING: [filemgmt 56-199] Attempt to get parsing info during refresh. "On-the-fly" syntax checking information may be incorrect. [C:\practice_project\testa_runt\testa_runt.srcs\sources_1\new\calculator.v:]
WARNING: [filemgmt 56-199] Attempt to get parsing info during refresh. "On-the-fly" syntax checking information may be incorrect. [C:\practice_project\testa_runt\testa_runt.srcs\sources_1\new\calculator.v:]
WARNING: [filemgmt 56-199] Attempt to get parsing info during refresh. "On-the-fly" syntax checking information may be incorrect. [C:\practice_project\testa_runt\testa_runt.srcs\sources_1\new\calculator.v:]
ERROR: [Common 17-180] Spawn failed: Åtgärden har slutförts.

WARNING: [filemgmt 56-199] Attempt to get parsing info during refresh. "On-the-fly" syntax checking information may be incorrect. [C:\practice_project\testa_runt\testa_runt.srcs\sources_1\new\My_Top_Module.v:]
WARNING: [filemgmt 56-199] Attempt to get parsing info during refresh. "On-the-fly" syntax checking information may be incorrect. [C:\practice_project\testa_runt\testa_runt.srcs\sources_1\new\task1.v:]
WARNING: [filemgmt 56-199] Attempt to get parsing info during refresh. "On-the-fly" syntax checking information may be incorrect. [C:\practice_project\testa_runt\testa_runt.srcs\sources_1\new\calculator.v:]
WARNING: [filemgmt 56-199] Attempt to get parsing info during refresh. "On-the-fly" syntax checking information may be incorrect. [C:\practice_project\testa_runt\testa_runt.srcs\sources_1\new\My_Top_Module.v:]
WARNING: [filemgmt 56-199] Attempt to get parsing info during refresh. "On-the-fly" syntax checking information may be incorrect. [C:\practice_project\testa_runt\testa_runt.srcs\sources_1\new\My_Top_Module.v:]
ERROR: [Common 17-180] Spawn failed: Åtgärden har slutförts.

WARNING: [filemgmt 56-199] Attempt to get parsing info during refresh. "On-the-fly" syntax checking information may be incorrect. [C:\practice_project\testa_runt\testa_runt.srcs\sources_1\new\My_Top_Module.v:]
WARNING: [filemgmt 56-199] Attempt to get parsing info during refresh. "On-the-fly" syntax checking information may be incorrect. [C:\practice_project\testa_runt\testa_runt.srcs\sources_1\new\task1.v:]
WARNING: [filemgmt 56-199] Attempt to get parsing info during refresh. "On-the-fly" syntax checking information may be incorrect. [C:\practice_project\testa_runt\testa_runt.srcs\sources_1\new\calculator.v:]
WARNING: [filemgmt 56-199] Attempt to get parsing info during refresh. "On-the-fly" syntax checking information may be incorrect. [C:\practice_project\testa_runt\testa_runt.srcs\sources_1\new\task1.v:]
WARNING: [filemgmt 56-199] Attempt to get parsing info during refresh. "On-the-fly" syntax checking information may be incorrect. [C:\practice_project\testa_runt\testa_runt.srcs\sources_1\new\task1.v:]
WARNING: [filemgmt 56-199] Attempt to get parsing info during refresh. "On-the-fly" syntax checking information may be incorrect. [C:\practice_project\testa_runt\testa_runt.srcs\sources_1\new\My_Top_Module.v:]
WARNING: [filemgmt 56-199] Attempt to get parsing info during refresh. "On-the-fly" syntax checking information may be incorrect. [C:\practice_project\testa_runt\testa_runt.srcs\sources_1\new\task1.v:]
WARNING: [filemgmt 56-199] Attempt to get parsing info during refresh. "On-the-fly" syntax checking information may be incorrect. [C:\practice_project\testa_runt\testa_runt.srcs\sources_1\new\calculator.v:]
WARNING: [filemgmt 56-199] Attempt to get parsing info during refresh. "On-the-fly" syntax checking information may be incorrect. [C:\practice_project\testa_runt\testa_runt.srcs\sources_1\new\task1.v:]
WARNING: [filemgmt 56-199] Attempt to get parsing info during refresh. "On-the-fly" syntax checking information may be incorrect. [C:\practice_project\testa_runt\testa_runt.srcs\sources_1\new\task1.v:]
WARNING: [filemgmt 56-199] Attempt to get parsing info during refresh. "On-the-fly" syntax checking information may be incorrect. [C:\practice_project\testa_runt\testa_runt.srcs\sources_1\new\My_Top_Module.v:]
WARNING: [filemgmt 56-199] Attempt to get parsing info during refresh. "On-the-fly" syntax checking information may be incorrect. [C:\practice_project\testa_runt\testa_runt.srcs\sources_1\new\task1.v:]
WARNING: [filemgmt 56-199] Attempt to get parsing info during refresh. "On-the-fly" syntax checking information may be incorrect. [C:\practice_project\testa_runt\testa_runt.srcs\sources_1\new\calculator.v:]
WARNING: [filemgmt 56-199] Attempt to get parsing info during refresh. "On-the-fly" syntax checking information may be incorrect. [C:\practice_project\testa_runt\testa_runt.srcs\sources_1\new\calculator.v:]
WARNING: [filemgmt 56-199] Attempt to get parsing info during refresh. "On-the-fly" syntax checking information may be incorrect. [C:\practice_project\testa_runt\testa_runt.srcs\sources_1\new\calculator.v:]
ERROR: [Common 17-180] Spawn failed: Åtgärden har slutförts.

archive_project C:/practice_project/testa_runt.xpr.zip -temp_dir C:/Users/hanna/AppData/Roaming/Xilinx/Vivado/.Xil/Vivado-30040-Hannas_dator -force -include_local_ip_cache -include_config_settings
INFO: [Coretcl 2-137] starting archive...
INFO: [Coretcl 2-1499] Saving project copy to temporary location 'C:/Users/hanna/AppData/Roaming/Xilinx/Vivado/.Xil/Vivado-30040-Hannas_dator' for archiving project
INFO: [filemgmt 56-3] Default IP Output Path : Could not find the directory 'C:/practice_project/testa_runt/testa_runt.gen/sources_1'.
Scanning sources...
Finished scanning sources
WARNING: [Project 1-5713] Board part '' set for the project  is not found. BoardPart property will be unset. Please select board from latest repo build 
WARNING: [filemgmt 56-199] Attempt to get parsing info during refresh. "On-the-fly" syntax checking information may be incorrect. [C:\practice_project\testa_runt\testa_runt.srcs\sources_1\new\My_Top_Module.v:]
WARNING: [filemgmt 56-199] Attempt to get parsing info during refresh. "On-the-fly" syntax checking information may be incorrect. [C:\practice_project\testa_runt\testa_runt.srcs\sources_1\new\task1.v:]
WARNING: [filemgmt 56-199] Attempt to get parsing info during refresh. "On-the-fly" syntax checking information may be incorrect. [C:\practice_project\testa_runt\testa_runt.srcs\sources_1\new\calculator.v:]
WARNING: [filemgmt 56-199] Attempt to get parsing info during refresh. "On-the-fly" syntax checking information may be incorrect. [C:\practice_project\testa_runt\testa_runt.srcs\sources_1\new\calculator.v:]
WARNING: [filemgmt 56-199] Attempt to get parsing info during refresh. "On-the-fly" syntax checking information may be incorrect. [C:\practice_project\testa_runt\testa_runt.srcs\sources_1\new\calculator.v:]
WARNING: [filemgmt 56-199] Attempt to get parsing info during refresh. "On-the-fly" syntax checking information may be incorrect. [C:\practice_project\testa_runt\testa_runt.srcs\sources_1\new\My_Top_Module.v:]
WARNING: [filemgmt 56-199] Attempt to get parsing info during refresh. "On-the-fly" syntax checking information may be incorrect. [C:\practice_project\testa_runt\testa_runt.srcs\sources_1\new\task1.v:]
WARNING: [filemgmt 56-199] Attempt to get parsing info during refresh. "On-the-fly" syntax checking information may be incorrect. [C:\practice_project\testa_runt\testa_runt.srcs\sources_1\new\calculator.v:]
WARNING: [filemgmt 56-199] Attempt to get parsing info during refresh. "On-the-fly" syntax checking information may be incorrect. [C:\practice_project\testa_runt\testa_runt.srcs\sources_1\new\task1.v:]
WARNING: [filemgmt 56-199] Attempt to get parsing info during refresh. "On-the-fly" syntax checking information may be incorrect. [C:\practice_project\testa_runt\testa_runt.srcs\sources_1\new\task1.v:]
INFO: [Coretcl 2-1211] Creating project copy for archival...
ERROR: [Common 17-180] Spawn failed: Åtgärden har slutförts.

INFO: [ProjectBase 1-495] The host OS only allows 260 characters in a normal path. The project is stored in a path with more than 80 characters. If you experience any problem with archiving the project, please consider setting environment variable $TEMP to a shorter path.
Current project path is 'C:/Users/hanna/AppData/Roaming/Xilinx/Vivado/.Xil/Vivado-30040-Hannas_dator/PrjAr/_X_'.
WARNING: [filemgmt 56-199] Attempt to get parsing info during refresh. "On-the-fly" syntax checking information may be incorrect. [C:\practice_project\testa_runt\testa_runt.srcs\sources_1\new\My_Top_Module.v:]
WARNING: [filemgmt 56-199] Attempt to get parsing info during refresh. "On-the-fly" syntax checking information may be incorrect. [C:\practice_project\testa_runt\testa_runt.srcs\sources_1\new\task1.v:]
WARNING: [filemgmt 56-199] Attempt to get parsing info during refresh. "On-the-fly" syntax checking information may be incorrect. [C:\practice_project\testa_runt\testa_runt.srcs\sources_1\new\calculator.v:]
WARNING: [filemgmt 56-199] Attempt to get parsing info during refresh. "On-the-fly" syntax checking information may be incorrect. [C:\practice_project\testa_runt\testa_runt.srcs\sources_1\new\calculator.v:]
WARNING: [filemgmt 56-199] Attempt to get parsing info during refresh. "On-the-fly" syntax checking information may be incorrect. [C:\practice_project\testa_runt\testa_runt.srcs\sources_1\new\calculator.v:]
WARNING: [filemgmt 56-199] Attempt to get parsing info during refresh. "On-the-fly" syntax checking information may be incorrect. [C:\practice_project\testa_runt\testa_runt.srcs\sources_1\new\My_Top_Module.v:]
WARNING: [filemgmt 56-199] Attempt to get parsing info during refresh. "On-the-fly" syntax checking information may be incorrect. [C:\practice_project\testa_runt\testa_runt.srcs\sources_1\new\task1.v:]
WARNING: [filemgmt 56-199] Attempt to get parsing info during refresh. "On-the-fly" syntax checking information may be incorrect. [C:\practice_project\testa_runt\testa_runt.srcs\sources_1\new\calculator.v:]
WARNING: [filemgmt 56-199] Attempt to get parsing info during refresh. "On-the-fly" syntax checking information may be incorrect. [C:\practice_project\testa_runt\testa_runt.srcs\sources_1\new\task1.v:]
WARNING: [filemgmt 56-199] Attempt to get parsing info during refresh. "On-the-fly" syntax checking information may be incorrect. [C:\practice_project\testa_runt\testa_runt.srcs\sources_1\new\task1.v:]
ERROR: [Common 17-180] Spawn failed: Åtgärden har slutförts.

WARNING: [IP_Flow 19-4995] The host OS only allows 260 characters in a normal path. The IP cache path is more than 80 characters. If you experience issues with IP caching, please consider changing the IP cache to a location with a shorter path. Alternately consider using the OS subst command to map part of the path to a drive letter. 
Current IP cache path is C:/Users/hanna/AppData/Roaming/Xilinx/Vivado/.Xil/Vivado-30040-Hannas_dator/PrjAr/_X_/testa_runt.cache/ip 
INFO: [Coretcl 2-1213] Including run results for 'synth_1'
INFO: [Coretcl 2-1213] Including run results for 'impl_1'
INFO: [IP_Flow 19-234] Refreshing IP repositories
INFO: [IP_Flow 19-1704] No user IP repositories specified
INFO: [IP_Flow 19-2313] Loaded Vivado IP repository 'C:/AMDDesignTools/2025.2/Vivado/data/ip'.
INFO: [Coretcl 2-1209] Adding archive summary file to the project...
INFO: [Coretcl 2-1214] Preparing project files for archive...
WARNING: [filemgmt 56-199] Attempt to get parsing info during refresh. "On-the-fly" syntax checking information may be incorrect. [C:\practice_project\testa_runt\testa_runt.srcs\sources_1\new\My_Top_Module.v:]
WARNING: [filemgmt 56-199] Attempt to get parsing info during refresh. "On-the-fly" syntax checking information may be incorrect. [C:\practice_project\testa_runt\testa_runt.srcs\sources_1\new\task1.v:]
WARNING: [filemgmt 56-199] Attempt to get parsing info during refresh. "On-the-fly" syntax checking information may be incorrect. [C:\practice_project\testa_runt\testa_runt.srcs\sources_1\new\calculator.v:]
WARNING: [filemgmt 56-199] Attempt to get parsing info during refresh. "On-the-fly" syntax checking information may be incorrect. [C:\practice_project\testa_runt\testa_runt.srcs\sources_1\new\calculator.v:]
WARNING: [filemgmt 56-199] Attempt to get parsing info during refresh. "On-the-fly" syntax checking information may be incorrect. [C:\practice_project\testa_runt\testa_runt.srcs\sources_1\new\calculator.v:]
INFO: [Coretcl 2-1210] Compressing project files and data...
WARNING: [filemgmt 56-199] Attempt to get parsing info during refresh. "On-the-fly" syntax checking information may be incorrect. [C:\practice_project\testa_runt\testa_runt.srcs\sources_1\new\My_Top_Module.v:]
WARNING: [filemgmt 56-199] Attempt to get parsing info during refresh. "On-the-fly" syntax checking information may be incorrect. [C:\practice_project\testa_runt\testa_runt.srcs\sources_1\new\task1.v:]
WARNING: [filemgmt 56-199] Attempt to get parsing info during refresh. "On-the-fly" syntax checking information may be incorrect. [C:\practice_project\testa_runt\testa_runt.srcs\sources_1\new\calculator.v:]
WARNING: [filemgmt 56-199] Attempt to get parsing info during refresh. "On-the-fly" syntax checking information may be incorrect. [C:\practice_project\testa_runt\testa_runt.srcs\sources_1\new\task1.v:]
WARNING: [filemgmt 56-199] Attempt to get parsing info during refresh. "On-the-fly" syntax checking information may be incorrect. [C:\practice_project\testa_runt\testa_runt.srcs\sources_1\new\task1.v:]
INFO: [Coretcl 2-1215] Project archived (C:/practice_project/testa_runt.xpr.zip)
INFO: [Coretcl 2-1216] To view the archive summary log in GUI, double click on 'Design Sources->Text->archive_project_summary.txt', or open this file from the archived project directory.
archive_project: Time (s): cpu = 00:00:10 ; elapsed = 00:00:18 . Memory (MB): peak = 1687.730 ; gain = 7.941
ERROR: [Common 17-39] 'archive_project' failed due to earlier errors.
reset_run synth_1
INFO: [Project 1-1161] Replacing file C:/practice_project/testa_runt/testa_runt.srcs/utils_1/imports/synth_1/My_Top_Module.dcp with file C:/practice_project/testa_runt/testa_runt.runs/synth_1/My_Top_Module.dcp
launch_runs synth_1 -jobs 4
CRITICAL WARNING: [HDL 9-1206] Syntax error near 'endmodule' [C:/practice_project/testa_runt/testa_runt.srcs/sources_1/new/calculator.v:358]
CRITICAL WARNING: [HDL 9-1206] Syntax error near 'end' [C:/practice_project/testa_runt/testa_runt.srcs/sources_1/new/extra.v:35]
CRITICAL WARNING: [HDL 9-1206] Syntax error near '=' [C:/practice_project/testa_runt/testa_runt.srcs/sources_1/new/extra.v:118]
CRITICAL WARNING: [HDL 9-1206] Syntax error near '(' [C:/practice_project/testa_runt/testa_runt.srcs/sources_1/new/oled.v:3]
[Wed Oct  7 22:37:41 2026] Launched synth_1...
Run output will be captured here: C:/practice_project/testa_runt/testa_runt.runs/synth_1/runme.log
update_compile_order -fileset sources_1
WARNING: [filemgmt 56-199] Attempt to get parsing info during refresh. "On-the-fly" syntax checking information may be incorrect. [C:\practice_project\testa_runt\testa_runt.srcs\sources_1\new\My_Top_Module.v:]
WARNING: [filemgmt 56-199] Attempt to get parsing info during refresh. "On-the-fly" syntax checking information may be incorrect. [C:\practice_project\testa_runt\testa_runt.srcs\sources_1\new\task1.v:]
WARNING: [filemgmt 56-199] Attempt to get parsing info during refresh. "On-the-fly" syntax checking information may be incorrect. [C:\practice_project\testa_runt\testa_runt.srcs\sources_1\new\calculator.v:]
WARNING: [filemgmt 56-199] Attempt to get parsing info during refresh. "On-the-fly" syntax checking information may be incorrect. [C:\practice_project\testa_runt\testa_runt.srcs\sources_1\new\My_Top_Module.v:]
WARNING: [filemgmt 56-199] Attempt to get parsing info during refresh. "On-the-fly" syntax checking information may be incorrect. [C:\practice_project\testa_runt\testa_runt.srcs\sources_1\new\My_Top_Module.v:]
ERROR: [Common 17-180] Spawn failed: Åtgärden har slutförts.

WARNING: [filemgmt 56-199] Attempt to get parsing info during refresh. "On-the-fly" syntax checking information may be incorrect. [C:\practice_project\testa_runt\testa_runt.srcs\sources_1\new\My_Top_Module.v:]
WARNING: [filemgmt 56-199] Attempt to get parsing info during refresh. "On-the-fly" syntax checking information may be incorrect. [C:\practice_project\testa_runt\testa_runt.srcs\sources_1\new\task1.v:]
WARNING: [filemgmt 56-199] Attempt to get parsing info during refresh. "On-the-fly" syntax checking information may be incorrect. [C:\practice_project\testa_runt\testa_runt.srcs\sources_1\new\calculator.v:]
WARNING: [filemgmt 56-199] Attempt to get parsing info during refresh. "On-the-fly" syntax checking information may be incorrect. [C:\practice_project\testa_runt\testa_runt.srcs\sources_1\new\task1.v:]
WARNING: [filemgmt 56-199] Attempt to get parsing info during refresh. "On-the-fly" syntax checking information may be incorrect. [C:\practice_project\testa_runt\testa_runt.srcs\sources_1\new\task1.v:]
ERROR: [Common 17-180] Spawn failed: Åtgärden har slutförts.

reset_run synth_1
launch_runs synth_1 -jobs 4
CRITICAL WARNING: [HDL 9-1206] Syntax error near 'end' [C:/practice_project/testa_runt/testa_runt.srcs/sources_1/new/extra.v:35]
CRITICAL WARNING: [HDL 9-1206] Syntax error near '=' [C:/practice_project/testa_runt/testa_runt.srcs/sources_1/new/extra.v:118]
CRITICAL WARNING: [HDL 9-1206] Syntax error near '(' [C:/practice_project/testa_runt/testa_runt.srcs/sources_1/new/oled.v:3]
[Wed Oct  7 22:40:04 2026] Launched synth_1...
Run output will be captured here: C:/practice_project/testa_runt/testa_runt.runs/synth_1/runme.log
launch_runs impl_1 -jobs 4
[Wed Oct  7 22:43:37 2026] Launched impl_1...
Run output will be captured here: C:/practice_project/testa_runt/testa_runt.runs/impl_1/runme.log
open_run impl_1
INFO: [Device 21-403] Loading part xc7a35tcpg236-1
Netlist sorting complete. Time (s): cpu = 00:00:00 ; elapsed = 00:00:00.033 . Memory (MB): peak = 1879.215 ; gain = 0.000
INFO: [Netlist 29-17] Analyzing 298 Unisim elements for replacement
INFO: [Netlist 29-28] Unisim Transformation completed in 0 CPU seconds
INFO: [Project 1-479] Netlist was created with Vivado 2025.2
INFO: [Project 1-570] Preparing netlist for logic optimization
Read ShapeDB Complete: Time (s): cpu = 00:00:00 ; elapsed = 00:00:00.013 . Memory (MB): peak = 1968.332 ; gain = 0.211
INFO: [Timing 38-478] Restoring timing data from binary archive.
INFO: [Timing 38-479] Binary timing data restore complete.
INFO: [Project 1-856] Restoring constraints from binary archive.
INFO: [Project 1-853] Binary constraint restore complete.
INFO: [Designutils 20-5722] Start Reading Physical Databases.
Reading placement.
Read Netlist Cache: Time (s): cpu = 00:00:00 ; elapsed = 00:00:00.006 . Memory (MB): peak = 2523.891 ; gain = 0.000
Reading placer database...
Read Device Cache: Time (s): cpu = 00:00:00 ; elapsed = 00:00:00.016 . Memory (MB): peak = 2523.891 ; gain = 0.000
Read PlaceDB: Time (s): cpu = 00:00:00 ; elapsed = 00:00:00 . Memory (MB): peak = 2523.891 ; gain = 0.000
Read placeStorage: Time (s): cpu = 00:00:00 ; elapsed = 00:00:00.149 . Memory (MB): peak = 2523.891 ; gain = 0.000
Read PulsedLatchDB: Time (s): cpu = 00:00:00 ; elapsed = 00:00:00 . Memory (MB): peak = 2523.891 ; gain = 0.000
Reading routing.
Read RouteStorage: Time (s): cpu = 00:00:00 ; elapsed = 00:00:00.060 . Memory (MB): peak = 2523.891 ; gain = 0.000
Read Physdb Files: Time (s): cpu = 00:00:00 ; elapsed = 00:00:00.264 . Memory (MB): peak = 2523.891 ; gain = 0.000
Restored from archive | CPU: 0.000000 secs | Memory: 0.000000 MB |
Finished XDEF File Restore: Time (s): cpu = 00:00:00 ; elapsed = 00:00:00.267 . Memory (MB): peak = 2523.891 ; gain = 0.000
Netlist sorting complete. Time (s): cpu = 00:00:00 ; elapsed = 00:00:00.002 . Memory (MB): peak = 2523.891 ; gain = 0.000
INFO: [Project 1-111] Unisim Transformation Summary:
No Unisim elements were transformed.

open_run: Time (s): cpu = 00:00:50 ; elapsed = 00:00:37 . Memory (MB): peak = 2905.395 ; gain = 1207.438
CRITICAL WARNING: [Timing 38-282] The design failed to meet the timing requirements. Please see the timing summary report for details on the timing violations.
launch_runs impl_1 -to_step write_bitstream -jobs 4
[Wed Oct  7 22:47:54 2026] Launched impl_1...
Run output will be captured here: C:/practice_project/testa_runt/testa_runt.runs/impl_1/runme.log
open_hw_manager
connect_hw_server -allow_non_jtag
INFO: [Labtools 27-2285] Connecting to hw_server url TCP:localhost:3121
INFO: [Labtools 27-2222] Launching hw_server...
INFO: [Labtools 27-2221] Launch Output:

****** Xilinx hw_server v2025.2
  **** Build date : Oct 28 2025 at 10:03:13
    ** Copyright 1986-2022 Xilinx, Inc. All Rights Reserved.


INFO: [Labtools 27-3415] Connecting to cs_server url TCP:localhost:0
INFO: [Labtools 27-3417] Launching cs_server...
INFO: [Labtools 27-2221] Launch Output:


******** Xilinx cs_server v2025.2.0
  ****** Build date   : Nov 14 2025-07:16:52
    **** Build number : 2025.2.1763075812
      ** Copyright 2017-2022 Xilinx, Inc. All Rights Reserved.
      ** Copyright 2022-2026 Advanced Micro Devices, Inc. All Rights Reserved.



connect_hw_server: Time (s): cpu = 00:00:02 ; elapsed = 00:00:12 . Memory (MB): peak = 2955.574 ; gain = 7.965
open_hw_target
INFO: [Labtoolstcl 44-466] Opening hw_target localhost:3121/xilinx_tcf/Digilent/210183BD32AAA
set_property PROGRAM.FILE {C:/practice_project/testa_runt/testa_runt.runs/impl_1/My_Top_Module.bit} [get_hw_devices xc7a35t_0]
current_hw_device [get_hw_devices xc7a35t_0]
refresh_hw_device -update_hw_probes false [lindex [get_hw_devices xc7a35t_0] 0]
INFO: [Labtools 27-1434] Device xc7a35t (JTAG device index = 0) is programmed with a design that has no supported soft debug core(s) in it.
set_property PROBES.FILE {} [get_hw_devices xc7a35t_0]
set_property FULL_PROBES.FILE {} [get_hw_devices xc7a35t_0]
set_property PROGRAM.FILE {C:/practice_project/testa_runt/testa_runt.runs/impl_1/My_Top_Module.bit} [get_hw_devices xc7a35t_0]
program_hw_devices [get_hw_devices xc7a35t_0]
INFO: [Labtools 27-3164] End of startup status: HIGH
refresh_hw_device [lindex [get_hw_devices xc7a35t_0] 0]
INFO: [Labtools 27-1434] Device xc7a35t (JTAG device index = 0) is programmed with a design that has no supported soft debug core(s) in it.
ERROR: [Labtoolstcl 44-513] HW Target shutdown. Closing target: localhost:3121/xilinx_tcf/Digilent/210183BD32AAA
INFO: [Labtoolstcl 44-466] Opening hw_target localhost:3121/xilinx_tcf/Digilent/210183BD32AAA
INFO: [Labtools 27-1434] Device xc7a35t (JTAG device index = 0) is programmed with a design that has no supported soft debug core(s) in it.
WARNING: [Labtoolstcl 44-129] No matching hw_ila_data was found.
set_property PROBES.FILE {} [get_hw_devices xc7a35t_0]
set_property FULL_PROBES.FILE {} [get_hw_devices xc7a35t_0]
set_property PROGRAM.FILE {C:/practice_project/testa_runt/testa_runt.runs/impl_1/My_Top_Module.bit} [get_hw_devices xc7a35t_0]
program_hw_devices [get_hw_devices xc7a35t_0]
INFO: [Labtools 27-3164] End of startup status: HIGH
refresh_hw_device [lindex [get_hw_devices xc7a35t_0] 0]
INFO: [Labtools 27-1434] Device xc7a35t (JTAG device index = 0) is programmed with a design that has no supported soft debug core(s) in it.
close [ open C:/practice_project/testa_runt/testa_runt.srcs/sources_1/new/switch_to_binary.v w ]
add_files C:/practice_project/testa_runt/testa_runt.srcs/sources_1/new/switch_to_binary.v
WARNING: [filemgmt 56-199] Attempt to get parsing info during refresh. "On-the-fly" syntax checking information may be incorrect. [C:\practice_project\testa_runt\testa_runt.srcs\sources_1\new\My_Top_Module.v:]
WARNING: [filemgmt 56-199] Attempt to get parsing info during refresh. "On-the-fly" syntax checking information may be incorrect. [C:\practice_project\testa_runt\testa_runt.srcs\sources_1\new\calculator.v:]
WARNING: [filemgmt 56-199] Attempt to get parsing info during refresh. "On-the-fly" syntax checking information may be incorrect. [C:\practice_project\testa_runt\testa_runt.srcs\sources_1\new\calculator.v:]
WARNING: [filemgmt 56-199] Attempt to get parsing info during refresh. "On-the-fly" syntax checking information may be incorrect. [C:\practice_project\testa_runt\testa_runt.srcs\sources_1\new\calculator.v:]
update_compile_order -fileset sources_1
WARNING: [filemgmt 56-199] Attempt to get parsing info during refresh. "On-the-fly" syntax checking information may be incorrect. [C:\practice_project\testa_runt\testa_runt.srcs\sources_1\new\My_Top_Module.v:]
WARNING: [filemgmt 56-199] Attempt to get parsing info during refresh. "On-the-fly" syntax checking information may be incorrect. [C:\practice_project\testa_runt\testa_runt.srcs\sources_1\new\calculator.v:]
WARNING: [filemgmt 56-199] Attempt to get parsing info during refresh. "On-the-fly" syntax checking information may be incorrect. [C:\practice_project\testa_runt\testa_runt.srcs\sources_1\new\calculator.v:]
WARNING: [filemgmt 56-199] Attempt to get parsing info during refresh. "On-the-fly" syntax checking information may be incorrect. [C:\practice_project\testa_runt\testa_runt.srcs\sources_1\new\calculator.v:]
close [ open C:/practice_project/testa_runt/testa_runt.srcs/sources_1/new/calculation_history.v w ]
add_files C:/practice_project/testa_runt/testa_runt.srcs/sources_1/new/calculation_history.v
close [ open C:/practice_project/testa_runt/testa_runt.srcs/sources_1/new/check_overflow.v w ]
add_files C:/practice_project/testa_runt/testa_runt.srcs/sources_1/new/check_overflow.v
close [ open C:/practice_project/testa_runt/testa_runt.srcs/sources_1/new/check_invalid.v w ]
add_files C:/practice_project/testa_runt/testa_runt.srcs/sources_1/new/check_invalid.v
close [ open C:/practice_project/testa_runt/testa_runt.srcs/sources_1/new/debounce.v w ]
add_files C:/practice_project/testa_runt/testa_runt.srcs/sources_1/new/debounce.v
WARNING: [filemgmt 56-199] Attempt to get parsing info during refresh. "On-the-fly" syntax checking information may be incorrect. [C:\practice_project\testa_runt\testa_runt.srcs\sources_1\new\switch_to_binary.v:]
WARNING: [filemgmt 56-199] Attempt to get parsing info during refresh. "On-the-fly" syntax checking information may be incorrect. [C:\practice_project\testa_runt\testa_runt.srcs\sources_1\new\My_Top_Module.v:]
WARNING: [filemgmt 56-199] Attempt to get parsing info during refresh. "On-the-fly" syntax checking information may be incorrect. [C:\practice_project\testa_runt\testa_runt.srcs\sources_1\new\calculator.v:]
WARNING: [filemgmt 56-199] Attempt to get parsing info during refresh. "On-the-fly" syntax checking information may be incorrect. [C:\practice_project\testa_runt\testa_runt.srcs\sources_1\new\My_Top_Module.v:]
WARNING: [filemgmt 56-199] Attempt to get parsing info during refresh. "On-the-fly" syntax checking information may be incorrect. [C:\practice_project\testa_runt\testa_runt.srcs\sources_1\new\My_Top_Module.v:]
WARNING: [filemgmt 56-199] Attempt to get parsing info during refresh. "On-the-fly" syntax checking information may be incorrect. [C:\practice_project\testa_runt\testa_runt.srcs\sources_1\new\switch_to_binary.v:]
WARNING: [filemgmt 56-199] Attempt to get parsing info during refresh. "On-the-fly" syntax checking information may be incorrect. [C:\practice_project\testa_runt\testa_runt.srcs\sources_1\new\My_Top_Module.v:]
WARNING: [filemgmt 56-199] Attempt to get parsing info during refresh. "On-the-fly" syntax checking information may be incorrect. [C:\practice_project\testa_runt\testa_runt.srcs\sources_1\new\calculator.v:]
WARNING: [filemgmt 56-199] Attempt to get parsing info during refresh. "On-the-fly" syntax checking information may be incorrect. [C:\practice_project\testa_runt\testa_runt.srcs\sources_1\new\switch_to_binary.v:]
WARNING: [filemgmt 56-199] Attempt to get parsing info during refresh. "On-the-fly" syntax checking information may be incorrect. [C:\practice_project\testa_runt\testa_runt.srcs\sources_1\new\switch_to_binary.v:]
ERROR: [Common 17-180] Spawn failed: Åtgärden har slutförts.

WARNING: [filemgmt 56-199] Attempt to get parsing info during refresh. "On-the-fly" syntax checking information may be incorrect. [C:\practice_project\testa_runt\testa_runt.srcs\sources_1\new\switch_to_binary.v:]
WARNING: [filemgmt 56-199] Attempt to get parsing info during refresh. "On-the-fly" syntax checking information may be incorrect. [C:\practice_project\testa_runt\testa_runt.srcs\sources_1\new\My_Top_Module.v:]
WARNING: [filemgmt 56-199] Attempt to get parsing info during refresh. "On-the-fly" syntax checking information may be incorrect. [C:\practice_project\testa_runt\testa_runt.srcs\sources_1\new\calculator.v:]
WARNING: [filemgmt 56-199] Attempt to get parsing info during refresh. "On-the-fly" syntax checking information may be incorrect. [C:\practice_project\testa_runt\testa_runt.srcs\sources_1\new\My_Top_Module.v:]
WARNING: [filemgmt 56-199] Attempt to get parsing info during refresh. "On-the-fly" syntax checking information may be incorrect. [C:\practice_project\testa_runt\testa_runt.srcs\sources_1\new\My_Top_Module.v:]
WARNING: [filemgmt 56-199] Attempt to get parsing info during refresh. "On-the-fly" syntax checking information may be incorrect. [C:\practice_project\testa_runt\testa_runt.srcs\sources_1\new\switch_to_binary.v:]
WARNING: [filemgmt 56-199] Attempt to get parsing info during refresh. "On-the-fly" syntax checking information may be incorrect. [C:\practice_project\testa_runt\testa_runt.srcs\sources_1\new\My_Top_Module.v:]
WARNING: [filemgmt 56-199] Attempt to get parsing info during refresh. "On-the-fly" syntax checking information may be incorrect. [C:\practice_project\testa_runt\testa_runt.srcs\sources_1\new\calculator.v:]
WARNING: [filemgmt 56-199] Attempt to get parsing info during refresh. "On-the-fly" syntax checking information may be incorrect. [C:\practice_project\testa_runt\testa_runt.srcs\sources_1\new\switch_to_binary.v:]
WARNING: [filemgmt 56-199] Attempt to get parsing info during refresh. "On-the-fly" syntax checking information may be incorrect. [C:\practice_project\testa_runt\testa_runt.srcs\sources_1\new\switch_to_binary.v:]
ERROR: [Common 17-180] Spawn failed: Åtgärden har slutförts.

update_compile_order -fileset sources_1
WARNING: [filemgmt 56-199] Attempt to get parsing info during refresh. "On-the-fly" syntax checking information may be incorrect. [C:\practice_project\testa_runt\testa_runt.srcs\sources_1\new\switch_to_binary.v:]
WARNING: [filemgmt 56-199] Attempt to get parsing info during refresh. "On-the-fly" syntax checking information may be incorrect. [C:\practice_project\testa_runt\testa_runt.srcs\sources_1\new\My_Top_Module.v:]
WARNING: [filemgmt 56-199] Attempt to get parsing info during refresh. "On-the-fly" syntax checking information may be incorrect. [C:\practice_project\testa_runt\testa_runt.srcs\sources_1\new\calculator.v:]
WARNING: [filemgmt 56-199] Attempt to get parsing info during refresh. "On-the-fly" syntax checking information may be incorrect. [C:\practice_project\testa_runt\testa_runt.srcs\sources_1\new\My_Top_Module.v:]
WARNING: [filemgmt 56-199] Attempt to get parsing info during refresh. "On-the-fly" syntax checking information may be incorrect. [C:\practice_project\testa_runt\testa_runt.srcs\sources_1\new\My_Top_Module.v:]
WARNING: [filemgmt 56-199] Attempt to get parsing info during refresh. "On-the-fly" syntax checking information may be incorrect. [C:\practice_project\testa_runt\testa_runt.srcs\sources_1\new\switch_to_binary.v:]
WARNING: [filemgmt 56-199] Attempt to get parsing info during refresh. "On-the-fly" syntax checking information may be incorrect. [C:\practice_project\testa_runt\testa_runt.srcs\sources_1\new\My_Top_Module.v:]
WARNING: [filemgmt 56-199] Attempt to get parsing info during refresh. "On-the-fly" syntax checking information may be incorrect. [C:\practice_project\testa_runt\testa_runt.srcs\sources_1\new\calculator.v:]
WARNING: [filemgmt 56-199] Attempt to get parsing info during refresh. "On-the-fly" syntax checking information may be incorrect. [C:\practice_project\testa_runt\testa_runt.srcs\sources_1\new\switch_to_binary.v:]
WARNING: [filemgmt 56-199] Attempt to get parsing info during refresh. "On-the-fly" syntax checking information may be incorrect. [C:\practice_project\testa_runt\testa_runt.srcs\sources_1\new\switch_to_binary.v:]
ERROR: [Common 17-180] Spawn failed: Åtgärden har slutförts.

ERROR: [Labtoolstcl 44-513] HW Target shutdown. Closing target: localhost:3121/xilinx_tcf/Digilent/210183BD32AAA
remove_files  C:/practice_project/testa_runt/testa_runt.srcs/sources_1/new/extra.v
WARNING: [filemgmt 56-199] Attempt to get parsing info during refresh. "On-the-fly" syntax checking information may be incorrect. [C:\practice_project\testa_runt\testa_runt.srcs\sources_1\new\extra.v:]
WARNING: [filemgmt 56-199] Attempt to get parsing info during refresh. "On-the-fly" syntax checking information may be incorrect. [C:\practice_project\testa_runt\testa_runt.srcs\sources_1\new\debounce.v:]
WARNING: [filemgmt 56-199] Attempt to get parsing info during refresh. "On-the-fly" syntax checking information may be incorrect. [C:\practice_project\testa_runt\testa_runt.srcs\sources_1\new\clock_hz.v:]
WARNING: [filemgmt 56-199] Attempt to get parsing info during refresh. "On-the-fly" syntax checking information may be incorrect. [C:\practice_project\testa_runt\testa_runt.srcs\sources_1\new\calculation_history.v:]
WARNING: [filemgmt 56-199] Attempt to get parsing info during refresh. "On-the-fly" syntax checking information may be incorrect. [C:\practice_project\testa_runt\testa_runt.srcs\sources_1\new\My_Top_Module.v:]
WARNING: [filemgmt 56-199] Attempt to get parsing info during refresh. "On-the-fly" syntax checking information may be incorrect. [C:\practice_project\testa_runt\testa_runt.srcs\sources_1\new\calculator.v:]
WARNING: [filemgmt 56-199] Attempt to get parsing info during refresh. "On-the-fly" syntax checking information may be incorrect. [C:\practice_project\testa_runt\testa_runt.srcs\sources_1\new\calculator.v:]
WARNING: [filemgmt 56-199] Attempt to get parsing info during refresh. "On-the-fly" syntax checking information may be incorrect. [C:\practice_project\testa_runt\testa_runt.srcs\sources_1\new\calculator.v:]
WARNING: [filemgmt 56-199] Attempt to get parsing info during refresh. "On-the-fly" syntax checking information may be incorrect. [C:\practice_project\testa_runt\testa_runt.srcs\sources_1\new\extra.v:]
WARNING: [filemgmt 56-199] Attempt to get parsing info during refresh. "On-the-fly" syntax checking information may be incorrect. [C:\practice_project\testa_runt\testa_runt.srcs\sources_1\new\debounce.v:]
WARNING: [filemgmt 56-199] Attempt to get parsing info during refresh. "On-the-fly" syntax checking information may be incorrect. [C:\practice_project\testa_runt\testa_runt.srcs\sources_1\new\clock_hz.v:]
WARNING: [filemgmt 56-199] Attempt to get parsing info during refresh. "On-the-fly" syntax checking information may be incorrect. [C:\practice_project\testa_runt\testa_runt.srcs\sources_1\new\calculation_history.v:]
WARNING: [filemgmt 56-199] Attempt to get parsing info during refresh. "On-the-fly" syntax checking information may be incorrect. [C:\practice_project\testa_runt\testa_runt.srcs\sources_1\new\My_Top_Module.v:]
WARNING: [filemgmt 56-199] Attempt to get parsing info during refresh. "On-the-fly" syntax checking information may be incorrect. [C:\practice_project\testa_runt\testa_runt.srcs\sources_1\new\calculator.v:]
WARNING: [filemgmt 56-199] Attempt to get parsing info during refresh. "On-the-fly" syntax checking information may be incorrect. [C:\practice_project\testa_runt\testa_runt.srcs\sources_1\new\debounce.v:]
WARNING: [filemgmt 56-199] Attempt to get parsing info during refresh. "On-the-fly" syntax checking information may be incorrect. [C:\practice_project\testa_runt\testa_runt.srcs\sources_1\new\debounce.v:]
WARNING: [filemgmt 56-199] Attempt to get parsing info during refresh. "On-the-fly" syntax checking information may be incorrect. [C:\practice_project\testa_runt\testa_runt.srcs\sources_1\new\extra.v:]
WARNING: [filemgmt 56-199] Attempt to get parsing info during refresh. "On-the-fly" syntax checking information may be incorrect. [C:\practice_project\testa_runt\testa_runt.srcs\sources_1\new\debounce.v:]
WARNING: [filemgmt 56-199] Attempt to get parsing info during refresh. "On-the-fly" syntax checking information may be incorrect. [C:\practice_project\testa_runt\testa_runt.srcs\sources_1\new\clock_hz.v:]
WARNING: [filemgmt 56-199] Attempt to get parsing info during refresh. "On-the-fly" syntax checking information may be incorrect. [C:\practice_project\testa_runt\testa_runt.srcs\sources_1\new\calculation_history.v:]
WARNING: [filemgmt 56-199] Attempt to get parsing info during refresh. "On-the-fly" syntax checking information may be incorrect. [C:\practice_project\testa_runt\testa_runt.srcs\sources_1\new\My_Top_Module.v:]
WARNING: [filemgmt 56-199] Attempt to get parsing info during refresh. "On-the-fly" syntax checking information may be incorrect. [C:\practice_project\testa_runt\testa_runt.srcs\sources_1\new\calculator.v:]
WARNING: [filemgmt 56-199] Attempt to get parsing info during refresh. "On-the-fly" syntax checking information may be incorrect. [C:\practice_project\testa_runt\testa_runt.srcs\sources_1\new\My_Top_Module.v:]
WARNING: [filemgmt 56-199] Attempt to get parsing info during refresh. "On-the-fly" syntax checking information may be incorrect. [C:\practice_project\testa_runt\testa_runt.srcs\sources_1\new\My_Top_Module.v:]
WARNING: [filemgmt 56-199] Attempt to get parsing info during refresh. "On-the-fly" syntax checking information may be incorrect. [C:\practice_project\testa_runt\testa_runt.srcs\sources_1\new\extra.v:]
WARNING: [filemgmt 56-199] Attempt to get parsing info during refresh. "On-the-fly" syntax checking information may be incorrect. [C:\practice_project\testa_runt\testa_runt.srcs\sources_1\new\debounce.v:]
WARNING: [filemgmt 56-199] Attempt to get parsing info during refresh. "On-the-fly" syntax checking information may be incorrect. [C:\practice_project\testa_runt\testa_runt.srcs\sources_1\new\clock_hz.v:]
WARNING: [filemgmt 56-199] Attempt to get parsing info during refresh. "On-the-fly" syntax checking information may be incorrect. [C:\practice_project\testa_runt\testa_runt.srcs\sources_1\new\calculation_history.v:]
WARNING: [filemgmt 56-199] Attempt to get parsing info during refresh. "On-the-fly" syntax checking information may be incorrect. [C:\practice_project\testa_runt\testa_runt.srcs\sources_1\new\My_Top_Module.v:]
WARNING: [filemgmt 56-199] Attempt to get parsing info during refresh. "On-the-fly" syntax checking information may be incorrect. [C:\practice_project\testa_runt\testa_runt.srcs\sources_1\new\calculator.v:]
WARNING: [filemgmt 56-199] Attempt to get parsing info during refresh. "On-the-fly" syntax checking information may be incorrect. [C:\practice_project\testa_runt\testa_runt.srcs\sources_1\new\calculation_history.v:]
WARNING: [filemgmt 56-199] Attempt to get parsing info during refresh. "On-the-fly" syntax checking information may be incorrect. [C:\practice_project\testa_runt\testa_runt.srcs\sources_1\new\calculation_history.v:]
reset_run synth_1
INFO: [Project 1-1161] Replacing file C:/practice_project/testa_runt/testa_runt.srcs/utils_1/imports/synth_1/My_Top_Module.dcp with file C:/practice_project/testa_runt/testa_runt.runs/synth_1/My_Top_Module.dcp
launch_runs synth_1 -jobs 4
CRITICAL WARNING: [HDL 9-1206] Syntax error near '(' [C:/practice_project/testa_runt/testa_runt.srcs/sources_1/new/oled.v:3]
[Thu Oct  8 14:18:15 2026] Launched synth_1...
Run output will be captured here: C:/practice_project/testa_runt/testa_runt.runs/synth_1/runme.log
update_compile_order -fileset sources_1
WARNING: [filemgmt 56-199] Attempt to get parsing info during refresh. "On-the-fly" syntax checking information may be incorrect. [C:\practice_project\testa_runt\testa_runt.srcs\sources_1\new\extra.v:]
WARNING: [filemgmt 56-199] Attempt to get parsing info during refresh. "On-the-fly" syntax checking information may be incorrect. [C:\practice_project\testa_runt\testa_runt.srcs\sources_1\new\debounce.v:]
WARNING: [filemgmt 56-199] Attempt to get parsing info during refresh. "On-the-fly" syntax checking information may be incorrect. [C:\practice_project\testa_runt\testa_runt.srcs\sources_1\new\My_Top_Module.v:]
WARNING: [filemgmt 56-199] Attempt to get parsing info during refresh. "On-the-fly" syntax checking information may be incorrect. [C:\practice_project\testa_runt\testa_runt.srcs\sources_1\new\calculator.v:]
WARNING: [filemgmt 56-199] Attempt to get parsing info during refresh. "On-the-fly" syntax checking information may be incorrect. [C:\practice_project\testa_runt\testa_runt.srcs\sources_1\new\My_Top_Module.v:]
WARNING: [filemgmt 56-199] Attempt to get parsing info during refresh. "On-the-fly" syntax checking information may be incorrect. [C:\practice_project\testa_runt\testa_runt.srcs\sources_1\new\My_Top_Module.v:]
WARNING: [filemgmt 56-199] Attempt to get parsing info during refresh. "On-the-fly" syntax checking information may be incorrect. [C:\practice_project\testa_runt\testa_runt.srcs\sources_1\new\extra.v:]
WARNING: [filemgmt 56-199] Attempt to get parsing info during refresh. "On-the-fly" syntax checking information may be incorrect. [C:\practice_project\testa_runt\testa_runt.srcs\sources_1\new\debounce.v:]
WARNING: [filemgmt 56-199] Attempt to get parsing info during refresh. "On-the-fly" syntax checking information may be incorrect. [C:\practice_project\testa_runt\testa_runt.srcs\sources_1\new\My_Top_Module.v:]
WARNING: [filemgmt 56-199] Attempt to get parsing info during refresh. "On-the-fly" syntax checking information may be incorrect. [C:\practice_project\testa_runt\testa_runt.srcs\sources_1\new\calculator.v:]
WARNING: [filemgmt 56-199] Attempt to get parsing info during refresh. "On-the-fly" syntax checking information may be incorrect. [C:\practice_project\testa_runt\testa_runt.srcs\sources_1\new\calculator.v:]
WARNING: [filemgmt 56-199] Attempt to get parsing info during refresh. "On-the-fly" syntax checking information may be incorrect. [C:\practice_project\testa_runt\testa_runt.srcs\sources_1\new\calculator.v:]
reset_run synth_1
launch_runs synth_1 -jobs 4
CRITICAL WARNING: [HDL 9-1206] Syntax error near '(' [C:/practice_project/testa_runt/testa_runt.srcs/sources_1/new/oled.v:3]
[Thu Oct  8 14:20:31 2026] Launched synth_1...
Run output will be captured here: C:/practice_project/testa_runt/testa_runt.runs/synth_1/runme.log
launch_runs impl_1 -jobs 4
[Thu Oct  8 14:24:06 2026] Launched impl_1...
Run output will be captured here: C:/practice_project/testa_runt/testa_runt.runs/impl_1/runme.log
reset_run impl_1
WARNING: [Vivado 12-1017] Problems encountered:
1. Couldn't access process for termination

launch_runs impl_1 -jobs 4
[Thu Oct  8 14:24:16 2026] Launched impl_1...
Run output will be captured here: C:/practice_project/testa_runt/testa_runt.runs/impl_1/runme.log
refresh_design
Netlist sorting complete. Time (s): cpu = 00:00:00 ; elapsed = 00:00:00.040 . Memory (MB): peak = 4397.422 ; gain = 0.000
INFO: [Netlist 29-17] Analyzing 349 Unisim elements for replacement
INFO: [Netlist 29-28] Unisim Transformation completed in 0 CPU seconds
INFO: [Project 1-479] Netlist was created with Vivado 2025.2
INFO: [Project 1-570] Preparing netlist for logic optimization
Read ShapeDB Complete: Time (s): cpu = 00:00:00 ; elapsed = 00:00:00.011 . Memory (MB): peak = 4397.422 ; gain = 0.000
INFO: [Timing 38-478] Restoring timing data from binary archive.
INFO: [Timing 38-479] Binary timing data restore complete.
INFO: [Project 1-856] Restoring constraints from binary archive.
INFO: [Project 1-853] Binary constraint restore complete.
INFO: [Designutils 20-5722] Start Reading Physical Databases.
Reading placement.
Read Netlist Cache: Time (s): cpu = 00:00:00 ; elapsed = 00:00:00.009 . Memory (MB): peak = 4397.422 ; gain = 0.000
Reading placer database...
Read Device Cache: Time (s): cpu = 00:00:00 ; elapsed = 00:00:00.015 . Memory (MB): peak = 4397.422 ; gain = 0.000
Read PlaceDB: Time (s): cpu = 00:00:00 ; elapsed = 00:00:00 . Memory (MB): peak = 4397.422 ; gain = 0.000
Read placeStorage: Time (s): cpu = 00:00:00 ; elapsed = 00:00:00.189 . Memory (MB): peak = 4397.422 ; gain = 0.000
Read PulsedLatchDB: Time (s): cpu = 00:00:00 ; elapsed = 00:00:00.001 . Memory (MB): peak = 4397.422 ; gain = 0.000
Reading routing.
Read RouteStorage: Time (s): cpu = 00:00:00 ; elapsed = 00:00:00.078 . Memory (MB): peak = 4397.422 ; gain = 0.000
Read Physdb Files: Time (s): cpu = 00:00:00 ; elapsed = 00:00:00.331 . Memory (MB): peak = 4397.422 ; gain = 0.000
Restored from archive | CPU: 0.000000 secs | Memory: 0.000000 MB |
Finished XDEF File Restore: Time (s): cpu = 00:00:00 ; elapsed = 00:00:00.333 . Memory (MB): peak = 4397.422 ; gain = 0.000
refresh_design: Time (s): cpu = 00:00:32 ; elapsed = 00:00:27 . Memory (MB): peak = 4397.422 ; gain = 0.000
CRITICAL WARNING: [Timing 38-282] The design failed to meet the timing requirements. Please see the timing summary report for details on the timing violations.
launch_runs impl_1 -to_step write_bitstream -jobs 4
[Thu Oct  8 14:28:20 2026] Launched impl_1...
Run output will be captured here: C:/practice_project/testa_runt/testa_runt.runs/impl_1/runme.log
INFO: [Labtoolstcl 44-466] Opening hw_target localhost:3121/xilinx_tcf/Digilent/210183BD32AAA
INFO: [Labtools 27-1434] Device xc7a35t (JTAG device index = 0) is programmed with a design that has no supported soft debug core(s) in it.
WARNING: [Labtoolstcl 44-129] No matching hw_ila_data was found.
set_property PROBES.FILE {} [get_hw_devices xc7a35t_0]
set_property FULL_PROBES.FILE {} [get_hw_devices xc7a35t_0]
set_property PROGRAM.FILE {C:/practice_project/testa_runt/testa_runt.runs/impl_1/My_Top_Module.bit} [get_hw_devices xc7a35t_0]
program_hw_devices [get_hw_devices xc7a35t_0]
INFO: [Labtools 27-3164] End of startup status: HIGH
refresh_hw_device [lindex [get_hw_devices xc7a35t_0] 0]
INFO: [Labtools 27-1434] Device xc7a35t (JTAG device index = 0) is programmed with a design that has no supported soft debug core(s) in it.
save_project_as Hannas_part C:/practice_project/Hannas_part -force
archive_project C:/practice_project/Hannas_part.xpr.zip -temp_dir C:/Users/hanna/AppData/Roaming/Xilinx/Vivado/.Xil/Vivado-30040-Hannas_dator -force -include_local_ip_cache -include_config_settings
INFO: [Coretcl 2-137] starting archive...
INFO: [Coretcl 2-1499] Saving project copy to temporary location 'C:/Users/hanna/AppData/Roaming/Xilinx/Vivado/.Xil/Vivado-30040-Hannas_dator' for archiving project
INFO: [filemgmt 56-3] Default IP Output Path : Could not find the directory 'C:/practice_project/Hannas_part/Hannas_part.gen/sources_1'.
Scanning sources...
Finished scanning sources
WARNING: [filemgmt 56-199] Attempt to get parsing info during refresh. "On-the-fly" syntax checking information may be incorrect. [C:\practice_project\Hannas_part\Hannas_part.srcs\sources_1\new\My_Top_Module.v:]
WARNING: [filemgmt 56-199] Attempt to get parsing info during refresh. "On-the-fly" syntax checking information may be incorrect. [C:\practice_project\Hannas_part\Hannas_part.srcs\sources_1\new\debounce.v:]
WARNING: [filemgmt 56-199] Attempt to get parsing info during refresh. "On-the-fly" syntax checking information may be incorrect. [C:\practice_project\testa_runt\testa_runt.srcs\sources_1\new\extra.v:]
WARNING: [filemgmt 56-199] Attempt to get parsing info during refresh. "On-the-fly" syntax checking information may be incorrect. [C:\practice_project\Hannas_part\Hannas_part.srcs\sources_1\new\calculator.v:]
WARNING: [filemgmt 56-199] Attempt to get parsing info during refresh. "On-the-fly" syntax checking information may be incorrect. [C:\practice_project\Hannas_part\Hannas_part.srcs\sources_1\new\task2.v:]
WARNING: [filemgmt 56-199] Attempt to get parsing info during refresh. "On-the-fly" syntax checking information may be incorrect. [C:\practice_project\Hannas_part\Hannas_part.srcs\sources_1\new\debounce.v:]
WARNING: [filemgmt 56-199] Attempt to get parsing info during refresh. "On-the-fly" syntax checking information may be incorrect. [C:\practice_project\Hannas_part\Hannas_part.srcs\sources_1\new\debounce.v:]
WARNING: [filemgmt 56-199] Attempt to get parsing info during refresh. "On-the-fly" syntax checking information may be incorrect. [C:\practice_project\Hannas_part\Hannas_part.srcs\sources_1\new\My_Top_Module.v:]
WARNING: [filemgmt 56-199] Attempt to get parsing info during refresh. "On-the-fly" syntax checking information may be incorrect. [C:\practice_project\Hannas_part\Hannas_part.srcs\sources_1\new\debounce.v:]
WARNING: [filemgmt 56-199] Attempt to get parsing info during refresh. "On-the-fly" syntax checking information may be incorrect. [C:\practice_project\testa_runt\testa_runt.srcs\sources_1\new\extra.v:]
WARNING: [filemgmt 56-199] Attempt to get parsing info during refresh. "On-the-fly" syntax checking information may be incorrect. [C:\practice_project\Hannas_part\Hannas_part.srcs\sources_1\new\calculator.v:]
WARNING: [filemgmt 56-199] Attempt to get parsing info during refresh. "On-the-fly" syntax checking information may be incorrect. [C:\practice_project\Hannas_part\Hannas_part.srcs\sources_1\new\task2.v:]
WARNING: [filemgmt 56-199] Attempt to get parsing info during refresh. "On-the-fly" syntax checking information may be incorrect. [C:\practice_project\Hannas_part\Hannas_part.srcs\sources_1\new\My_Top_Module.v:]
WARNING: [filemgmt 56-199] Attempt to get parsing info during refresh. "On-the-fly" syntax checking information may be incorrect. [C:\practice_project\Hannas_part\Hannas_part.srcs\sources_1\new\My_Top_Module.v:]
WARNING: [filemgmt 56-199] Attempt to get parsing info during refresh. "On-the-fly" syntax checking information may be incorrect. [C:\practice_project\Hannas_part\Hannas_part.srcs\sources_1\new\My_Top_Module.v:]
WARNING: [filemgmt 56-199] Attempt to get parsing info during refresh. "On-the-fly" syntax checking information may be incorrect. [C:\practice_project\Hannas_part\Hannas_part.srcs\sources_1\new\debounce.v:]
WARNING: [filemgmt 56-199] Attempt to get parsing info during refresh. "On-the-fly" syntax checking information may be incorrect. [C:\practice_project\testa_runt\testa_runt.srcs\sources_1\new\extra.v:]
WARNING: [filemgmt 56-199] Attempt to get parsing info during refresh. "On-the-fly" syntax checking information may be incorrect. [C:\practice_project\Hannas_part\Hannas_part.srcs\sources_1\new\calculator.v:]
WARNING: [Project 1-5713] Board part '' set for the project  is not found. BoardPart property will be unset. Please select board from latest repo build 
WARNING: [filemgmt 56-199] Attempt to get parsing info during refresh. "On-the-fly" syntax checking information may be incorrect. [C:\practice_project\Hannas_part\Hannas_part.srcs\sources_1\new\task2.v:]
WARNING: [filemgmt 56-199] Attempt to get parsing info during refresh. "On-the-fly" syntax checking information may be incorrect. [C:\practice_project\Hannas_part\Hannas_part.srcs\sources_1\new\calculator.v:]
WARNING: [filemgmt 56-199] Attempt to get parsing info during refresh. "On-the-fly" syntax checking information may be incorrect. [C:\practice_project\Hannas_part\Hannas_part.srcs\sources_1\new\calculator.v:]
INFO: [Coretcl 2-1211] Creating project copy for archival...
ERROR: [Common 17-180] Spawn failed: Åtgärden har slutförts.

INFO: [ProjectBase 1-495] The host OS only allows 260 characters in a normal path. The project is stored in a path with more than 80 characters. If you experience any problem with archiving the project, please consider setting environment variable $TEMP to a shorter path.
Current project path is 'C:/Users/hanna/AppData/Roaming/Xilinx/Vivado/.Xil/Vivado-30040-Hannas_dator/PrjAr/_X_'.
WARNING: [filemgmt 56-199] Attempt to get parsing info during refresh. "On-the-fly" syntax checking information may be incorrect. [C:\practice_project\Hannas_part\Hannas_part.srcs\sources_1\new\My_Top_Module.v:]
WARNING: [filemgmt 56-199] Attempt to get parsing info during refresh. "On-the-fly" syntax checking information may be incorrect. [C:\practice_project\Hannas_part\Hannas_part.srcs\sources_1\new\debounce.v:]
WARNING: [filemgmt 56-199] Attempt to get parsing info during refresh. "On-the-fly" syntax checking information may be incorrect. [C:\practice_project\testa_runt\testa_runt.srcs\sources_1\new\extra.v:]
WARNING: [filemgmt 56-199] Attempt to get parsing info during refresh. "On-the-fly" syntax checking information may be incorrect. [C:\practice_project\Hannas_part\Hannas_part.srcs\sources_1\new\calculator.v:]
WARNING: [filemgmt 56-199] Attempt to get parsing info during refresh. "On-the-fly" syntax checking information may be incorrect. [C:\practice_project\Hannas_part\Hannas_part.srcs\sources_1\new\task2.v:]
WARNING: [filemgmt 56-199] Attempt to get parsing info during refresh. "On-the-fly" syntax checking information may be incorrect. [C:\practice_project\Hannas_part\Hannas_part.srcs\sources_1\new\debounce.v:]
WARNING: [filemgmt 56-199] Attempt to get parsing info during refresh. "On-the-fly" syntax checking information may be incorrect. [C:\practice_project\Hannas_part\Hannas_part.srcs\sources_1\new\debounce.v:]
WARNING: [filemgmt 56-199] Attempt to get parsing info during refresh. "On-the-fly" syntax checking information may be incorrect. [C:\practice_project\Hannas_part\Hannas_part.srcs\sources_1\new\My_Top_Module.v:]
WARNING: [filemgmt 56-199] Attempt to get parsing info during refresh. "On-the-fly" syntax checking information may be incorrect. [C:\practice_project\Hannas_part\Hannas_part.srcs\sources_1\new\debounce.v:]
WARNING: [filemgmt 56-199] Attempt to get parsing info during refresh. "On-the-fly" syntax checking information may be incorrect. [C:\practice_project\testa_runt\testa_runt.srcs\sources_1\new\extra.v:]
WARNING: [filemgmt 56-199] Attempt to get parsing info during refresh. "On-the-fly" syntax checking information may be incorrect. [C:\practice_project\Hannas_part\Hannas_part.srcs\sources_1\new\calculator.v:]
WARNING: [filemgmt 56-199] Attempt to get parsing info during refresh. "On-the-fly" syntax checking information may be incorrect. [C:\practice_project\Hannas_part\Hannas_part.srcs\sources_1\new\task2.v:]
WARNING: [filemgmt 56-199] Attempt to get parsing info during refresh. "On-the-fly" syntax checking information may be incorrect. [C:\practice_project\Hannas_part\Hannas_part.srcs\sources_1\new\My_Top_Module.v:]
WARNING: [filemgmt 56-199] Attempt to get parsing info during refresh. "On-the-fly" syntax checking information may be incorrect. [C:\practice_project\Hannas_part\Hannas_part.srcs\sources_1\new\My_Top_Module.v:]
WARNING: [IP_Flow 19-4995] The host OS only allows 260 characters in a normal path. The IP cache path is more than 80 characters. If you experience issues with IP caching, please consider changing the IP cache to a location with a shorter path. Alternately consider using the OS subst command to map part of the path to a drive letter. 
Current IP cache path is C:/Users/hanna/AppData/Roaming/Xilinx/Vivado/.Xil/Vivado-30040-Hannas_dator/PrjAr/_X_/Hannas_part.cache/ip 
WARNING: [filemgmt 56-199] Attempt to get parsing info during refresh. "On-the-fly" syntax checking information may be incorrect. [C:\practice_project\Hannas_part\Hannas_part.srcs\sources_1\new\My_Top_Module.v:]
WARNING: [filemgmt 56-199] Attempt to get parsing info during refresh. "On-the-fly" syntax checking information may be incorrect. [C:\practice_project\Hannas_part\Hannas_part.srcs\sources_1\new\debounce.v:]
WARNING: [filemgmt 56-199] Attempt to get parsing info during refresh. "On-the-fly" syntax checking information may be incorrect. [C:\practice_project\testa_runt\testa_runt.srcs\sources_1\new\extra.v:]
WARNING: [filemgmt 56-199] Attempt to get parsing info during refresh. "On-the-fly" syntax checking information may be incorrect. [C:\practice_project\Hannas_part\Hannas_part.srcs\sources_1\new\calculator.v:]
WARNING: [filemgmt 56-199] Attempt to get parsing info during refresh. "On-the-fly" syntax checking information may be incorrect. [C:\practice_project\Hannas_part\Hannas_part.srcs\sources_1\new\task2.v:]
WARNING: [filemgmt 56-199] Attempt to get parsing info during refresh. "On-the-fly" syntax checking information may be incorrect. [C:\practice_project\Hannas_part\Hannas_part.srcs\sources_1\new\task2.v:]
WARNING: [filemgmt 56-199] Attempt to get parsing info during refresh. "On-the-fly" syntax checking information may be incorrect. [C:\practice_project\Hannas_part\Hannas_part.srcs\sources_1\new\task2.v:]
INFO: [Coretcl 2-1213] Including run results for 'synth_1'
INFO: [Coretcl 2-1213] Including run results for 'impl_1'
ERROR: [Common 17-180] Spawn failed: Åtgärden har slutförts.

INFO: [IP_Flow 19-234] Refreshing IP repositories
INFO: [IP_Flow 19-1704] No user IP repositories specified
INFO: [IP_Flow 19-2313] Loaded Vivado IP repository 'C:/AMDDesignTools/2025.2/Vivado/data/ip'.
