Copyright 1986-2022 Xilinx, Inc. All Rights Reserved. Copyright 2022-2025 Advanced Micro Devices, Inc. All Rights Reserved.
---------------------------------------------------------------------------------------------------------------------------------------------------------------------------------------------------------------------------------------------------
| Tool Version : Vivado v.2025.2 (win64) Build 6299465 Fri Nov 14 19:35:11 GMT 2025
| Date         : Thu Oct  8 14:27:27 2026
| Host         : Hannas_dator running 64-bit major release  (build 9200)
| Command      : report_timing_summary -max_paths 10 -routable_nets -report_unconstrained -file My_Top_Module_timing_summary_routed.rpt -pb My_Top_Module_timing_summary_routed.pb -rpx My_Top_Module_timing_summary_routed.rpx -warn_on_violation
| Design       : My_Top_Module
| Device       : 7a35t-cpg236
| Speed File   : -1  PRODUCTION 1.23 2018-06-13
| Design State : Routed
---------------------------------------------------------------------------------------------------------------------------------------------------------------------------------------------------------------------------------------------------

Timing Summary Report

------------------------------------------------------------------------------------------------
| Timer Settings
| --------------
------------------------------------------------------------------------------------------------

  Enable Multi Corner Analysis               :  Yes
  Enable Pessimism Removal                   :  Yes
  Pessimism Removal Resolution               :  Nearest Common Node
  Enable Input Delay Default Clock           :  No
  Enable Preset / Clear Arcs                 :  No
  Disable Flight Delays                      :  No
  Ignore I/O Paths                           :  No
  Timing Early Launch at Borrowing Latches   :  No
  Borrow Time for Max Delay Exceptions       :  Yes
  Merge Timing Exceptions                    :  Yes
  Inter-SLR Compensation                     :  Conservative

  Corner  Analyze    Analyze    
  Name    Max Paths  Min Paths  
  ------  ---------  ---------  
  Slow    Yes        Yes        
  Fast    Yes        Yes        


------------------------------------------------------------------------------------------------
| Report Methodology
| ------------------
------------------------------------------------------------------------------------------------

Rule       Severity          Description                    Violations  
---------  ----------------  -----------------------------  ----------  
TIMING-17  Critical Warning  Non-clocked sequential cell    118         
SYNTH-10   Warning           Wide multiplier                12          
TIMING-16  Warning           Large setup violation          16          
TIMING-18  Warning           Missing input or output delay  29          

Note: This report is based on the most recent report_methodology run and may not be up-to-date. Run report_methodology on the current design for the latest report.



check_timing report

Table of Contents
-----------------
1. checking no_clock (118)
2. checking constant_clock (0)
3. checking pulse_width_clock (0)
4. checking unconstrained_internal_endpoints (234)
5. checking no_input_delay (15)
6. checking no_output_delay (6)
7. checking multiple_clock (0)
8. checking generated_clocks (0)
9. checking loops (0)
10. checking partial_input_delay (0)
11. checking partial_output_delay (0)
12. checking latch_loops (0)

1. checking no_clock (118)
--------------------------
 There are 118 register/latch pins with no clock driven by root clock pin: clk_6_25/SLOW_CLOCK_reg/Q (HIGH)


2. checking constant_clock (0)
------------------------------
 There are 0 register/latch pins with constant_clock.


3. checking pulse_width_clock (0)
---------------------------------
 There are 0 register/latch pins which need pulse_width check


4. checking unconstrained_internal_endpoints (234)
--------------------------------------------------
 There are 234 pins that are not constrained for maximum delay. (HIGH)

 There are 0 pins that are not constrained for maximum delay due to constant clock.


5. checking no_input_delay (15)
-------------------------------
 There are 15 input ports with no input delay specified. (HIGH)

 There are 0 input ports with no input delay but user has a false path constraint.


6. checking no_output_delay (6)
-------------------------------
 There are 6 ports with no output delay specified. (HIGH)

 There are 0 ports with no output delay but user has a false path constraint

 There are 0 ports with no output delay but with a timing clock defined on it or propagating through it


7. checking multiple_clock (0)
------------------------------
 There are 0 register/latch pins with multiple clocks.


8. checking generated_clocks (0)
--------------------------------
 There are 0 generated clocks that are not connected to a clock source.


9. checking loops (0)
---------------------
 There are 0 combinational loops in the design.


10. checking partial_input_delay (0)
------------------------------------
 There are 0 input ports with partial input delay specified.


11. checking partial_output_delay (0)
-------------------------------------
 There are 0 ports with partial output delay specified.


12. checking latch_loops (0)
----------------------------
 There are 0 combinational latch loops in the design through latch input



------------------------------------------------------------------------------------------------
| Design Timing Summary
| ---------------------
------------------------------------------------------------------------------------------------

    WNS(ns)      TNS(ns)  TNS Failing Endpoints  TNS Total Endpoints      WHS(ns)      THS(ns)  THS Failing Endpoints  THS Total Endpoints     WPWS(ns)     TPWS(ns)  TPWS Failing Endpoints  TPWS Total Endpoints  
    -------      -------  ---------------------  -------------------      -------      -------  ---------------------  -------------------     --------     --------  ----------------------  --------------------  
    -10.637     -164.591                     16                  618        0.235        0.000                      0                  618        4.500        0.000                       0                   241  


Timing constraints are not met.


------------------------------------------------------------------------------------------------
| Clock Summary
| -------------
------------------------------------------------------------------------------------------------

Clock        Waveform(ns)       Period(ns)      Frequency(MHz)
-----        ------------       ----------      --------------
sys_clk_pin  {0.000 5.000}      10.000          100.000         


------------------------------------------------------------------------------------------------
| Intra Clock Table
| -----------------
------------------------------------------------------------------------------------------------

Clock             WNS(ns)      TNS(ns)  TNS Failing Endpoints  TNS Total Endpoints      WHS(ns)      THS(ns)  THS Failing Endpoints  THS Total Endpoints     WPWS(ns)     TPWS(ns)  TPWS Failing Endpoints  TPWS Total Endpoints  
-----             -------      -------  ---------------------  -------------------      -------      -------  ---------------------  -------------------     --------     --------  ----------------------  --------------------  
sys_clk_pin       -10.637     -164.591                     16                  618        0.235        0.000                      0                  618        4.500        0.000                       0                   241  


------------------------------------------------------------------------------------------------
| Inter Clock Table
| -----------------
------------------------------------------------------------------------------------------------

From Clock    To Clock          WNS(ns)      TNS(ns)  TNS Failing Endpoints  TNS Total Endpoints      WHS(ns)      THS(ns)  THS Failing Endpoints  THS Total Endpoints  
----------    --------          -------      -------  ---------------------  -------------------      -------      -------  ---------------------  -------------------  


------------------------------------------------------------------------------------------------
| Other Path Groups Table
| -----------------------
------------------------------------------------------------------------------------------------

Path Group    From Clock    To Clock          WNS(ns)      TNS(ns)  TNS Failing Endpoints  TNS Total Endpoints      WHS(ns)      THS(ns)  THS Failing Endpoints  THS Total Endpoints  
----------    ----------    --------          -------      -------  ---------------------  -------------------      -------      -------  ---------------------  -------------------  


------------------------------------------------------------------------------------------------
| User Ignored Path Table
| -----------------------
------------------------------------------------------------------------------------------------

Path Group    From Clock    To Clock    
----------    ----------    --------    


------------------------------------------------------------------------------------------------
| Unconstrained Path Table
| ------------------------
------------------------------------------------------------------------------------------------

Path Group    From Clock    To Clock    
----------    ----------    --------    
(none)                                    
(none)        sys_clk_pin                 
(none)                      sys_clk_pin   


------------------------------------------------------------------------------------------------
| Timing Details
| --------------
------------------------------------------------------------------------------------------------


---------------------------------------------------------------------------------------------------
From Clock:  sys_clk_pin
  To Clock:  sys_clk_pin

Setup :           16  Failing Endpoints,  Worst Slack      -10.637ns,  Total Violation     -164.591ns
Hold  :            0  Failing Endpoints,  Worst Slack        0.235ns,  Total Violation        0.000ns
PW    :            0  Failing Endpoints,  Worst Slack        4.500ns,  Total Violation        0.000ns
---------------------------------------------------------------------------------------------------


Max Delay Paths
--------------------------------------------------------------------------------------
Slack (VIOLATED) :        -10.637ns  (required time - arrival time)
  Source:                 calculatornator/operand_A_reg[1]/C
                            (rising edge-triggered cell FDRE clocked by sys_clk_pin  {rise@0.000ns fall@5.000ns period=10.000ns})
  Destination:            calculatornator/result_reg[14]/D
                            (rising edge-triggered cell FDRE clocked by sys_clk_pin  {rise@0.000ns fall@5.000ns period=10.000ns})
  Path Group:             sys_clk_pin
  Path Type:              Setup (Max at Slow Process Corner)
  Requirement:            10.000ns  (sys_clk_pin rise@10.000ns - sys_clk_pin rise@0.000ns)
  Data Path Delay:        20.514ns  (logic 13.072ns (63.721%)  route 7.442ns (36.279%))
  Logic Levels:           53  (CARRY4=42 LUT1=1 LUT3=5 LUT5=3 LUT6=2)
  Clock Path Skew:        -0.119ns (DCD - SCD + CPR)
    Destination Clock Delay (DCD):    4.849ns = ( 14.849 - 10.000 ) 
    Source Clock Delay      (SCD):    5.147ns
    Clock Pessimism Removal (CPR):    0.180ns
  Clock Uncertainty:      0.035ns  ((TSJ^2 + TIJ^2)^1/2 + DJ) / 2 + PE
    Total System Jitter     (TSJ):    0.071ns
    Total Input Jitter      (TIJ):    0.000ns
    Discrete Jitter          (DJ):    0.000ns
    Phase Error              (PE):    0.000ns

    Location             Delay type                Incr(ns)  Path(ns)    Netlist Resource(s)
  -------------------------------------------------------------------    -------------------
                         (clock sys_clk_pin rise edge)
                                                      0.000     0.000 r  
    W5                                                0.000     0.000 r  CLOCK (IN)
                         net (fo=0)                   0.000     0.000    CLOCK
    W5                   IBUF (Prop_ibuf_I_O)         1.458     1.458 r  CLOCK_IBUF_inst/O
                         net (fo=1, routed)           1.967     3.425    CLOCK_IBUF
    BUFGCTRL_X0Y0        BUFG (Prop_bufg_I_O)         0.096     3.521 r  CLOCK_IBUF_BUFG_inst/O
                         net (fo=240, routed)         1.626     5.147    calculatornator/CLOCK_IBUF_BUFG
    SLICE_X5Y32          FDRE                                         r  calculatornator/operand_A_reg[1]/C
  -------------------------------------------------------------------    -------------------
    SLICE_X5Y32          FDRE (Prop_fdre_C_Q)         0.456     5.603 r  calculatornator/operand_A_reg[1]/Q
                         net (fo=39, routed)          0.810     6.413    calculatornator/A_0[1]
    SLICE_X7Y32          LUT6 (Prop_lut6_I4_O)        0.124     6.537 r  calculatornator/spi_word[31]_i_315/O
                         net (fo=4, routed)           0.458     6.995    calculatornator/spi_word[31]_i_315_n_0
    SLICE_X6Y32          LUT5 (Prop_lut5_I0_O)        0.124     7.119 r  calculatornator/result[7]_i_44/O
                         net (fo=1, routed)           0.000     7.119    calculatornator/result[7]_i_44_n_0
    SLICE_X6Y32          CARRY4 (Prop_carry4_S[1]_CO[3])
                                                      0.533     7.652 r  calculatornator/result_reg[7]_i_36/CO[3]
                         net (fo=1, routed)           0.000     7.652    calculatornator/result_reg[7]_i_36_n_0
    SLICE_X6Y33          CARRY4 (Prop_carry4_CI_CO[3])
                                                      0.117     7.769 r  calculatornator/result_reg[7]_i_31/CO[3]
                         net (fo=1, routed)           0.000     7.769    calculatornator/result_reg[7]_i_31_n_0
    SLICE_X6Y34          CARRY4 (Prop_carry4_CI_CO[3])
                                                      0.117     7.886 r  calculatornator/result_reg[7]_i_26/CO[3]
                         net (fo=1, routed)           0.000     7.886    calculatornator/result_reg[7]_i_26_n_0
    SLICE_X6Y35          CARRY4 (Prop_carry4_CI_CO[3])
                                                      0.117     8.003 r  calculatornator/result_reg[7]_i_24/CO[3]
                         net (fo=1, routed)           0.000     8.003    calculatornator/result_reg[7]_i_24_n_0
    SLICE_X6Y36          CARRY4 (Prop_carry4_CI_CO[1])
                                                      0.157     8.160 r  calculatornator/result_reg[7]_i_23/CO[1]
                         net (fo=29, routed)          0.751     8.910    calculatornator/result_reg[7]_i_23_n_2
    SLICE_X5Y32          LUT3 (Prop_lut3_I0_O)        0.332     9.242 r  calculatornator/result[6]_i_24/O
                         net (fo=1, routed)           0.000     9.242    calculatornator/result[6]_i_24_n_0
    SLICE_X5Y32          CARRY4 (Prop_carry4_S[1]_CO[3])
                                                      0.550     9.792 r  calculatornator/result_reg[6]_i_17/CO[3]
                         net (fo=1, routed)           0.000     9.792    calculatornator/result_reg[6]_i_17_n_0
    SLICE_X5Y33          CARRY4 (Prop_carry4_CI_CO[3])
                                                      0.114     9.906 r  calculatornator/result_reg[6]_i_12/CO[3]
                         net (fo=1, routed)           0.000     9.906    calculatornator/result_reg[6]_i_12_n_0
    SLICE_X5Y34          CARRY4 (Prop_carry4_CI_CO[3])
                                                      0.114    10.020 r  calculatornator/result_reg[6]_i_7/CO[3]
                         net (fo=1, routed)           0.000    10.020    calculatornator/result_reg[6]_i_7_n_0
    SLICE_X5Y35          CARRY4 (Prop_carry4_CI_CO[3])
                                                      0.114    10.134 r  calculatornator/result_reg[6]_i_4/CO[3]
                         net (fo=1, routed)           0.000    10.134    calculatornator/result_reg[6]_i_4_n_0
    SLICE_X5Y36          CARRY4 (Prop_carry4_CI_CO[1])
                                                      0.157    10.291 r  calculatornator/result_reg[6]_i_3/CO[1]
                         net (fo=29, routed)          0.545    10.837    calculatornator/result10_in[6]
    SLICE_X5Y37          LUT3 (Prop_lut3_I0_O)        0.329    11.166 r  calculatornator/result[5]_i_24/O
                         net (fo=1, routed)           0.000    11.166    calculatornator/result[5]_i_24_n_0
    SLICE_X5Y37          CARRY4 (Prop_carry4_S[1]_CO[3])
                                                      0.550    11.716 r  calculatornator/result_reg[5]_i_17/CO[3]
                         net (fo=1, routed)           0.000    11.716    calculatornator/result_reg[5]_i_17_n_0
    SLICE_X5Y38          CARRY4 (Prop_carry4_CI_CO[3])
                                                      0.114    11.830 r  calculatornator/result_reg[5]_i_12/CO[3]
                         net (fo=1, routed)           0.000    11.830    calculatornator/result_reg[5]_i_12_n_0
    SLICE_X5Y39          CARRY4 (Prop_carry4_CI_CO[3])
                                                      0.114    11.944 r  calculatornator/result_reg[5]_i_7/CO[3]
                         net (fo=1, routed)           0.000    11.944    calculatornator/result_reg[5]_i_7_n_0
    SLICE_X5Y40          CARRY4 (Prop_carry4_CI_CO[3])
                                                      0.114    12.058 r  calculatornator/result_reg[5]_i_4/CO[3]
                         net (fo=1, routed)           0.000    12.058    calculatornator/result_reg[5]_i_4_n_0
    SLICE_X5Y41          CARRY4 (Prop_carry4_CI_CO[1])
                                                      0.157    12.215 r  calculatornator/result_reg[5]_i_3/CO[1]
                         net (fo=29, routed)          0.845    13.060    calculatornator/result10_in[5]
    SLICE_X7Y37          LUT3 (Prop_lut3_I0_O)        0.329    13.389 r  calculatornator/result[4]_i_26/O
                         net (fo=1, routed)           0.000    13.389    calculatornator/result[4]_i_26_n_0
    SLICE_X7Y37          CARRY4 (Prop_carry4_S[1]_CO[3])
                                                      0.550    13.939 r  calculatornator/result_reg[4]_i_18/CO[3]
                         net (fo=1, routed)           0.000    13.939    calculatornator/result_reg[4]_i_18_n_0
    SLICE_X7Y38          CARRY4 (Prop_carry4_CI_CO[3])
                                                      0.114    14.053 r  calculatornator/result_reg[4]_i_13/CO[3]
                         net (fo=1, routed)           0.000    14.053    calculatornator/result_reg[4]_i_13_n_0
    SLICE_X7Y39          CARRY4 (Prop_carry4_CI_CO[3])
                                                      0.114    14.167 r  calculatornator/result_reg[4]_i_5/CO[3]
                         net (fo=1, routed)           0.000    14.167    calculatornator/result_reg[4]_i_5_n_0
    SLICE_X7Y40          CARRY4 (Prop_carry4_CI_CO[1])
                                                      0.157    14.324 r  calculatornator/result_reg[4]_i_3/CO[1]
                         net (fo=29, routed)          0.611    14.935    calculatornator/result10_in[4]
    SLICE_X6Y41          LUT3 (Prop_lut3_I0_O)        0.329    15.264 r  calculatornator/result[3]_i_40/O
                         net (fo=1, routed)           0.000    15.264    calculatornator/result[3]_i_40_n_0
    SLICE_X6Y41          CARRY4 (Prop_carry4_S[1]_CO[3])
                                                      0.533    15.797 r  calculatornator/result_reg[3]_i_32/CO[3]
                         net (fo=1, routed)           0.000    15.797    calculatornator/result_reg[3]_i_32_n_0
    SLICE_X6Y42          CARRY4 (Prop_carry4_CI_CO[3])
                                                      0.117    15.914 r  calculatornator/result_reg[3]_i_26/CO[3]
                         net (fo=1, routed)           0.000    15.914    calculatornator/result_reg[3]_i_26_n_0
    SLICE_X6Y43          CARRY4 (Prop_carry4_CI_CO[3])
                                                      0.117    16.031 r  calculatornator/result_reg[3]_i_16/CO[3]
                         net (fo=1, routed)           0.000    16.031    calculatornator/result_reg[3]_i_16_n_0
    SLICE_X6Y44          CARRY4 (Prop_carry4_CI_CO[1])
                                                      0.157    16.188 r  calculatornator/result_reg[3]_i_14/CO[1]
                         net (fo=29, routed)          0.723    16.911    calculatornator/result10_in[3]
    SLICE_X7Y41          LUT6 (Prop_lut6_I0_O)        0.332    17.243 r  calculatornator/result[2]_i_33/O
                         net (fo=1, routed)           0.000    17.243    calculatornator/result[2]_i_33_n_0
    SLICE_X7Y41          CARRY4 (Prop_carry4_S[1]_CO[3])
                                                      0.550    17.793 r  calculatornator/result_reg[2]_i_26/CO[3]
                         net (fo=1, routed)           0.000    17.793    calculatornator/result_reg[2]_i_26_n_0
    SLICE_X7Y42          CARRY4 (Prop_carry4_CI_CO[3])
                                                      0.114    17.907 r  calculatornator/result_reg[2]_i_21/CO[3]
                         net (fo=1, routed)           0.000    17.907    calculatornator/result_reg[2]_i_21_n_0
    SLICE_X7Y43          CARRY4 (Prop_carry4_CI_CO[3])
                                                      0.114    18.021 r  calculatornator/result_reg[2]_i_16/CO[3]
                         net (fo=1, routed)           0.000    18.021    calculatornator/result_reg[2]_i_16_n_0
    SLICE_X7Y44          CARRY4 (Prop_carry4_CI_CO[3])
                                                      0.114    18.135 r  calculatornator/result_reg[2]_i_13/CO[3]
                         net (fo=1, routed)           0.000    18.135    calculatornator/result_reg[2]_i_13_n_0
    SLICE_X7Y45          CARRY4 (Prop_carry4_CI_CO[1])
                                                      0.157    18.292 r  calculatornator/result_reg[2]_i_11/CO[1]
                         net (fo=29, routed)          0.735    19.027    calculatornator/result10_in[2]
    SLICE_X5Y42          LUT5 (Prop_lut5_I0_O)        0.329    19.356 r  calculatornator/result[1]_i_25/O
                         net (fo=1, routed)           0.000    19.356    calculatornator/result[1]_i_25_n_0
    SLICE_X5Y42          CARRY4 (Prop_carry4_S[1]_CO[3])
                                                      0.550    19.906 r  calculatornator/result_reg[1]_i_17/CO[3]
                         net (fo=1, routed)           0.000    19.906    calculatornator/result_reg[1]_i_17_n_0
    SLICE_X5Y43          CARRY4 (Prop_carry4_CI_CO[3])
                                                      0.114    20.020 r  calculatornator/result_reg[1]_i_12/CO[3]
                         net (fo=1, routed)           0.000    20.020    calculatornator/result_reg[1]_i_12_n_0
    SLICE_X5Y44          CARRY4 (Prop_carry4_CI_CO[3])
                                                      0.114    20.134 r  calculatornator/result_reg[1]_i_7/CO[3]
                         net (fo=1, routed)           0.000    20.134    calculatornator/result_reg[1]_i_7_n_0
    SLICE_X5Y45          CARRY4 (Prop_carry4_CI_CO[3])
                                                      0.114    20.248 r  calculatornator/result_reg[1]_i_4/CO[3]
                         net (fo=1, routed)           0.000    20.248    calculatornator/result_reg[1]_i_4_n_0
    SLICE_X5Y46          CARRY4 (Prop_carry4_CI_CO[1])
                                                      0.157    20.405 r  calculatornator/result_reg[1]_i_3/CO[1]
                         net (fo=29, routed)          0.886    21.291    calculatornator/result10_in[1]
    SLICE_X4Y42          LUT3 (Prop_lut3_I0_O)        0.329    21.620 r  calculatornator/result[0]_i_23/O
                         net (fo=1, routed)           0.000    21.620    calculatornator/result[0]_i_23_n_0
    SLICE_X4Y42          CARRY4 (Prop_carry4_S[0]_CO[3])
                                                      0.532    22.152 r  calculatornator/result_reg[0]_i_15/CO[3]
                         net (fo=1, routed)           0.000    22.152    calculatornator/result_reg[0]_i_15_n_0
    SLICE_X4Y43          CARRY4 (Prop_carry4_CI_CO[3])
                                                      0.114    22.266 r  calculatornator/result_reg[0]_i_10/CO[3]
                         net (fo=1, routed)           0.000    22.266    calculatornator/result_reg[0]_i_10_n_0
    SLICE_X4Y44          CARRY4 (Prop_carry4_CI_CO[3])
                                                      0.114    22.380 r  calculatornator/result_reg[0]_i_5/CO[3]
                         net (fo=1, routed)           0.000    22.380    calculatornator/result_reg[0]_i_5_n_0
    SLICE_X4Y45          CARRY4 (Prop_carry4_CI_CO[3])
                                                      0.114    22.494 r  calculatornator/result_reg[0]_i_3/CO[3]
                         net (fo=1, routed)           0.000    22.494    calculatornator/result_reg[0]_i_3_n_0
    SLICE_X4Y46          CARRY4 (Prop_carry4_CI_CO[0])
                                                      0.271    22.765 f  calculatornator/result_reg[0]_i_2/CO[0]
                         net (fo=2, routed)           0.309    23.074    calculatornator/result10_in[0]
    SLICE_X5Y47          LUT1 (Prop_lut1_I0_O)        0.373    23.447 r  calculatornator/result[4]_i_8/O
                         net (fo=1, routed)           0.336    23.783    calculatornator/result[4]_i_8_n_0
    SLICE_X4Y48          CARRY4 (Prop_carry4_CYINIT_CO[3])
                                                      0.580    24.363 r  calculatornator/result_reg[4]_i_4/CO[3]
                         net (fo=1, routed)           0.000    24.363    calculatornator/result_reg[4]_i_4_n_0
    SLICE_X4Y49          CARRY4 (Prop_carry4_CI_CO[3])
                                                      0.114    24.477 r  calculatornator/result_reg[8]_i_5/CO[3]
                         net (fo=1, routed)           0.001    24.477    calculatornator/result_reg[8]_i_5_n_0
    SLICE_X4Y50          CARRY4 (Prop_carry4_CI_CO[3])
                                                      0.114    24.591 r  calculatornator/result_reg[12]_i_5/CO[3]
                         net (fo=1, routed)           0.000    24.591    calculatornator/result_reg[12]_i_5_n_0
    SLICE_X4Y51          CARRY4 (Prop_carry4_CI_O[1])
                                                      0.334    24.925 r  calculatornator/result_reg[15]_i_20/O[1]
                         net (fo=1, routed)           0.433    25.359    calculatornator/result1[14]
    SLICE_X7Y51          LUT5 (Prop_lut5_I4_O)        0.303    25.662 r  calculatornator/result[14]_i_1_comp/O
                         net (fo=1, routed)           0.000    25.662    calculatornator/p_2_in[14]
    SLICE_X7Y51          FDRE                                         r  calculatornator/result_reg[14]/D
  -------------------------------------------------------------------    -------------------

                         (clock sys_clk_pin rise edge)
                                                     10.000    10.000 r  
    W5                                                0.000    10.000 r  CLOCK (IN)
                         net (fo=0)                   0.000    10.000    CLOCK
    W5                   IBUF (Prop_ibuf_I_O)         1.388    11.388 r  CLOCK_IBUF_inst/O
                         net (fo=1, routed)           1.862    13.250    CLOCK_IBUF
    BUFGCTRL_X0Y0        BUFG (Prop_bufg_I_O)         0.091    13.341 r  CLOCK_IBUF_BUFG_inst/O
                         net (fo=240, routed)         1.508    14.849    calculatornator/CLOCK_IBUF_BUFG
    SLICE_X7Y51          FDRE                                         r  calculatornator/result_reg[14]/C
                         clock pessimism              0.180    15.029    
                         clock uncertainty           -0.035    14.993    
    SLICE_X7Y51          FDRE (Setup_fdre_C_D)        0.031    15.024    calculatornator/result_reg[14]
  -------------------------------------------------------------------
                         required time                         15.024    
                         arrival time                         -25.662    
  -------------------------------------------------------------------
                         slack                                -10.637    

Slack (VIOLATED) :        -10.624ns  (required time - arrival time)
  Source:                 calculatornator/operand_A_reg[1]/C
                            (rising edge-triggered cell FDRE clocked by sys_clk_pin  {rise@0.000ns fall@5.000ns period=10.000ns})
  Destination:            calculatornator/result_reg[7]/D
                            (rising edge-triggered cell FDRE clocked by sys_clk_pin  {rise@0.000ns fall@5.000ns period=10.000ns})
  Path Group:             sys_clk_pin
  Path Type:              Setup (Max at Slow Process Corner)
  Requirement:            10.000ns  (sys_clk_pin rise@10.000ns - sys_clk_pin rise@0.000ns)
  Data Path Delay:        20.605ns  (logic 12.872ns (62.471%)  route 7.733ns (37.529%))
  Logic Levels:           52  (CARRY4=40 LUT1=1 LUT3=5 LUT5=2 LUT6=4)
  Clock Path Skew:        -0.015ns (DCD - SCD + CPR)
    Destination Clock Delay (DCD):    4.859ns = ( 14.859 - 10.000 ) 
    Source Clock Delay      (SCD):    5.147ns
    Clock Pessimism Removal (CPR):    0.273ns
  Clock Uncertainty:      0.035ns  ((TSJ^2 + TIJ^2)^1/2 + DJ) / 2 + PE
    Total System Jitter     (TSJ):    0.071ns
    Total Input Jitter      (TIJ):    0.000ns
    Discrete Jitter          (DJ):    0.000ns
    Phase Error              (PE):    0.000ns

    Location             Delay type                Incr(ns)  Path(ns)    Netlist Resource(s)
  -------------------------------------------------------------------    -------------------
                         (clock sys_clk_pin rise edge)
                                                      0.000     0.000 r  
    W5                                                0.000     0.000 r  CLOCK (IN)
                         net (fo=0)                   0.000     0.000    CLOCK
    W5                   IBUF (Prop_ibuf_I_O)         1.458     1.458 r  CLOCK_IBUF_inst/O
                         net (fo=1, routed)           1.967     3.425    CLOCK_IBUF
    BUFGCTRL_X0Y0        BUFG (Prop_bufg_I_O)         0.096     3.521 r  CLOCK_IBUF_BUFG_inst/O
                         net (fo=240, routed)         1.626     5.147    calculatornator/CLOCK_IBUF_BUFG
    SLICE_X5Y32          FDRE                                         r  calculatornator/operand_A_reg[1]/C
  -------------------------------------------------------------------    -------------------
    SLICE_X5Y32          FDRE (Prop_fdre_C_Q)         0.456     5.603 r  calculatornator/operand_A_reg[1]/Q
                         net (fo=39, routed)          0.810     6.413    calculatornator/A_0[1]
    SLICE_X7Y32          LUT6 (Prop_lut6_I4_O)        0.124     6.537 r  calculatornator/spi_word[31]_i_315/O
                         net (fo=4, routed)           0.458     6.995    calculatornator/spi_word[31]_i_315_n_0
    SLICE_X6Y32          LUT5 (Prop_lut5_I0_O)        0.124     7.119 r  calculatornator/result[7]_i_44/O
                         net (fo=1, routed)           0.000     7.119    calculatornator/result[7]_i_44_n_0
    SLICE_X6Y32          CARRY4 (Prop_carry4_S[1]_CO[3])
                                                      0.533     7.652 r  calculatornator/result_reg[7]_i_36/CO[3]
                         net (fo=1, routed)           0.000     7.652    calculatornator/result_reg[7]_i_36_n_0
    SLICE_X6Y33          CARRY4 (Prop_carry4_CI_CO[3])
                                                      0.117     7.769 r  calculatornator/result_reg[7]_i_31/CO[3]
                         net (fo=1, routed)           0.000     7.769    calculatornator/result_reg[7]_i_31_n_0
    SLICE_X6Y34          CARRY4 (Prop_carry4_CI_CO[3])
                                                      0.117     7.886 r  calculatornator/result_reg[7]_i_26/CO[3]
                         net (fo=1, routed)           0.000     7.886    calculatornator/result_reg[7]_i_26_n_0
    SLICE_X6Y35          CARRY4 (Prop_carry4_CI_CO[3])
                                                      0.117     8.003 r  calculatornator/result_reg[7]_i_24/CO[3]
                         net (fo=1, routed)           0.000     8.003    calculatornator/result_reg[7]_i_24_n_0
    SLICE_X6Y36          CARRY4 (Prop_carry4_CI_CO[1])
                                                      0.157     8.160 r  calculatornator/result_reg[7]_i_23/CO[1]
                         net (fo=29, routed)          0.751     8.910    calculatornator/result_reg[7]_i_23_n_2
    SLICE_X5Y32          LUT3 (Prop_lut3_I0_O)        0.332     9.242 r  calculatornator/result[6]_i_24/O
                         net (fo=1, routed)           0.000     9.242    calculatornator/result[6]_i_24_n_0
    SLICE_X5Y32          CARRY4 (Prop_carry4_S[1]_CO[3])
                                                      0.550     9.792 r  calculatornator/result_reg[6]_i_17/CO[3]
                         net (fo=1, routed)           0.000     9.792    calculatornator/result_reg[6]_i_17_n_0
    SLICE_X5Y33          CARRY4 (Prop_carry4_CI_CO[3])
                                                      0.114     9.906 r  calculatornator/result_reg[6]_i_12/CO[3]
                         net (fo=1, routed)           0.000     9.906    calculatornator/result_reg[6]_i_12_n_0
    SLICE_X5Y34          CARRY4 (Prop_carry4_CI_CO[3])
                                                      0.114    10.020 r  calculatornator/result_reg[6]_i_7/CO[3]
                         net (fo=1, routed)           0.000    10.020    calculatornator/result_reg[6]_i_7_n_0
    SLICE_X5Y35          CARRY4 (Prop_carry4_CI_CO[3])
                                                      0.114    10.134 r  calculatornator/result_reg[6]_i_4/CO[3]
                         net (fo=1, routed)           0.000    10.134    calculatornator/result_reg[6]_i_4_n_0
    SLICE_X5Y36          CARRY4 (Prop_carry4_CI_CO[1])
                                                      0.157    10.291 r  calculatornator/result_reg[6]_i_3/CO[1]
                         net (fo=29, routed)          0.545    10.837    calculatornator/result10_in[6]
    SLICE_X5Y37          LUT3 (Prop_lut3_I0_O)        0.329    11.166 r  calculatornator/result[5]_i_24/O
                         net (fo=1, routed)           0.000    11.166    calculatornator/result[5]_i_24_n_0
    SLICE_X5Y37          CARRY4 (Prop_carry4_S[1]_CO[3])
                                                      0.550    11.716 r  calculatornator/result_reg[5]_i_17/CO[3]
                         net (fo=1, routed)           0.000    11.716    calculatornator/result_reg[5]_i_17_n_0
    SLICE_X5Y38          CARRY4 (Prop_carry4_CI_CO[3])
                                                      0.114    11.830 r  calculatornator/result_reg[5]_i_12/CO[3]
                         net (fo=1, routed)           0.000    11.830    calculatornator/result_reg[5]_i_12_n_0
    SLICE_X5Y39          CARRY4 (Prop_carry4_CI_CO[3])
                                                      0.114    11.944 r  calculatornator/result_reg[5]_i_7/CO[3]
                         net (fo=1, routed)           0.000    11.944    calculatornator/result_reg[5]_i_7_n_0
    SLICE_X5Y40          CARRY4 (Prop_carry4_CI_CO[3])
                                                      0.114    12.058 r  calculatornator/result_reg[5]_i_4/CO[3]
                         net (fo=1, routed)           0.000    12.058    calculatornator/result_reg[5]_i_4_n_0
    SLICE_X5Y41          CARRY4 (Prop_carry4_CI_CO[1])
                                                      0.157    12.215 r  calculatornator/result_reg[5]_i_3/CO[1]
                         net (fo=29, routed)          0.845    13.060    calculatornator/result10_in[5]
    SLICE_X7Y37          LUT3 (Prop_lut3_I0_O)        0.329    13.389 r  calculatornator/result[4]_i_26/O
                         net (fo=1, routed)           0.000    13.389    calculatornator/result[4]_i_26_n_0
    SLICE_X7Y37          CARRY4 (Prop_carry4_S[1]_CO[3])
                                                      0.550    13.939 r  calculatornator/result_reg[4]_i_18/CO[3]
                         net (fo=1, routed)           0.000    13.939    calculatornator/result_reg[4]_i_18_n_0
    SLICE_X7Y38          CARRY4 (Prop_carry4_CI_CO[3])
                                                      0.114    14.053 r  calculatornator/result_reg[4]_i_13/CO[3]
                         net (fo=1, routed)           0.000    14.053    calculatornator/result_reg[4]_i_13_n_0
    SLICE_X7Y39          CARRY4 (Prop_carry4_CI_CO[3])
                                                      0.114    14.167 r  calculatornator/result_reg[4]_i_5/CO[3]
                         net (fo=1, routed)           0.000    14.167    calculatornator/result_reg[4]_i_5_n_0
    SLICE_X7Y40          CARRY4 (Prop_carry4_CI_CO[1])
                                                      0.157    14.324 r  calculatornator/result_reg[4]_i_3/CO[1]
                         net (fo=29, routed)          0.611    14.935    calculatornator/result10_in[4]
    SLICE_X6Y41          LUT3 (Prop_lut3_I0_O)        0.329    15.264 r  calculatornator/result[3]_i_40/O
                         net (fo=1, routed)           0.000    15.264    calculatornator/result[3]_i_40_n_0
    SLICE_X6Y41          CARRY4 (Prop_carry4_S[1]_CO[3])
                                                      0.533    15.797 r  calculatornator/result_reg[3]_i_32/CO[3]
                         net (fo=1, routed)           0.000    15.797    calculatornator/result_reg[3]_i_32_n_0
    SLICE_X6Y42          CARRY4 (Prop_carry4_CI_CO[3])
                                                      0.117    15.914 r  calculatornator/result_reg[3]_i_26/CO[3]
                         net (fo=1, routed)           0.000    15.914    calculatornator/result_reg[3]_i_26_n_0
    SLICE_X6Y43          CARRY4 (Prop_carry4_CI_CO[3])
                                                      0.117    16.031 r  calculatornator/result_reg[3]_i_16/CO[3]
                         net (fo=1, routed)           0.000    16.031    calculatornator/result_reg[3]_i_16_n_0
    SLICE_X6Y44          CARRY4 (Prop_carry4_CI_CO[1])
                                                      0.157    16.188 r  calculatornator/result_reg[3]_i_14/CO[1]
                         net (fo=29, routed)          0.723    16.911    calculatornator/result10_in[3]
    SLICE_X7Y41          LUT6 (Prop_lut6_I0_O)        0.332    17.243 r  calculatornator/result[2]_i_33/O
                         net (fo=1, routed)           0.000    17.243    calculatornator/result[2]_i_33_n_0
    SLICE_X7Y41          CARRY4 (Prop_carry4_S[1]_CO[3])
                                                      0.550    17.793 r  calculatornator/result_reg[2]_i_26/CO[3]
                         net (fo=1, routed)           0.000    17.793    calculatornator/result_reg[2]_i_26_n_0
    SLICE_X7Y42          CARRY4 (Prop_carry4_CI_CO[3])
                                                      0.114    17.907 r  calculatornator/result_reg[2]_i_21/CO[3]
                         net (fo=1, routed)           0.000    17.907    calculatornator/result_reg[2]_i_21_n_0
    SLICE_X7Y43          CARRY4 (Prop_carry4_CI_CO[3])
                                                      0.114    18.021 r  calculatornator/result_reg[2]_i_16/CO[3]
                         net (fo=1, routed)           0.000    18.021    calculatornator/result_reg[2]_i_16_n_0
    SLICE_X7Y44          CARRY4 (Prop_carry4_CI_CO[3])
                                                      0.114    18.135 r  calculatornator/result_reg[2]_i_13/CO[3]
                         net (fo=1, routed)           0.000    18.135    calculatornator/result_reg[2]_i_13_n_0
    SLICE_X7Y45          CARRY4 (Prop_carry4_CI_CO[1])
                                                      0.157    18.292 r  calculatornator/result_reg[2]_i_11/CO[1]
                         net (fo=29, routed)          0.735    19.027    calculatornator/result10_in[2]
    SLICE_X5Y42          LUT5 (Prop_lut5_I0_O)        0.329    19.356 r  calculatornator/result[1]_i_25/O
                         net (fo=1, routed)           0.000    19.356    calculatornator/result[1]_i_25_n_0
    SLICE_X5Y42          CARRY4 (Prop_carry4_S[1]_CO[3])
                                                      0.550    19.906 r  calculatornator/result_reg[1]_i_17/CO[3]
                         net (fo=1, routed)           0.000    19.906    calculatornator/result_reg[1]_i_17_n_0
    SLICE_X5Y43          CARRY4 (Prop_carry4_CI_CO[3])
                                                      0.114    20.020 r  calculatornator/result_reg[1]_i_12/CO[3]
                         net (fo=1, routed)           0.000    20.020    calculatornator/result_reg[1]_i_12_n_0
    SLICE_X5Y44          CARRY4 (Prop_carry4_CI_CO[3])
                                                      0.114    20.134 r  calculatornator/result_reg[1]_i_7/CO[3]
                         net (fo=1, routed)           0.000    20.134    calculatornator/result_reg[1]_i_7_n_0
    SLICE_X5Y45          CARRY4 (Prop_carry4_CI_CO[3])
                                                      0.114    20.248 r  calculatornator/result_reg[1]_i_4/CO[3]
                         net (fo=1, routed)           0.000    20.248    calculatornator/result_reg[1]_i_4_n_0
    SLICE_X5Y46          CARRY4 (Prop_carry4_CI_CO[1])
                                                      0.157    20.405 r  calculatornator/result_reg[1]_i_3/CO[1]
                         net (fo=29, routed)          0.886    21.291    calculatornator/result10_in[1]
    SLICE_X4Y42          LUT3 (Prop_lut3_I0_O)        0.329    21.620 r  calculatornator/result[0]_i_23/O
                         net (fo=1, routed)           0.000    21.620    calculatornator/result[0]_i_23_n_0
    SLICE_X4Y42          CARRY4 (Prop_carry4_S[0]_CO[3])
                                                      0.532    22.152 r  calculatornator/result_reg[0]_i_15/CO[3]
                         net (fo=1, routed)           0.000    22.152    calculatornator/result_reg[0]_i_15_n_0
    SLICE_X4Y43          CARRY4 (Prop_carry4_CI_CO[3])
                                                      0.114    22.266 r  calculatornator/result_reg[0]_i_10/CO[3]
                         net (fo=1, routed)           0.000    22.266    calculatornator/result_reg[0]_i_10_n_0
    SLICE_X4Y44          CARRY4 (Prop_carry4_CI_CO[3])
                                                      0.114    22.380 r  calculatornator/result_reg[0]_i_5/CO[3]
                         net (fo=1, routed)           0.000    22.380    calculatornator/result_reg[0]_i_5_n_0
    SLICE_X4Y45          CARRY4 (Prop_carry4_CI_CO[3])
                                                      0.114    22.494 r  calculatornator/result_reg[0]_i_3/CO[3]
                         net (fo=1, routed)           0.000    22.494    calculatornator/result_reg[0]_i_3_n_0
    SLICE_X4Y46          CARRY4 (Prop_carry4_CI_CO[0])
                                                      0.271    22.765 f  calculatornator/result_reg[0]_i_2/CO[0]
                         net (fo=2, routed)           0.309    23.074    calculatornator/result10_in[0]
    SLICE_X5Y47          LUT1 (Prop_lut1_I0_O)        0.373    23.447 r  calculatornator/result[4]_i_8/O
                         net (fo=1, routed)           0.336    23.783    calculatornator/result[4]_i_8_n_0
    SLICE_X4Y48          CARRY4 (Prop_carry4_CYINIT_CO[3])
                                                      0.580    24.363 r  calculatornator/result_reg[4]_i_4/CO[3]
                         net (fo=1, routed)           0.000    24.363    calculatornator/result_reg[4]_i_4_n_0
    SLICE_X4Y49          CARRY4 (Prop_carry4_CI_O[2])
                                                      0.239    24.602 r  calculatornator/result_reg[8]_i_5/O[2]
                         net (fo=1, routed)           0.440    25.042    calculatornator/result1[7]
    SLICE_X5Y47          LUT6 (Prop_lut6_I1_O)        0.302    25.344 r  calculatornator/result[7]_i_5/O
                         net (fo=1, routed)           0.284    25.628    calculatornator/result[7]_i_5_n_0
    SLICE_X7Y47          LUT6 (Prop_lut6_I5_O)        0.124    25.752 r  calculatornator/result[7]_i_1/O
                         net (fo=1, routed)           0.000    25.752    calculatornator/p_2_in[7]
    SLICE_X7Y47          FDRE                                         r  calculatornator/result_reg[7]/D
  -------------------------------------------------------------------    -------------------

                         (clock sys_clk_pin rise edge)
                                                     10.000    10.000 r  
    W5                                                0.000    10.000 r  CLOCK (IN)
                         net (fo=0)                   0.000    10.000    CLOCK
    W5                   IBUF (Prop_ibuf_I_O)         1.388    11.388 r  CLOCK_IBUF_inst/O
                         net (fo=1, routed)           1.862    13.250    CLOCK_IBUF
    BUFGCTRL_X0Y0        BUFG (Prop_bufg_I_O)         0.091    13.341 r  CLOCK_IBUF_BUFG_inst/O
                         net (fo=240, routed)         1.518    14.859    calculatornator/CLOCK_IBUF_BUFG
    SLICE_X7Y47          FDRE                                         r  calculatornator/result_reg[7]/C
                         clock pessimism              0.273    15.132    
                         clock uncertainty           -0.035    15.097    
    SLICE_X7Y47          FDRE (Setup_fdre_C_D)        0.031    15.128    calculatornator/result_reg[7]
  -------------------------------------------------------------------
                         required time                         15.128    
                         arrival time                         -25.752    
  -------------------------------------------------------------------
                         slack                                -10.624    

Slack (VIOLATED) :        -10.622ns  (required time - arrival time)
  Source:                 calculatornator/operand_A_reg[1]/C
                            (rising edge-triggered cell FDRE clocked by sys_clk_pin  {rise@0.000ns fall@5.000ns period=10.000ns})
  Destination:            calculatornator/result_reg[12]/D
                            (rising edge-triggered cell FDRE clocked by sys_clk_pin  {rise@0.000ns fall@5.000ns period=10.000ns})
  Path Group:             sys_clk_pin
  Path Type:              Setup (Max at Slow Process Corner)
  Requirement:            10.000ns  (sys_clk_pin rise@10.000ns - sys_clk_pin rise@0.000ns)
  Data Path Delay:        20.550ns  (logic 13.064ns (63.570%)  route 7.486ns (36.430%))
  Logic Levels:           53  (CARRY4=41 LUT1=1 LUT3=5 LUT5=2 LUT6=4)
  Clock Path Skew:        -0.117ns (DCD - SCD + CPR)
    Destination Clock Delay (DCD):    4.851ns = ( 14.851 - 10.000 ) 
    Source Clock Delay      (SCD):    5.147ns
    Clock Pessimism Removal (CPR):    0.180ns
  Clock Uncertainty:      0.035ns  ((TSJ^2 + TIJ^2)^1/2 + DJ) / 2 + PE
    Total System Jitter     (TSJ):    0.071ns
    Total Input Jitter      (TIJ):    0.000ns
    Discrete Jitter          (DJ):    0.000ns
    Phase Error              (PE):    0.000ns

    Location             Delay type                Incr(ns)  Path(ns)    Netlist Resource(s)
  -------------------------------------------------------------------    -------------------
                         (clock sys_clk_pin rise edge)
                                                      0.000     0.000 r  
    W5                                                0.000     0.000 r  CLOCK (IN)
                         net (fo=0)                   0.000     0.000    CLOCK
    W5                   IBUF (Prop_ibuf_I_O)         1.458     1.458 r  CLOCK_IBUF_inst/O
                         net (fo=1, routed)           1.967     3.425    CLOCK_IBUF
    BUFGCTRL_X0Y0        BUFG (Prop_bufg_I_O)         0.096     3.521 r  CLOCK_IBUF_BUFG_inst/O
                         net (fo=240, routed)         1.626     5.147    calculatornator/CLOCK_IBUF_BUFG
    SLICE_X5Y32          FDRE                                         r  calculatornator/operand_A_reg[1]/C
  -------------------------------------------------------------------    -------------------
    SLICE_X5Y32          FDRE (Prop_fdre_C_Q)         0.456     5.603 r  calculatornator/operand_A_reg[1]/Q
                         net (fo=39, routed)          0.810     6.413    calculatornator/A_0[1]
    SLICE_X7Y32          LUT6 (Prop_lut6_I4_O)        0.124     6.537 r  calculatornator/spi_word[31]_i_315/O
                         net (fo=4, routed)           0.458     6.995    calculatornator/spi_word[31]_i_315_n_0
    SLICE_X6Y32          LUT5 (Prop_lut5_I0_O)        0.124     7.119 r  calculatornator/result[7]_i_44/O
                         net (fo=1, routed)           0.000     7.119    calculatornator/result[7]_i_44_n_0
    SLICE_X6Y32          CARRY4 (Prop_carry4_S[1]_CO[3])
                                                      0.533     7.652 r  calculatornator/result_reg[7]_i_36/CO[3]
                         net (fo=1, routed)           0.000     7.652    calculatornator/result_reg[7]_i_36_n_0
    SLICE_X6Y33          CARRY4 (Prop_carry4_CI_CO[3])
                                                      0.117     7.769 r  calculatornator/result_reg[7]_i_31/CO[3]
                         net (fo=1, routed)           0.000     7.769    calculatornator/result_reg[7]_i_31_n_0
    SLICE_X6Y34          CARRY4 (Prop_carry4_CI_CO[3])
                                                      0.117     7.886 r  calculatornator/result_reg[7]_i_26/CO[3]
                         net (fo=1, routed)           0.000     7.886    calculatornator/result_reg[7]_i_26_n_0
    SLICE_X6Y35          CARRY4 (Prop_carry4_CI_CO[3])
                                                      0.117     8.003 r  calculatornator/result_reg[7]_i_24/CO[3]
                         net (fo=1, routed)           0.000     8.003    calculatornator/result_reg[7]_i_24_n_0
    SLICE_X6Y36          CARRY4 (Prop_carry4_CI_CO[1])
                                                      0.157     8.160 r  calculatornator/result_reg[7]_i_23/CO[1]
                         net (fo=29, routed)          0.751     8.910    calculatornator/result_reg[7]_i_23_n_2
    SLICE_X5Y32          LUT3 (Prop_lut3_I0_O)        0.332     9.242 r  calculatornator/result[6]_i_24/O
                         net (fo=1, routed)           0.000     9.242    calculatornator/result[6]_i_24_n_0
    SLICE_X5Y32          CARRY4 (Prop_carry4_S[1]_CO[3])
                                                      0.550     9.792 r  calculatornator/result_reg[6]_i_17/CO[3]
                         net (fo=1, routed)           0.000     9.792    calculatornator/result_reg[6]_i_17_n_0
    SLICE_X5Y33          CARRY4 (Prop_carry4_CI_CO[3])
                                                      0.114     9.906 r  calculatornator/result_reg[6]_i_12/CO[3]
                         net (fo=1, routed)           0.000     9.906    calculatornator/result_reg[6]_i_12_n_0
    SLICE_X5Y34          CARRY4 (Prop_carry4_CI_CO[3])
                                                      0.114    10.020 r  calculatornator/result_reg[6]_i_7/CO[3]
                         net (fo=1, routed)           0.000    10.020    calculatornator/result_reg[6]_i_7_n_0
    SLICE_X5Y35          CARRY4 (Prop_carry4_CI_CO[3])
                                                      0.114    10.134 r  calculatornator/result_reg[6]_i_4/CO[3]
                         net (fo=1, routed)           0.000    10.134    calculatornator/result_reg[6]_i_4_n_0
    SLICE_X5Y36          CARRY4 (Prop_carry4_CI_CO[1])
                                                      0.157    10.291 r  calculatornator/result_reg[6]_i_3/CO[1]
                         net (fo=29, routed)          0.545    10.837    calculatornator/result10_in[6]
    SLICE_X5Y37          LUT3 (Prop_lut3_I0_O)        0.329    11.166 r  calculatornator/result[5]_i_24/O
                         net (fo=1, routed)           0.000    11.166    calculatornator/result[5]_i_24_n_0
    SLICE_X5Y37          CARRY4 (Prop_carry4_S[1]_CO[3])
                                                      0.550    11.716 r  calculatornator/result_reg[5]_i_17/CO[3]
                         net (fo=1, routed)           0.000    11.716    calculatornator/result_reg[5]_i_17_n_0
    SLICE_X5Y38          CARRY4 (Prop_carry4_CI_CO[3])
                                                      0.114    11.830 r  calculatornator/result_reg[5]_i_12/CO[3]
                         net (fo=1, routed)           0.000    11.830    calculatornator/result_reg[5]_i_12_n_0
    SLICE_X5Y39          CARRY4 (Prop_carry4_CI_CO[3])
                                                      0.114    11.944 r  calculatornator/result_reg[5]_i_7/CO[3]
                         net (fo=1, routed)           0.000    11.944    calculatornator/result_reg[5]_i_7_n_0
    SLICE_X5Y40          CARRY4 (Prop_carry4_CI_CO[3])
                                                      0.114    12.058 r  calculatornator/result_reg[5]_i_4/CO[3]
                         net (fo=1, routed)           0.000    12.058    calculatornator/result_reg[5]_i_4_n_0
    SLICE_X5Y41          CARRY4 (Prop_carry4_CI_CO[1])
                                                      0.157    12.215 r  calculatornator/result_reg[5]_i_3/CO[1]
                         net (fo=29, routed)          0.845    13.060    calculatornator/result10_in[5]
    SLICE_X7Y37          LUT3 (Prop_lut3_I0_O)        0.329    13.389 r  calculatornator/result[4]_i_26/O
                         net (fo=1, routed)           0.000    13.389    calculatornator/result[4]_i_26_n_0
    SLICE_X7Y37          CARRY4 (Prop_carry4_S[1]_CO[3])
                                                      0.550    13.939 r  calculatornator/result_reg[4]_i_18/CO[3]
                         net (fo=1, routed)           0.000    13.939    calculatornator/result_reg[4]_i_18_n_0
    SLICE_X7Y38          CARRY4 (Prop_carry4_CI_CO[3])
                                                      0.114    14.053 r  calculatornator/result_reg[4]_i_13/CO[3]
                         net (fo=1, routed)           0.000    14.053    calculatornator/result_reg[4]_i_13_n_0
    SLICE_X7Y39          CARRY4 (Prop_carry4_CI_CO[3])
                                                      0.114    14.167 r  calculatornator/result_reg[4]_i_5/CO[3]
                         net (fo=1, routed)           0.000    14.167    calculatornator/result_reg[4]_i_5_n_0
    SLICE_X7Y40          CARRY4 (Prop_carry4_CI_CO[1])
                                                      0.157    14.324 r  calculatornator/result_reg[4]_i_3/CO[1]
                         net (fo=29, routed)          0.611    14.935    calculatornator/result10_in[4]
    SLICE_X6Y41          LUT3 (Prop_lut3_I0_O)        0.329    15.264 r  calculatornator/result[3]_i_40/O
                         net (fo=1, routed)           0.000    15.264    calculatornator/result[3]_i_40_n_0
    SLICE_X6Y41          CARRY4 (Prop_carry4_S[1]_CO[3])
                                                      0.533    15.797 r  calculatornator/result_reg[3]_i_32/CO[3]
                         net (fo=1, routed)           0.000    15.797    calculatornator/result_reg[3]_i_32_n_0
    SLICE_X6Y42          CARRY4 (Prop_carry4_CI_CO[3])
                                                      0.117    15.914 r  calculatornator/result_reg[3]_i_26/CO[3]
                         net (fo=1, routed)           0.000    15.914    calculatornator/result_reg[3]_i_26_n_0
    SLICE_X6Y43          CARRY4 (Prop_carry4_CI_CO[3])
                                                      0.117    16.031 r  calculatornator/result_reg[3]_i_16/CO[3]
                         net (fo=1, routed)           0.000    16.031    calculatornator/result_reg[3]_i_16_n_0
    SLICE_X6Y44          CARRY4 (Prop_carry4_CI_CO[1])
                                                      0.157    16.188 r  calculatornator/result_reg[3]_i_14/CO[1]
                         net (fo=29, routed)          0.723    16.911    calculatornator/result10_in[3]
    SLICE_X7Y41          LUT6 (Prop_lut6_I0_O)        0.332    17.243 r  calculatornator/result[2]_i_33/O
                         net (fo=1, routed)           0.000    17.243    calculatornator/result[2]_i_33_n_0
    SLICE_X7Y41          CARRY4 (Prop_carry4_S[1]_CO[3])
                                                      0.550    17.793 r  calculatornator/result_reg[2]_i_26/CO[3]
                         net (fo=1, routed)           0.000    17.793    calculatornator/result_reg[2]_i_26_n_0
    SLICE_X7Y42          CARRY4 (Prop_carry4_CI_CO[3])
                                                      0.114    17.907 r  calculatornator/result_reg[2]_i_21/CO[3]
                         net (fo=1, routed)           0.000    17.907    calculatornator/result_reg[2]_i_21_n_0
    SLICE_X7Y43          CARRY4 (Prop_carry4_CI_CO[3])
                                                      0.114    18.021 r  calculatornator/result_reg[2]_i_16/CO[3]
                         net (fo=1, routed)           0.000    18.021    calculatornator/result_reg[2]_i_16_n_0
    SLICE_X7Y44          CARRY4 (Prop_carry4_CI_CO[3])
                                                      0.114    18.135 r  calculatornator/result_reg[2]_i_13/CO[3]
                         net (fo=1, routed)           0.000    18.135    calculatornator/result_reg[2]_i_13_n_0
    SLICE_X7Y45          CARRY4 (Prop_carry4_CI_CO[1])
                                                      0.157    18.292 r  calculatornator/result_reg[2]_i_11/CO[1]
                         net (fo=29, routed)          0.735    19.027    calculatornator/result10_in[2]
    SLICE_X5Y42          LUT5 (Prop_lut5_I0_O)        0.329    19.356 r  calculatornator/result[1]_i_25/O
                         net (fo=1, routed)           0.000    19.356    calculatornator/result[1]_i_25_n_0
    SLICE_X5Y42          CARRY4 (Prop_carry4_S[1]_CO[3])
                                                      0.550    19.906 r  calculatornator/result_reg[1]_i_17/CO[3]
                         net (fo=1, routed)           0.000    19.906    calculatornator/result_reg[1]_i_17_n_0
    SLICE_X5Y43          CARRY4 (Prop_carry4_CI_CO[3])
                                                      0.114    20.020 r  calculatornator/result_reg[1]_i_12/CO[3]
                         net (fo=1, routed)           0.000    20.020    calculatornator/result_reg[1]_i_12_n_0
    SLICE_X5Y44          CARRY4 (Prop_carry4_CI_CO[3])
                                                      0.114    20.134 r  calculatornator/result_reg[1]_i_7/CO[3]
                         net (fo=1, routed)           0.000    20.134    calculatornator/result_reg[1]_i_7_n_0
    SLICE_X5Y45          CARRY4 (Prop_carry4_CI_CO[3])
                                                      0.114    20.248 r  calculatornator/result_reg[1]_i_4/CO[3]
                         net (fo=1, routed)           0.000    20.248    calculatornator/result_reg[1]_i_4_n_0
    SLICE_X5Y46          CARRY4 (Prop_carry4_CI_CO[1])
                                                      0.157    20.405 r  calculatornator/result_reg[1]_i_3/CO[1]
                         net (fo=29, routed)          0.886    21.291    calculatornator/result10_in[1]
    SLICE_X4Y42          LUT3 (Prop_lut3_I0_O)        0.329    21.620 r  calculatornator/result[0]_i_23/O
                         net (fo=1, routed)           0.000    21.620    calculatornator/result[0]_i_23_n_0
    SLICE_X4Y42          CARRY4 (Prop_carry4_S[0]_CO[3])
                                                      0.532    22.152 r  calculatornator/result_reg[0]_i_15/CO[3]
                         net (fo=1, routed)           0.000    22.152    calculatornator/result_reg[0]_i_15_n_0
    SLICE_X4Y43          CARRY4 (Prop_carry4_CI_CO[3])
                                                      0.114    22.266 r  calculatornator/result_reg[0]_i_10/CO[3]
                         net (fo=1, routed)           0.000    22.266    calculatornator/result_reg[0]_i_10_n_0
    SLICE_X4Y44          CARRY4 (Prop_carry4_CI_CO[3])
                                                      0.114    22.380 r  calculatornator/result_reg[0]_i_5/CO[3]
                         net (fo=1, routed)           0.000    22.380    calculatornator/result_reg[0]_i_5_n_0
    SLICE_X4Y45          CARRY4 (Prop_carry4_CI_CO[3])
                                                      0.114    22.494 r  calculatornator/result_reg[0]_i_3/CO[3]
                         net (fo=1, routed)           0.000    22.494    calculatornator/result_reg[0]_i_3_n_0
    SLICE_X4Y46          CARRY4 (Prop_carry4_CI_CO[0])
                                                      0.271    22.765 f  calculatornator/result_reg[0]_i_2/CO[0]
                         net (fo=2, routed)           0.309    23.074    calculatornator/result10_in[0]
    SLICE_X5Y47          LUT1 (Prop_lut1_I0_O)        0.373    23.447 r  calculatornator/result[4]_i_8/O
                         net (fo=1, routed)           0.336    23.783    calculatornator/result[4]_i_8_n_0
    SLICE_X4Y48          CARRY4 (Prop_carry4_CYINIT_CO[3])
                                                      0.580    24.363 r  calculatornator/result_reg[4]_i_4/CO[3]
                         net (fo=1, routed)           0.000    24.363    calculatornator/result_reg[4]_i_4_n_0
    SLICE_X4Y49          CARRY4 (Prop_carry4_CI_CO[3])
                                                      0.114    24.477 r  calculatornator/result_reg[8]_i_5/CO[3]
                         net (fo=1, routed)           0.001    24.477    calculatornator/result_reg[8]_i_5_n_0
    SLICE_X4Y50          CARRY4 (Prop_carry4_CI_O[3])
                                                      0.313    24.790 r  calculatornator/result_reg[12]_i_5/O[3]
                         net (fo=1, routed)           0.316    25.106    calculatornator/result1[12]
    SLICE_X2Y50          LUT6 (Prop_lut6_I0_O)        0.306    25.412 r  calculatornator/result[12]_i_3/O
                         net (fo=1, routed)           0.162    25.574    calculatornator/result[12]_i_3_n_0
    SLICE_X2Y50          LUT6 (Prop_lut6_I5_O)        0.124    25.698 r  calculatornator/result[12]_i_1/O
                         net (fo=1, routed)           0.000    25.698    calculatornator/p_2_in[12]
    SLICE_X2Y50          FDRE                                         r  calculatornator/result_reg[12]/D
  -------------------------------------------------------------------    -------------------

                         (clock sys_clk_pin rise edge)
                                                     10.000    10.000 r  
    W5                                                0.000    10.000 r  CLOCK (IN)
                         net (fo=0)                   0.000    10.000    CLOCK
    W5                   IBUF (Prop_ibuf_I_O)         1.388    11.388 r  CLOCK_IBUF_inst/O
                         net (fo=1, routed)           1.862    13.250    CLOCK_IBUF
    BUFGCTRL_X0Y0        BUFG (Prop_bufg_I_O)         0.091    13.341 r  CLOCK_IBUF_BUFG_inst/O
                         net (fo=240, routed)         1.510    14.851    calculatornator/CLOCK_IBUF_BUFG
    SLICE_X2Y50          FDRE                                         r  calculatornator/result_reg[12]/C
                         clock pessimism              0.180    15.031    
                         clock uncertainty           -0.035    14.995    
    SLICE_X2Y50          FDRE (Setup_fdre_C_D)        0.081    15.076    calculatornator/result_reg[12]
  -------------------------------------------------------------------
                         required time                         15.076    
                         arrival time                         -25.698    
  -------------------------------------------------------------------
                         slack                                -10.622    

Slack (VIOLATED) :        -10.572ns  (required time - arrival time)
  Source:                 calculatornator/operand_A_reg[1]/C
                            (rising edge-triggered cell FDRE clocked by sys_clk_pin  {rise@0.000ns fall@5.000ns period=10.000ns})
  Destination:            calculatornator/result_reg[13]/D
                            (rising edge-triggered cell FDRE clocked by sys_clk_pin  {rise@0.000ns fall@5.000ns period=10.000ns})
  Path Group:             sys_clk_pin
  Path Type:              Setup (Max at Slow Process Corner)
  Requirement:            10.000ns  (sys_clk_pin rise@10.000ns - sys_clk_pin rise@0.000ns)
  Data Path Delay:        20.449ns  (logic 12.956ns (63.357%)  route 7.493ns (36.643%))
  Logic Levels:           53  (CARRY4=42 LUT1=1 LUT3=5 LUT5=3 LUT6=2)
  Clock Path Skew:        -0.119ns (DCD - SCD + CPR)
    Destination Clock Delay (DCD):    4.849ns = ( 14.849 - 10.000 ) 
    Source Clock Delay      (SCD):    5.147ns
    Clock Pessimism Removal (CPR):    0.180ns
  Clock Uncertainty:      0.035ns  ((TSJ^2 + TIJ^2)^1/2 + DJ) / 2 + PE
    Total System Jitter     (TSJ):    0.071ns
    Total Input Jitter      (TIJ):    0.000ns
    Discrete Jitter          (DJ):    0.000ns
    Phase Error              (PE):    0.000ns

    Location             Delay type                Incr(ns)  Path(ns)    Netlist Resource(s)
  -------------------------------------------------------------------    -------------------
                         (clock sys_clk_pin rise edge)
                                                      0.000     0.000 r  
    W5                                                0.000     0.000 r  CLOCK (IN)
                         net (fo=0)                   0.000     0.000    CLOCK
    W5                   IBUF (Prop_ibuf_I_O)         1.458     1.458 r  CLOCK_IBUF_inst/O
                         net (fo=1, routed)           1.967     3.425    CLOCK_IBUF
    BUFGCTRL_X0Y0        BUFG (Prop_bufg_I_O)         0.096     3.521 r  CLOCK_IBUF_BUFG_inst/O
                         net (fo=240, routed)         1.626     5.147    calculatornator/CLOCK_IBUF_BUFG
    SLICE_X5Y32          FDRE                                         r  calculatornator/operand_A_reg[1]/C
  -------------------------------------------------------------------    -------------------
    SLICE_X5Y32          FDRE (Prop_fdre_C_Q)         0.456     5.603 r  calculatornator/operand_A_reg[1]/Q
                         net (fo=39, routed)          0.810     6.413    calculatornator/A_0[1]
    SLICE_X7Y32          LUT6 (Prop_lut6_I4_O)        0.124     6.537 r  calculatornator/spi_word[31]_i_315/O
                         net (fo=4, routed)           0.458     6.995    calculatornator/spi_word[31]_i_315_n_0
    SLICE_X6Y32          LUT5 (Prop_lut5_I0_O)        0.124     7.119 r  calculatornator/result[7]_i_44/O
                         net (fo=1, routed)           0.000     7.119    calculatornator/result[7]_i_44_n_0
    SLICE_X6Y32          CARRY4 (Prop_carry4_S[1]_CO[3])
                                                      0.533     7.652 r  calculatornator/result_reg[7]_i_36/CO[3]
                         net (fo=1, routed)           0.000     7.652    calculatornator/result_reg[7]_i_36_n_0
    SLICE_X6Y33          CARRY4 (Prop_carry4_CI_CO[3])
                                                      0.117     7.769 r  calculatornator/result_reg[7]_i_31/CO[3]
                         net (fo=1, routed)           0.000     7.769    calculatornator/result_reg[7]_i_31_n_0
    SLICE_X6Y34          CARRY4 (Prop_carry4_CI_CO[3])
                                                      0.117     7.886 r  calculatornator/result_reg[7]_i_26/CO[3]
                         net (fo=1, routed)           0.000     7.886    calculatornator/result_reg[7]_i_26_n_0
    SLICE_X6Y35          CARRY4 (Prop_carry4_CI_CO[3])
                                                      0.117     8.003 r  calculatornator/result_reg[7]_i_24/CO[3]
                         net (fo=1, routed)           0.000     8.003    calculatornator/result_reg[7]_i_24_n_0
    SLICE_X6Y36          CARRY4 (Prop_carry4_CI_CO[1])
                                                      0.157     8.160 r  calculatornator/result_reg[7]_i_23/CO[1]
                         net (fo=29, routed)          0.751     8.910    calculatornator/result_reg[7]_i_23_n_2
    SLICE_X5Y32          LUT3 (Prop_lut3_I0_O)        0.332     9.242 r  calculatornator/result[6]_i_24/O
                         net (fo=1, routed)           0.000     9.242    calculatornator/result[6]_i_24_n_0
    SLICE_X5Y32          CARRY4 (Prop_carry4_S[1]_CO[3])
                                                      0.550     9.792 r  calculatornator/result_reg[6]_i_17/CO[3]
                         net (fo=1, routed)           0.000     9.792    calculatornator/result_reg[6]_i_17_n_0
    SLICE_X5Y33          CARRY4 (Prop_carry4_CI_CO[3])
                                                      0.114     9.906 r  calculatornator/result_reg[6]_i_12/CO[3]
                         net (fo=1, routed)           0.000     9.906    calculatornator/result_reg[6]_i_12_n_0
    SLICE_X5Y34          CARRY4 (Prop_carry4_CI_CO[3])
                                                      0.114    10.020 r  calculatornator/result_reg[6]_i_7/CO[3]
                         net (fo=1, routed)           0.000    10.020    calculatornator/result_reg[6]_i_7_n_0
    SLICE_X5Y35          CARRY4 (Prop_carry4_CI_CO[3])
                                                      0.114    10.134 r  calculatornator/result_reg[6]_i_4/CO[3]
                         net (fo=1, routed)           0.000    10.134    calculatornator/result_reg[6]_i_4_n_0
    SLICE_X5Y36          CARRY4 (Prop_carry4_CI_CO[1])
                                                      0.157    10.291 r  calculatornator/result_reg[6]_i_3/CO[1]
                         net (fo=29, routed)          0.545    10.837    calculatornator/result10_in[6]
    SLICE_X5Y37          LUT3 (Prop_lut3_I0_O)        0.329    11.166 r  calculatornator/result[5]_i_24/O
                         net (fo=1, routed)           0.000    11.166    calculatornator/result[5]_i_24_n_0
    SLICE_X5Y37          CARRY4 (Prop_carry4_S[1]_CO[3])
                                                      0.550    11.716 r  calculatornator/result_reg[5]_i_17/CO[3]
                         net (fo=1, routed)           0.000    11.716    calculatornator/result_reg[5]_i_17_n_0
    SLICE_X5Y38          CARRY4 (Prop_carry4_CI_CO[3])
                                                      0.114    11.830 r  calculatornator/result_reg[5]_i_12/CO[3]
                         net (fo=1, routed)           0.000    11.830    calculatornator/result_reg[5]_i_12_n_0
    SLICE_X5Y39          CARRY4 (Prop_carry4_CI_CO[3])
                                                      0.114    11.944 r  calculatornator/result_reg[5]_i_7/CO[3]
                         net (fo=1, routed)           0.000    11.944    calculatornator/result_reg[5]_i_7_n_0
    SLICE_X5Y40          CARRY4 (Prop_carry4_CI_CO[3])
                                                      0.114    12.058 r  calculatornator/result_reg[5]_i_4/CO[3]
                         net (fo=1, routed)           0.000    12.058    calculatornator/result_reg[5]_i_4_n_0
    SLICE_X5Y41          CARRY4 (Prop_carry4_CI_CO[1])
                                                      0.157    12.215 r  calculatornator/result_reg[5]_i_3/CO[1]
                         net (fo=29, routed)          0.845    13.060    calculatornator/result10_in[5]
    SLICE_X7Y37          LUT3 (Prop_lut3_I0_O)        0.329    13.389 r  calculatornator/result[4]_i_26/O
                         net (fo=1, routed)           0.000    13.389    calculatornator/result[4]_i_26_n_0
    SLICE_X7Y37          CARRY4 (Prop_carry4_S[1]_CO[3])
                                                      0.550    13.939 r  calculatornator/result_reg[4]_i_18/CO[3]
                         net (fo=1, routed)           0.000    13.939    calculatornator/result_reg[4]_i_18_n_0
    SLICE_X7Y38          CARRY4 (Prop_carry4_CI_CO[3])
                                                      0.114    14.053 r  calculatornator/result_reg[4]_i_13/CO[3]
                         net (fo=1, routed)           0.000    14.053    calculatornator/result_reg[4]_i_13_n_0
    SLICE_X7Y39          CARRY4 (Prop_carry4_CI_CO[3])
                                                      0.114    14.167 r  calculatornator/result_reg[4]_i_5/CO[3]
                         net (fo=1, routed)           0.000    14.167    calculatornator/result_reg[4]_i_5_n_0
    SLICE_X7Y40          CARRY4 (Prop_carry4_CI_CO[1])
                                                      0.157    14.324 r  calculatornator/result_reg[4]_i_3/CO[1]
                         net (fo=29, routed)          0.611    14.935    calculatornator/result10_in[4]
    SLICE_X6Y41          LUT3 (Prop_lut3_I0_O)        0.329    15.264 r  calculatornator/result[3]_i_40/O
                         net (fo=1, routed)           0.000    15.264    calculatornator/result[3]_i_40_n_0
    SLICE_X6Y41          CARRY4 (Prop_carry4_S[1]_CO[3])
                                                      0.533    15.797 r  calculatornator/result_reg[3]_i_32/CO[3]
                         net (fo=1, routed)           0.000    15.797    calculatornator/result_reg[3]_i_32_n_0
    SLICE_X6Y42          CARRY4 (Prop_carry4_CI_CO[3])
                                                      0.117    15.914 r  calculatornator/result_reg[3]_i_26/CO[3]
                         net (fo=1, routed)           0.000    15.914    calculatornator/result_reg[3]_i_26_n_0
    SLICE_X6Y43          CARRY4 (Prop_carry4_CI_CO[3])
                                                      0.117    16.031 r  calculatornator/result_reg[3]_i_16/CO[3]
                         net (fo=1, routed)           0.000    16.031    calculatornator/result_reg[3]_i_16_n_0
    SLICE_X6Y44          CARRY4 (Prop_carry4_CI_CO[1])
                                                      0.157    16.188 r  calculatornator/result_reg[3]_i_14/CO[1]
                         net (fo=29, routed)          0.723    16.911    calculatornator/result10_in[3]
    SLICE_X7Y41          LUT6 (Prop_lut6_I0_O)        0.332    17.243 r  calculatornator/result[2]_i_33/O
                         net (fo=1, routed)           0.000    17.243    calculatornator/result[2]_i_33_n_0
    SLICE_X7Y41          CARRY4 (Prop_carry4_S[1]_CO[3])
                                                      0.550    17.793 r  calculatornator/result_reg[2]_i_26/CO[3]
                         net (fo=1, routed)           0.000    17.793    calculatornator/result_reg[2]_i_26_n_0
    SLICE_X7Y42          CARRY4 (Prop_carry4_CI_CO[3])
                                                      0.114    17.907 r  calculatornator/result_reg[2]_i_21/CO[3]
                         net (fo=1, routed)           0.000    17.907    calculatornator/result_reg[2]_i_21_n_0
    SLICE_X7Y43          CARRY4 (Prop_carry4_CI_CO[3])
                                                      0.114    18.021 r  calculatornator/result_reg[2]_i_16/CO[3]
                         net (fo=1, routed)           0.000    18.021    calculatornator/result_reg[2]_i_16_n_0
    SLICE_X7Y44          CARRY4 (Prop_carry4_CI_CO[3])
                                                      0.114    18.135 r  calculatornator/result_reg[2]_i_13/CO[3]
                         net (fo=1, routed)           0.000    18.135    calculatornator/result_reg[2]_i_13_n_0
    SLICE_X7Y45          CARRY4 (Prop_carry4_CI_CO[1])
                                                      0.157    18.292 r  calculatornator/result_reg[2]_i_11/CO[1]
                         net (fo=29, routed)          0.735    19.027    calculatornator/result10_in[2]
    SLICE_X5Y42          LUT5 (Prop_lut5_I0_O)        0.329    19.356 r  calculatornator/result[1]_i_25/O
                         net (fo=1, routed)           0.000    19.356    calculatornator/result[1]_i_25_n_0
    SLICE_X5Y42          CARRY4 (Prop_carry4_S[1]_CO[3])
                                                      0.550    19.906 r  calculatornator/result_reg[1]_i_17/CO[3]
                         net (fo=1, routed)           0.000    19.906    calculatornator/result_reg[1]_i_17_n_0
    SLICE_X5Y43          CARRY4 (Prop_carry4_CI_CO[3])
                                                      0.114    20.020 r  calculatornator/result_reg[1]_i_12/CO[3]
                         net (fo=1, routed)           0.000    20.020    calculatornator/result_reg[1]_i_12_n_0
    SLICE_X5Y44          CARRY4 (Prop_carry4_CI_CO[3])
                                                      0.114    20.134 r  calculatornator/result_reg[1]_i_7/CO[3]
                         net (fo=1, routed)           0.000    20.134    calculatornator/result_reg[1]_i_7_n_0
    SLICE_X5Y45          CARRY4 (Prop_carry4_CI_CO[3])
                                                      0.114    20.248 r  calculatornator/result_reg[1]_i_4/CO[3]
                         net (fo=1, routed)           0.000    20.248    calculatornator/result_reg[1]_i_4_n_0
    SLICE_X5Y46          CARRY4 (Prop_carry4_CI_CO[1])
                                                      0.157    20.405 r  calculatornator/result_reg[1]_i_3/CO[1]
                         net (fo=29, routed)          0.886    21.291    calculatornator/result10_in[1]
    SLICE_X4Y42          LUT3 (Prop_lut3_I0_O)        0.329    21.620 r  calculatornator/result[0]_i_23/O
                         net (fo=1, routed)           0.000    21.620    calculatornator/result[0]_i_23_n_0
    SLICE_X4Y42          CARRY4 (Prop_carry4_S[0]_CO[3])
                                                      0.532    22.152 r  calculatornator/result_reg[0]_i_15/CO[3]
                         net (fo=1, routed)           0.000    22.152    calculatornator/result_reg[0]_i_15_n_0
    SLICE_X4Y43          CARRY4 (Prop_carry4_CI_CO[3])
                                                      0.114    22.266 r  calculatornator/result_reg[0]_i_10/CO[3]
                         net (fo=1, routed)           0.000    22.266    calculatornator/result_reg[0]_i_10_n_0
    SLICE_X4Y44          CARRY4 (Prop_carry4_CI_CO[3])
                                                      0.114    22.380 r  calculatornator/result_reg[0]_i_5/CO[3]
                         net (fo=1, routed)           0.000    22.380    calculatornator/result_reg[0]_i_5_n_0
    SLICE_X4Y45          CARRY4 (Prop_carry4_CI_CO[3])
                                                      0.114    22.494 r  calculatornator/result_reg[0]_i_3/CO[3]
                         net (fo=1, routed)           0.000    22.494    calculatornator/result_reg[0]_i_3_n_0
    SLICE_X4Y46          CARRY4 (Prop_carry4_CI_CO[0])
                                                      0.271    22.765 f  calculatornator/result_reg[0]_i_2/CO[0]
                         net (fo=2, routed)           0.309    23.074    calculatornator/result10_in[0]
    SLICE_X5Y47          LUT1 (Prop_lut1_I0_O)        0.373    23.447 r  calculatornator/result[4]_i_8/O
                         net (fo=1, routed)           0.336    23.783    calculatornator/result[4]_i_8_n_0
    SLICE_X4Y48          CARRY4 (Prop_carry4_CYINIT_CO[3])
                                                      0.580    24.363 r  calculatornator/result_reg[4]_i_4/CO[3]
                         net (fo=1, routed)           0.000    24.363    calculatornator/result_reg[4]_i_4_n_0
    SLICE_X4Y49          CARRY4 (Prop_carry4_CI_CO[3])
                                                      0.114    24.477 r  calculatornator/result_reg[8]_i_5/CO[3]
                         net (fo=1, routed)           0.001    24.477    calculatornator/result_reg[8]_i_5_n_0
    SLICE_X4Y50          CARRY4 (Prop_carry4_CI_CO[3])
                                                      0.114    24.591 r  calculatornator/result_reg[12]_i_5/CO[3]
                         net (fo=1, routed)           0.000    24.591    calculatornator/result_reg[12]_i_5_n_0
    SLICE_X4Y51          CARRY4 (Prop_carry4_CI_O[0])
                                                      0.222    24.813 r  calculatornator/result_reg[15]_i_20/O[0]
                         net (fo=1, routed)           0.484    25.297    calculatornator/result1[13]
    SLICE_X5Y51          LUT5 (Prop_lut5_I4_O)        0.299    25.596 r  calculatornator/result[13]_i_1_comp/O
                         net (fo=1, routed)           0.000    25.596    calculatornator/p_2_in[13]
    SLICE_X5Y51          FDRE                                         r  calculatornator/result_reg[13]/D
  -------------------------------------------------------------------    -------------------

                         (clock sys_clk_pin rise edge)
                                                     10.000    10.000 r  
    W5                                                0.000    10.000 r  CLOCK (IN)
                         net (fo=0)                   0.000    10.000    CLOCK
    W5                   IBUF (Prop_ibuf_I_O)         1.388    11.388 r  CLOCK_IBUF_inst/O
                         net (fo=1, routed)           1.862    13.250    CLOCK_IBUF
    BUFGCTRL_X0Y0        BUFG (Prop_bufg_I_O)         0.091    13.341 r  CLOCK_IBUF_BUFG_inst/O
                         net (fo=240, routed)         1.508    14.849    calculatornator/CLOCK_IBUF_BUFG
    SLICE_X5Y51          FDRE                                         r  calculatornator/result_reg[13]/C
                         clock pessimism              0.180    15.029    
                         clock uncertainty           -0.035    14.993    
    SLICE_X5Y51          FDRE (Setup_fdre_C_D)        0.031    15.024    calculatornator/result_reg[13]
  -------------------------------------------------------------------
                         required time                         15.024    
                         arrival time                         -25.596    
  -------------------------------------------------------------------
                         slack                                -10.572    

Slack (VIOLATED) :        -10.525ns  (required time - arrival time)
  Source:                 calculatornator/operand_A_reg[1]/C
                            (rising edge-triggered cell FDRE clocked by sys_clk_pin  {rise@0.000ns fall@5.000ns period=10.000ns})
  Destination:            calculatornator/result_reg[15]/D
                            (rising edge-triggered cell FDRE clocked by sys_clk_pin  {rise@0.000ns fall@5.000ns period=10.000ns})
  Path Group:             sys_clk_pin
  Path Type:              Setup (Max at Slow Process Corner)
  Requirement:            10.000ns  (sys_clk_pin rise@10.000ns - sys_clk_pin rise@0.000ns)
  Data Path Delay:        20.402ns  (logic 12.976ns (63.602%)  route 7.426ns (36.398%))
  Logic Levels:           53  (CARRY4=42 LUT1=1 LUT3=5 LUT5=3 LUT6=2)
  Clock Path Skew:        -0.119ns (DCD - SCD + CPR)
    Destination Clock Delay (DCD):    4.849ns = ( 14.849 - 10.000 ) 
    Source Clock Delay      (SCD):    5.147ns
    Clock Pessimism Removal (CPR):    0.180ns
  Clock Uncertainty:      0.035ns  ((TSJ^2 + TIJ^2)^1/2 + DJ) / 2 + PE
    Total System Jitter     (TSJ):    0.071ns
    Total Input Jitter      (TIJ):    0.000ns
    Discrete Jitter          (DJ):    0.000ns
    Phase Error              (PE):    0.000ns

    Location             Delay type                Incr(ns)  Path(ns)    Netlist Resource(s)
  -------------------------------------------------------------------    -------------------
                         (clock sys_clk_pin rise edge)
                                                      0.000     0.000 r  
    W5                                                0.000     0.000 r  CLOCK (IN)
                         net (fo=0)                   0.000     0.000    CLOCK
    W5                   IBUF (Prop_ibuf_I_O)         1.458     1.458 r  CLOCK_IBUF_inst/O
                         net (fo=1, routed)           1.967     3.425    CLOCK_IBUF
    BUFGCTRL_X0Y0        BUFG (Prop_bufg_I_O)         0.096     3.521 r  CLOCK_IBUF_BUFG_inst/O
                         net (fo=240, routed)         1.626     5.147    calculatornator/CLOCK_IBUF_BUFG
    SLICE_X5Y32          FDRE                                         r  calculatornator/operand_A_reg[1]/C
  -------------------------------------------------------------------    -------------------
    SLICE_X5Y32          FDRE (Prop_fdre_C_Q)         0.456     5.603 r  calculatornator/operand_A_reg[1]/Q
                         net (fo=39, routed)          0.810     6.413    calculatornator/A_0[1]
    SLICE_X7Y32          LUT6 (Prop_lut6_I4_O)        0.124     6.537 r  calculatornator/spi_word[31]_i_315/O
                         net (fo=4, routed)           0.458     6.995    calculatornator/spi_word[31]_i_315_n_0
    SLICE_X6Y32          LUT5 (Prop_lut5_I0_O)        0.124     7.119 r  calculatornator/result[7]_i_44/O
                         net (fo=1, routed)           0.000     7.119    calculatornator/result[7]_i_44_n_0
    SLICE_X6Y32          CARRY4 (Prop_carry4_S[1]_CO[3])
                                                      0.533     7.652 r  calculatornator/result_reg[7]_i_36/CO[3]
                         net (fo=1, routed)           0.000     7.652    calculatornator/result_reg[7]_i_36_n_0
    SLICE_X6Y33          CARRY4 (Prop_carry4_CI_CO[3])
                                                      0.117     7.769 r  calculatornator/result_reg[7]_i_31/CO[3]
                         net (fo=1, routed)           0.000     7.769    calculatornator/result_reg[7]_i_31_n_0
    SLICE_X6Y34          CARRY4 (Prop_carry4_CI_CO[3])
                                                      0.117     7.886 r  calculatornator/result_reg[7]_i_26/CO[3]
                         net (fo=1, routed)           0.000     7.886    calculatornator/result_reg[7]_i_26_n_0
    SLICE_X6Y35          CARRY4 (Prop_carry4_CI_CO[3])
                                                      0.117     8.003 r  calculatornator/result_reg[7]_i_24/CO[3]
                         net (fo=1, routed)           0.000     8.003    calculatornator/result_reg[7]_i_24_n_0
    SLICE_X6Y36          CARRY4 (Prop_carry4_CI_CO[1])
                                                      0.157     8.160 r  calculatornator/result_reg[7]_i_23/CO[1]
                         net (fo=29, routed)          0.751     8.910    calculatornator/result_reg[7]_i_23_n_2
    SLICE_X5Y32          LUT3 (Prop_lut3_I0_O)        0.332     9.242 r  calculatornator/result[6]_i_24/O
                         net (fo=1, routed)           0.000     9.242    calculatornator/result[6]_i_24_n_0
    SLICE_X5Y32          CARRY4 (Prop_carry4_S[1]_CO[3])
                                                      0.550     9.792 r  calculatornator/result_reg[6]_i_17/CO[3]
                         net (fo=1, routed)           0.000     9.792    calculatornator/result_reg[6]_i_17_n_0
    SLICE_X5Y33          CARRY4 (Prop_carry4_CI_CO[3])
                                                      0.114     9.906 r  calculatornator/result_reg[6]_i_12/CO[3]
                         net (fo=1, routed)           0.000     9.906    calculatornator/result_reg[6]_i_12_n_0
    SLICE_X5Y34          CARRY4 (Prop_carry4_CI_CO[3])
                                                      0.114    10.020 r  calculatornator/result_reg[6]_i_7/CO[3]
                         net (fo=1, routed)           0.000    10.020    calculatornator/result_reg[6]_i_7_n_0
    SLICE_X5Y35          CARRY4 (Prop_carry4_CI_CO[3])
                                                      0.114    10.134 r  calculatornator/result_reg[6]_i_4/CO[3]
                         net (fo=1, routed)           0.000    10.134    calculatornator/result_reg[6]_i_4_n_0
    SLICE_X5Y36          CARRY4 (Prop_carry4_CI_CO[1])
                                                      0.157    10.291 r  calculatornator/result_reg[6]_i_3/CO[1]
                         net (fo=29, routed)          0.545    10.837    calculatornator/result10_in[6]
    SLICE_X5Y37          LUT3 (Prop_lut3_I0_O)        0.329    11.166 r  calculatornator/result[5]_i_24/O
                         net (fo=1, routed)           0.000    11.166    calculatornator/result[5]_i_24_n_0
    SLICE_X5Y37          CARRY4 (Prop_carry4_S[1]_CO[3])
                                                      0.550    11.716 r  calculatornator/result_reg[5]_i_17/CO[3]
                         net (fo=1, routed)           0.000    11.716    calculatornator/result_reg[5]_i_17_n_0
    SLICE_X5Y38          CARRY4 (Prop_carry4_CI_CO[3])
                                                      0.114    11.830 r  calculatornator/result_reg[5]_i_12/CO[3]
                         net (fo=1, routed)           0.000    11.830    calculatornator/result_reg[5]_i_12_n_0
    SLICE_X5Y39          CARRY4 (Prop_carry4_CI_CO[3])
                                                      0.114    11.944 r  calculatornator/result_reg[5]_i_7/CO[3]
                         net (fo=1, routed)           0.000    11.944    calculatornator/result_reg[5]_i_7_n_0
    SLICE_X5Y40          CARRY4 (Prop_carry4_CI_CO[3])
                                                      0.114    12.058 r  calculatornator/result_reg[5]_i_4/CO[3]
                         net (fo=1, routed)           0.000    12.058    calculatornator/result_reg[5]_i_4_n_0
    SLICE_X5Y41          CARRY4 (Prop_carry4_CI_CO[1])
                                                      0.157    12.215 r  calculatornator/result_reg[5]_i_3/CO[1]
                         net (fo=29, routed)          0.845    13.060    calculatornator/result10_in[5]
    SLICE_X7Y37          LUT3 (Prop_lut3_I0_O)        0.329    13.389 r  calculatornator/result[4]_i_26/O
                         net (fo=1, routed)           0.000    13.389    calculatornator/result[4]_i_26_n_0
    SLICE_X7Y37          CARRY4 (Prop_carry4_S[1]_CO[3])
                                                      0.550    13.939 r  calculatornator/result_reg[4]_i_18/CO[3]
                         net (fo=1, routed)           0.000    13.939    calculatornator/result_reg[4]_i_18_n_0
    SLICE_X7Y38          CARRY4 (Prop_carry4_CI_CO[3])
                                                      0.114    14.053 r  calculatornator/result_reg[4]_i_13/CO[3]
                         net (fo=1, routed)           0.000    14.053    calculatornator/result_reg[4]_i_13_n_0
    SLICE_X7Y39          CARRY4 (Prop_carry4_CI_CO[3])
                                                      0.114    14.167 r  calculatornator/result_reg[4]_i_5/CO[3]
                         net (fo=1, routed)           0.000    14.167    calculatornator/result_reg[4]_i_5_n_0
    SLICE_X7Y40          CARRY4 (Prop_carry4_CI_CO[1])
                                                      0.157    14.324 r  calculatornator/result_reg[4]_i_3/CO[1]
                         net (fo=29, routed)          0.611    14.935    calculatornator/result10_in[4]
    SLICE_X6Y41          LUT3 (Prop_lut3_I0_O)        0.329    15.264 r  calculatornator/result[3]_i_40/O
                         net (fo=1, routed)           0.000    15.264    calculatornator/result[3]_i_40_n_0
    SLICE_X6Y41          CARRY4 (Prop_carry4_S[1]_CO[3])
                                                      0.533    15.797 r  calculatornator/result_reg[3]_i_32/CO[3]
                         net (fo=1, routed)           0.000    15.797    calculatornator/result_reg[3]_i_32_n_0
    SLICE_X6Y42          CARRY4 (Prop_carry4_CI_CO[3])
                                                      0.117    15.914 r  calculatornator/result_reg[3]_i_26/CO[3]
                         net (fo=1, routed)           0.000    15.914    calculatornator/result_reg[3]_i_26_n_0
    SLICE_X6Y43          CARRY4 (Prop_carry4_CI_CO[3])
                                                      0.117    16.031 r  calculatornator/result_reg[3]_i_16/CO[3]
                         net (fo=1, routed)           0.000    16.031    calculatornator/result_reg[3]_i_16_n_0
    SLICE_X6Y44          CARRY4 (Prop_carry4_CI_CO[1])
                                                      0.157    16.188 r  calculatornator/result_reg[3]_i_14/CO[1]
                         net (fo=29, routed)          0.723    16.911    calculatornator/result10_in[3]
    SLICE_X7Y41          LUT6 (Prop_lut6_I0_O)        0.332    17.243 r  calculatornator/result[2]_i_33/O
                         net (fo=1, routed)           0.000    17.243    calculatornator/result[2]_i_33_n_0
    SLICE_X7Y41          CARRY4 (Prop_carry4_S[1]_CO[3])
                                                      0.550    17.793 r  calculatornator/result_reg[2]_i_26/CO[3]
                         net (fo=1, routed)           0.000    17.793    calculatornator/result_reg[2]_i_26_n_0
    SLICE_X7Y42          CARRY4 (Prop_carry4_CI_CO[3])
                                                      0.114    17.907 r  calculatornator/result_reg[2]_i_21/CO[3]
                         net (fo=1, routed)           0.000    17.907    calculatornator/result_reg[2]_i_21_n_0
    SLICE_X7Y43          CARRY4 (Prop_carry4_CI_CO[3])
                                                      0.114    18.021 r  calculatornator/result_reg[2]_i_16/CO[3]
                         net (fo=1, routed)           0.000    18.021    calculatornator/result_reg[2]_i_16_n_0
    SLICE_X7Y44          CARRY4 (Prop_carry4_CI_CO[3])
                                                      0.114    18.135 r  calculatornator/result_reg[2]_i_13/CO[3]
                         net (fo=1, routed)           0.000    18.135    calculatornator/result_reg[2]_i_13_n_0
    SLICE_X7Y45          CARRY4 (Prop_carry4_CI_CO[1])
                                                      0.157    18.292 r  calculatornator/result_reg[2]_i_11/CO[1]
                         net (fo=29, routed)          0.735    19.027    calculatornator/result10_in[2]
    SLICE_X5Y42          LUT5 (Prop_lut5_I0_O)        0.329    19.356 r  calculatornator/result[1]_i_25/O
                         net (fo=1, routed)           0.000    19.356    calculatornator/result[1]_i_25_n_0
    SLICE_X5Y42          CARRY4 (Prop_carry4_S[1]_CO[3])
                                                      0.550    19.906 r  calculatornator/result_reg[1]_i_17/CO[3]
                         net (fo=1, routed)           0.000    19.906    calculatornator/result_reg[1]_i_17_n_0
    SLICE_X5Y43          CARRY4 (Prop_carry4_CI_CO[3])
                                                      0.114    20.020 r  calculatornator/result_reg[1]_i_12/CO[3]
                         net (fo=1, routed)           0.000    20.020    calculatornator/result_reg[1]_i_12_n_0
    SLICE_X5Y44          CARRY4 (Prop_carry4_CI_CO[3])
                                                      0.114    20.134 r  calculatornator/result_reg[1]_i_7/CO[3]
                         net (fo=1, routed)           0.000    20.134    calculatornator/result_reg[1]_i_7_n_0
    SLICE_X5Y45          CARRY4 (Prop_carry4_CI_CO[3])
                                                      0.114    20.248 r  calculatornator/result_reg[1]_i_4/CO[3]
                         net (fo=1, routed)           0.000    20.248    calculatornator/result_reg[1]_i_4_n_0
    SLICE_X5Y46          CARRY4 (Prop_carry4_CI_CO[1])
                                                      0.157    20.405 r  calculatornator/result_reg[1]_i_3/CO[1]
                         net (fo=29, routed)          0.886    21.291    calculatornator/result10_in[1]
    SLICE_X4Y42          LUT3 (Prop_lut3_I0_O)        0.329    21.620 r  calculatornator/result[0]_i_23/O
                         net (fo=1, routed)           0.000    21.620    calculatornator/result[0]_i_23_n_0
    SLICE_X4Y42          CARRY4 (Prop_carry4_S[0]_CO[3])
                                                      0.532    22.152 r  calculatornator/result_reg[0]_i_15/CO[3]
                         net (fo=1, routed)           0.000    22.152    calculatornator/result_reg[0]_i_15_n_0
    SLICE_X4Y43          CARRY4 (Prop_carry4_CI_CO[3])
                                                      0.114    22.266 r  calculatornator/result_reg[0]_i_10/CO[3]
                         net (fo=1, routed)           0.000    22.266    calculatornator/result_reg[0]_i_10_n_0
    SLICE_X4Y44          CARRY4 (Prop_carry4_CI_CO[3])
                                                      0.114    22.380 r  calculatornator/result_reg[0]_i_5/CO[3]
                         net (fo=1, routed)           0.000    22.380    calculatornator/result_reg[0]_i_5_n_0
    SLICE_X4Y45          CARRY4 (Prop_carry4_CI_CO[3])
                                                      0.114    22.494 r  calculatornator/result_reg[0]_i_3/CO[3]
                         net (fo=1, routed)           0.000    22.494    calculatornator/result_reg[0]_i_3_n_0
    SLICE_X4Y46          CARRY4 (Prop_carry4_CI_CO[0])
                                                      0.271    22.765 f  calculatornator/result_reg[0]_i_2/CO[0]
                         net (fo=2, routed)           0.309    23.074    calculatornator/result10_in[0]
    SLICE_X5Y47          LUT1 (Prop_lut1_I0_O)        0.373    23.447 r  calculatornator/result[4]_i_8/O
                         net (fo=1, routed)           0.336    23.783    calculatornator/result[4]_i_8_n_0
    SLICE_X4Y48          CARRY4 (Prop_carry4_CYINIT_CO[3])
                                                      0.580    24.363 r  calculatornator/result_reg[4]_i_4/CO[3]
                         net (fo=1, routed)           0.000    24.363    calculatornator/result_reg[4]_i_4_n_0
    SLICE_X4Y49          CARRY4 (Prop_carry4_CI_CO[3])
                                                      0.114    24.477 r  calculatornator/result_reg[8]_i_5/CO[3]
                         net (fo=1, routed)           0.001    24.477    calculatornator/result_reg[8]_i_5_n_0
    SLICE_X4Y50          CARRY4 (Prop_carry4_CI_CO[3])
                                                      0.114    24.591 r  calculatornator/result_reg[12]_i_5/CO[3]
                         net (fo=1, routed)           0.000    24.591    calculatornator/result_reg[12]_i_5_n_0
    SLICE_X4Y51          CARRY4 (Prop_carry4_CI_O[2])
                                                      0.239    24.830 r  calculatornator/result_reg[15]_i_20/O[2]
                         net (fo=1, routed)           0.417    25.247    calculatornator/result1[15]
    SLICE_X7Y50          LUT5 (Prop_lut5_I4_O)        0.302    25.549 r  calculatornator/result[15]_i_3_comp/O
                         net (fo=1, routed)           0.000    25.549    calculatornator/p_2_in[15]
    SLICE_X7Y50          FDRE                                         r  calculatornator/result_reg[15]/D
  -------------------------------------------------------------------    -------------------

                         (clock sys_clk_pin rise edge)
                                                     10.000    10.000 r  
    W5                                                0.000    10.000 r  CLOCK (IN)
                         net (fo=0)                   0.000    10.000    CLOCK
    W5                   IBUF (Prop_ibuf_I_O)         1.388    11.388 r  CLOCK_IBUF_inst/O
                         net (fo=1, routed)           1.862    13.250    CLOCK_IBUF
    BUFGCTRL_X0Y0        BUFG (Prop_bufg_I_O)         0.091    13.341 r  CLOCK_IBUF_BUFG_inst/O
                         net (fo=240, routed)         1.508    14.849    calculatornator/CLOCK_IBUF_BUFG
    SLICE_X7Y50          FDRE                                         r  calculatornator/result_reg[15]/C
                         clock pessimism              0.180    15.029    
                         clock uncertainty           -0.035    14.993    
    SLICE_X7Y50          FDRE (Setup_fdre_C_D)        0.031    15.024    calculatornator/result_reg[15]
  -------------------------------------------------------------------
                         required time                         15.024    
                         arrival time                         -25.549    
  -------------------------------------------------------------------
                         slack                                -10.525    

Slack (VIOLATED) :        -10.516ns  (required time - arrival time)
  Source:                 calculatornator/operand_A_reg[1]/C
                            (rising edge-triggered cell FDRE clocked by sys_clk_pin  {rise@0.000ns fall@5.000ns period=10.000ns})
  Destination:            calculatornator/result_reg[8]/D
                            (rising edge-triggered cell FDRE clocked by sys_clk_pin  {rise@0.000ns fall@5.000ns period=10.000ns})
  Path Group:             sys_clk_pin
  Path Type:              Setup (Max at Slow Process Corner)
  Requirement:            10.000ns  (sys_clk_pin rise@10.000ns - sys_clk_pin rise@0.000ns)
  Data Path Delay:        20.393ns  (logic 12.826ns (62.894%)  route 7.567ns (37.106%))
  Logic Levels:           51  (CARRY4=40 LUT1=1 LUT3=5 LUT5=3 LUT6=2)
  Clock Path Skew:        -0.119ns (DCD - SCD + CPR)
    Destination Clock Delay (DCD):    4.849ns = ( 14.849 - 10.000 ) 
    Source Clock Delay      (SCD):    5.147ns
    Clock Pessimism Removal (CPR):    0.180ns
  Clock Uncertainty:      0.035ns  ((TSJ^2 + TIJ^2)^1/2 + DJ) / 2 + PE
    Total System Jitter     (TSJ):    0.071ns
    Total Input Jitter      (TIJ):    0.000ns
    Discrete Jitter          (DJ):    0.000ns
    Phase Error              (PE):    0.000ns

    Location             Delay type                Incr(ns)  Path(ns)    Netlist Resource(s)
  -------------------------------------------------------------------    -------------------
                         (clock sys_clk_pin rise edge)
                                                      0.000     0.000 r  
    W5                                                0.000     0.000 r  CLOCK (IN)
                         net (fo=0)                   0.000     0.000    CLOCK
    W5                   IBUF (Prop_ibuf_I_O)         1.458     1.458 r  CLOCK_IBUF_inst/O
                         net (fo=1, routed)           1.967     3.425    CLOCK_IBUF
    BUFGCTRL_X0Y0        BUFG (Prop_bufg_I_O)         0.096     3.521 r  CLOCK_IBUF_BUFG_inst/O
                         net (fo=240, routed)         1.626     5.147    calculatornator/CLOCK_IBUF_BUFG
    SLICE_X5Y32          FDRE                                         r  calculatornator/operand_A_reg[1]/C
  -------------------------------------------------------------------    -------------------
    SLICE_X5Y32          FDRE (Prop_fdre_C_Q)         0.456     5.603 r  calculatornator/operand_A_reg[1]/Q
                         net (fo=39, routed)          0.810     6.413    calculatornator/A_0[1]
    SLICE_X7Y32          LUT6 (Prop_lut6_I4_O)        0.124     6.537 r  calculatornator/spi_word[31]_i_315/O
                         net (fo=4, routed)           0.458     6.995    calculatornator/spi_word[31]_i_315_n_0
    SLICE_X6Y32          LUT5 (Prop_lut5_I0_O)        0.124     7.119 r  calculatornator/result[7]_i_44/O
                         net (fo=1, routed)           0.000     7.119    calculatornator/result[7]_i_44_n_0
    SLICE_X6Y32          CARRY4 (Prop_carry4_S[1]_CO[3])
                                                      0.533     7.652 r  calculatornator/result_reg[7]_i_36/CO[3]
                         net (fo=1, routed)           0.000     7.652    calculatornator/result_reg[7]_i_36_n_0
    SLICE_X6Y33          CARRY4 (Prop_carry4_CI_CO[3])
                                                      0.117     7.769 r  calculatornator/result_reg[7]_i_31/CO[3]
                         net (fo=1, routed)           0.000     7.769    calculatornator/result_reg[7]_i_31_n_0
    SLICE_X6Y34          CARRY4 (Prop_carry4_CI_CO[3])
                                                      0.117     7.886 r  calculatornator/result_reg[7]_i_26/CO[3]
                         net (fo=1, routed)           0.000     7.886    calculatornator/result_reg[7]_i_26_n_0
    SLICE_X6Y35          CARRY4 (Prop_carry4_CI_CO[3])
                                                      0.117     8.003 r  calculatornator/result_reg[7]_i_24/CO[3]
                         net (fo=1, routed)           0.000     8.003    calculatornator/result_reg[7]_i_24_n_0
    SLICE_X6Y36          CARRY4 (Prop_carry4_CI_CO[1])
                                                      0.157     8.160 r  calculatornator/result_reg[7]_i_23/CO[1]
                         net (fo=29, routed)          0.751     8.910    calculatornator/result_reg[7]_i_23_n_2
    SLICE_X5Y32          LUT3 (Prop_lut3_I0_O)        0.332     9.242 r  calculatornator/result[6]_i_24/O
                         net (fo=1, routed)           0.000     9.242    calculatornator/result[6]_i_24_n_0
    SLICE_X5Y32          CARRY4 (Prop_carry4_S[1]_CO[3])
                                                      0.550     9.792 r  calculatornator/result_reg[6]_i_17/CO[3]
                         net (fo=1, routed)           0.000     9.792    calculatornator/result_reg[6]_i_17_n_0
    SLICE_X5Y33          CARRY4 (Prop_carry4_CI_CO[3])
                                                      0.114     9.906 r  calculatornator/result_reg[6]_i_12/CO[3]
                         net (fo=1, routed)           0.000     9.906    calculatornator/result_reg[6]_i_12_n_0
    SLICE_X5Y34          CARRY4 (Prop_carry4_CI_CO[3])
                                                      0.114    10.020 r  calculatornator/result_reg[6]_i_7/CO[3]
                         net (fo=1, routed)           0.000    10.020    calculatornator/result_reg[6]_i_7_n_0
    SLICE_X5Y35          CARRY4 (Prop_carry4_CI_CO[3])
                                                      0.114    10.134 r  calculatornator/result_reg[6]_i_4/CO[3]
                         net (fo=1, routed)           0.000    10.134    calculatornator/result_reg[6]_i_4_n_0
    SLICE_X5Y36          CARRY4 (Prop_carry4_CI_CO[1])
                                                      0.157    10.291 r  calculatornator/result_reg[6]_i_3/CO[1]
                         net (fo=29, routed)          0.545    10.837    calculatornator/result10_in[6]
    SLICE_X5Y37          LUT3 (Prop_lut3_I0_O)        0.329    11.166 r  calculatornator/result[5]_i_24/O
                         net (fo=1, routed)           0.000    11.166    calculatornator/result[5]_i_24_n_0
    SLICE_X5Y37          CARRY4 (Prop_carry4_S[1]_CO[3])
                                                      0.550    11.716 r  calculatornator/result_reg[5]_i_17/CO[3]
                         net (fo=1, routed)           0.000    11.716    calculatornator/result_reg[5]_i_17_n_0
    SLICE_X5Y38          CARRY4 (Prop_carry4_CI_CO[3])
                                                      0.114    11.830 r  calculatornator/result_reg[5]_i_12/CO[3]
                         net (fo=1, routed)           0.000    11.830    calculatornator/result_reg[5]_i_12_n_0
    SLICE_X5Y39          CARRY4 (Prop_carry4_CI_CO[3])
                                                      0.114    11.944 r  calculatornator/result_reg[5]_i_7/CO[3]
                         net (fo=1, routed)           0.000    11.944    calculatornator/result_reg[5]_i_7_n_0
    SLICE_X5Y40          CARRY4 (Prop_carry4_CI_CO[3])
                                                      0.114    12.058 r  calculatornator/result_reg[5]_i_4/CO[3]
                         net (fo=1, routed)           0.000    12.058    calculatornator/result_reg[5]_i_4_n_0
    SLICE_X5Y41          CARRY4 (Prop_carry4_CI_CO[1])
                                                      0.157    12.215 r  calculatornator/result_reg[5]_i_3/CO[1]
                         net (fo=29, routed)          0.845    13.060    calculatornator/result10_in[5]
    SLICE_X7Y37          LUT3 (Prop_lut3_I0_O)        0.329    13.389 r  calculatornator/result[4]_i_26/O
                         net (fo=1, routed)           0.000    13.389    calculatornator/result[4]_i_26_n_0
    SLICE_X7Y37          CARRY4 (Prop_carry4_S[1]_CO[3])
                                                      0.550    13.939 r  calculatornator/result_reg[4]_i_18/CO[3]
                         net (fo=1, routed)           0.000    13.939    calculatornator/result_reg[4]_i_18_n_0
    SLICE_X7Y38          CARRY4 (Prop_carry4_CI_CO[3])
                                                      0.114    14.053 r  calculatornator/result_reg[4]_i_13/CO[3]
                         net (fo=1, routed)           0.000    14.053    calculatornator/result_reg[4]_i_13_n_0
    SLICE_X7Y39          CARRY4 (Prop_carry4_CI_CO[3])
                                                      0.114    14.167 r  calculatornator/result_reg[4]_i_5/CO[3]
                         net (fo=1, routed)           0.000    14.167    calculatornator/result_reg[4]_i_5_n_0
    SLICE_X7Y40          CARRY4 (Prop_carry4_CI_CO[1])
                                                      0.157    14.324 r  calculatornator/result_reg[4]_i_3/CO[1]
                         net (fo=29, routed)          0.611    14.935    calculatornator/result10_in[4]
    SLICE_X6Y41          LUT3 (Prop_lut3_I0_O)        0.329    15.264 r  calculatornator/result[3]_i_40/O
                         net (fo=1, routed)           0.000    15.264    calculatornator/result[3]_i_40_n_0
    SLICE_X6Y41          CARRY4 (Prop_carry4_S[1]_CO[3])
                                                      0.533    15.797 r  calculatornator/result_reg[3]_i_32/CO[3]
                         net (fo=1, routed)           0.000    15.797    calculatornator/result_reg[3]_i_32_n_0
    SLICE_X6Y42          CARRY4 (Prop_carry4_CI_CO[3])
                                                      0.117    15.914 r  calculatornator/result_reg[3]_i_26/CO[3]
                         net (fo=1, routed)           0.000    15.914    calculatornator/result_reg[3]_i_26_n_0
    SLICE_X6Y43          CARRY4 (Prop_carry4_CI_CO[3])
                                                      0.117    16.031 r  calculatornator/result_reg[3]_i_16/CO[3]
                         net (fo=1, routed)           0.000    16.031    calculatornator/result_reg[3]_i_16_n_0
    SLICE_X6Y44          CARRY4 (Prop_carry4_CI_CO[1])
                                                      0.157    16.188 r  calculatornator/result_reg[3]_i_14/CO[1]
                         net (fo=29, routed)          0.723    16.911    calculatornator/result10_in[3]
    SLICE_X7Y41          LUT6 (Prop_lut6_I0_O)        0.332    17.243 r  calculatornator/result[2]_i_33/O
                         net (fo=1, routed)           0.000    17.243    calculatornator/result[2]_i_33_n_0
    SLICE_X7Y41          CARRY4 (Prop_carry4_S[1]_CO[3])
                                                      0.550    17.793 r  calculatornator/result_reg[2]_i_26/CO[3]
                         net (fo=1, routed)           0.000    17.793    calculatornator/result_reg[2]_i_26_n_0
    SLICE_X7Y42          CARRY4 (Prop_carry4_CI_CO[3])
                                                      0.114    17.907 r  calculatornator/result_reg[2]_i_21/CO[3]
                         net (fo=1, routed)           0.000    17.907    calculatornator/result_reg[2]_i_21_n_0
    SLICE_X7Y43          CARRY4 (Prop_carry4_CI_CO[3])
                                                      0.114    18.021 r  calculatornator/result_reg[2]_i_16/CO[3]
                         net (fo=1, routed)           0.000    18.021    calculatornator/result_reg[2]_i_16_n_0
    SLICE_X7Y44          CARRY4 (Prop_carry4_CI_CO[3])
                                                      0.114    18.135 r  calculatornator/result_reg[2]_i_13/CO[3]
                         net (fo=1, routed)           0.000    18.135    calculatornator/result_reg[2]_i_13_n_0
    SLICE_X7Y45          CARRY4 (Prop_carry4_CI_CO[1])
                                                      0.157    18.292 r  calculatornator/result_reg[2]_i_11/CO[1]
                         net (fo=29, routed)          0.735    19.027    calculatornator/result10_in[2]
    SLICE_X5Y42          LUT5 (Prop_lut5_I0_O)        0.329    19.356 r  calculatornator/result[1]_i_25/O
                         net (fo=1, routed)           0.000    19.356    calculatornator/result[1]_i_25_n_0
    SLICE_X5Y42          CARRY4 (Prop_carry4_S[1]_CO[3])
                                                      0.550    19.906 r  calculatornator/result_reg[1]_i_17/CO[3]
                         net (fo=1, routed)           0.000    19.906    calculatornator/result_reg[1]_i_17_n_0
    SLICE_X5Y43          CARRY4 (Prop_carry4_CI_CO[3])
                                                      0.114    20.020 r  calculatornator/result_reg[1]_i_12/CO[3]
                         net (fo=1, routed)           0.000    20.020    calculatornator/result_reg[1]_i_12_n_0
    SLICE_X5Y44          CARRY4 (Prop_carry4_CI_CO[3])
                                                      0.114    20.134 r  calculatornator/result_reg[1]_i_7/CO[3]
                         net (fo=1, routed)           0.000    20.134    calculatornator/result_reg[1]_i_7_n_0
    SLICE_X5Y45          CARRY4 (Prop_carry4_CI_CO[3])
                                                      0.114    20.248 r  calculatornator/result_reg[1]_i_4/CO[3]
                         net (fo=1, routed)           0.000    20.248    calculatornator/result_reg[1]_i_4_n_0
    SLICE_X5Y46          CARRY4 (Prop_carry4_CI_CO[1])
                                                      0.157    20.405 r  calculatornator/result_reg[1]_i_3/CO[1]
                         net (fo=29, routed)          0.886    21.291    calculatornator/result10_in[1]
    SLICE_X4Y42          LUT3 (Prop_lut3_I0_O)        0.329    21.620 r  calculatornator/result[0]_i_23/O
                         net (fo=1, routed)           0.000    21.620    calculatornator/result[0]_i_23_n_0
    SLICE_X4Y42          CARRY4 (Prop_carry4_S[0]_CO[3])
                                                      0.532    22.152 r  calculatornator/result_reg[0]_i_15/CO[3]
                         net (fo=1, routed)           0.000    22.152    calculatornator/result_reg[0]_i_15_n_0
    SLICE_X4Y43          CARRY4 (Prop_carry4_CI_CO[3])
                                                      0.114    22.266 r  calculatornator/result_reg[0]_i_10/CO[3]
                         net (fo=1, routed)           0.000    22.266    calculatornator/result_reg[0]_i_10_n_0
    SLICE_X4Y44          CARRY4 (Prop_carry4_CI_CO[3])
                                                      0.114    22.380 r  calculatornator/result_reg[0]_i_5/CO[3]
                         net (fo=1, routed)           0.000    22.380    calculatornator/result_reg[0]_i_5_n_0
    SLICE_X4Y45          CARRY4 (Prop_carry4_CI_CO[3])
                                                      0.114    22.494 r  calculatornator/result_reg[0]_i_3/CO[3]
                         net (fo=1, routed)           0.000    22.494    calculatornator/result_reg[0]_i_3_n_0
    SLICE_X4Y46          CARRY4 (Prop_carry4_CI_CO[0])
                                                      0.271    22.765 f  calculatornator/result_reg[0]_i_2/CO[0]
                         net (fo=2, routed)           0.309    23.074    calculatornator/result10_in[0]
    SLICE_X5Y47          LUT1 (Prop_lut1_I0_O)        0.373    23.447 r  calculatornator/result[4]_i_8/O
                         net (fo=1, routed)           0.336    23.783    calculatornator/result[4]_i_8_n_0
    SLICE_X4Y48          CARRY4 (Prop_carry4_CYINIT_CO[3])
                                                      0.580    24.363 r  calculatornator/result_reg[4]_i_4/CO[3]
                         net (fo=1, routed)           0.000    24.363    calculatornator/result_reg[4]_i_4_n_0
    SLICE_X4Y49          CARRY4 (Prop_carry4_CI_O[3])
                                                      0.313    24.676 r  calculatornator/result_reg[8]_i_5/O[3]
                         net (fo=1, routed)           0.559    25.234    calculatornator/result1[8]
    SLICE_X7Y52          LUT5 (Prop_lut5_I4_O)        0.306    25.540 r  calculatornator/result[8]_i_1_comp/O
                         net (fo=1, routed)           0.000    25.540    calculatornator/p_2_in[8]
    SLICE_X7Y52          FDRE                                         r  calculatornator/result_reg[8]/D
  -------------------------------------------------------------------    -------------------

                         (clock sys_clk_pin rise edge)
                                                     10.000    10.000 r  
    W5                                                0.000    10.000 r  CLOCK (IN)
                         net (fo=0)                   0.000    10.000    CLOCK
    W5                   IBUF (Prop_ibuf_I_O)         1.388    11.388 r  CLOCK_IBUF_inst/O
                         net (fo=1, routed)           1.862    13.250    CLOCK_IBUF
    BUFGCTRL_X0Y0        BUFG (Prop_bufg_I_O)         0.091    13.341 r  CLOCK_IBUF_BUFG_inst/O
                         net (fo=240, routed)         1.508    14.849    calculatornator/CLOCK_IBUF_BUFG
    SLICE_X7Y52          FDRE                                         r  calculatornator/result_reg[8]/C
                         clock pessimism              0.180    15.029    
                         clock uncertainty           -0.035    14.993    
    SLICE_X7Y52          FDRE (Setup_fdre_C_D)        0.031    15.024    calculatornator/result_reg[8]
  -------------------------------------------------------------------
                         required time                         15.024    
                         arrival time                         -25.540    
  -------------------------------------------------------------------
                         slack                                -10.516    

Slack (VIOLATED) :        -10.466ns  (required time - arrival time)
  Source:                 calculatornator/operand_A_reg[1]/C
                            (rising edge-triggered cell FDRE clocked by sys_clk_pin  {rise@0.000ns fall@5.000ns period=10.000ns})
  Destination:            calculatornator/result_reg[9]/D
                            (rising edge-triggered cell FDRE clocked by sys_clk_pin  {rise@0.000ns fall@5.000ns period=10.000ns})
  Path Group:             sys_clk_pin
  Path Type:              Setup (Max at Slow Process Corner)
  Requirement:            10.000ns  (sys_clk_pin rise@10.000ns - sys_clk_pin rise@0.000ns)
  Data Path Delay:        20.345ns  (logic 12.842ns (63.120%)  route 7.503ns (36.880%))
  Logic Levels:           52  (CARRY4=41 LUT1=1 LUT3=5 LUT5=3 LUT6=2)
  Clock Path Skew:        -0.117ns (DCD - SCD + CPR)
    Destination Clock Delay (DCD):    4.851ns = ( 14.851 - 10.000 ) 
    Source Clock Delay      (SCD):    5.147ns
    Clock Pessimism Removal (CPR):    0.180ns
  Clock Uncertainty:      0.035ns  ((TSJ^2 + TIJ^2)^1/2 + DJ) / 2 + PE
    Total System Jitter     (TSJ):    0.071ns
    Total Input Jitter      (TIJ):    0.000ns
    Discrete Jitter          (DJ):    0.000ns
    Phase Error              (PE):    0.000ns

    Location             Delay type                Incr(ns)  Path(ns)    Netlist Resource(s)
  -------------------------------------------------------------------    -------------------
                         (clock sys_clk_pin rise edge)
                                                      0.000     0.000 r  
    W5                                                0.000     0.000 r  CLOCK (IN)
                         net (fo=0)                   0.000     0.000    CLOCK
    W5                   IBUF (Prop_ibuf_I_O)         1.458     1.458 r  CLOCK_IBUF_inst/O
                         net (fo=1, routed)           1.967     3.425    CLOCK_IBUF
    BUFGCTRL_X0Y0        BUFG (Prop_bufg_I_O)         0.096     3.521 r  CLOCK_IBUF_BUFG_inst/O
                         net (fo=240, routed)         1.626     5.147    calculatornator/CLOCK_IBUF_BUFG
    SLICE_X5Y32          FDRE                                         r  calculatornator/operand_A_reg[1]/C
  -------------------------------------------------------------------    -------------------
    SLICE_X5Y32          FDRE (Prop_fdre_C_Q)         0.456     5.603 r  calculatornator/operand_A_reg[1]/Q
                         net (fo=39, routed)          0.810     6.413    calculatornator/A_0[1]
    SLICE_X7Y32          LUT6 (Prop_lut6_I4_O)        0.124     6.537 r  calculatornator/spi_word[31]_i_315/O
                         net (fo=4, routed)           0.458     6.995    calculatornator/spi_word[31]_i_315_n_0
    SLICE_X6Y32          LUT5 (Prop_lut5_I0_O)        0.124     7.119 r  calculatornator/result[7]_i_44/O
                         net (fo=1, routed)           0.000     7.119    calculatornator/result[7]_i_44_n_0
    SLICE_X6Y32          CARRY4 (Prop_carry4_S[1]_CO[3])
                                                      0.533     7.652 r  calculatornator/result_reg[7]_i_36/CO[3]
                         net (fo=1, routed)           0.000     7.652    calculatornator/result_reg[7]_i_36_n_0
    SLICE_X6Y33          CARRY4 (Prop_carry4_CI_CO[3])
                                                      0.117     7.769 r  calculatornator/result_reg[7]_i_31/CO[3]
                         net (fo=1, routed)           0.000     7.769    calculatornator/result_reg[7]_i_31_n_0
    SLICE_X6Y34          CARRY4 (Prop_carry4_CI_CO[3])
                                                      0.117     7.886 r  calculatornator/result_reg[7]_i_26/CO[3]
                         net (fo=1, routed)           0.000     7.886    calculatornator/result_reg[7]_i_26_n_0
    SLICE_X6Y35          CARRY4 (Prop_carry4_CI_CO[3])
                                                      0.117     8.003 r  calculatornator/result_reg[7]_i_24/CO[3]
                         net (fo=1, routed)           0.000     8.003    calculatornator/result_reg[7]_i_24_n_0
    SLICE_X6Y36          CARRY4 (Prop_carry4_CI_CO[1])
                                                      0.157     8.160 r  calculatornator/result_reg[7]_i_23/CO[1]
                         net (fo=29, routed)          0.751     8.910    calculatornator/result_reg[7]_i_23_n_2
    SLICE_X5Y32          LUT3 (Prop_lut3_I0_O)        0.332     9.242 r  calculatornator/result[6]_i_24/O
                         net (fo=1, routed)           0.000     9.242    calculatornator/result[6]_i_24_n_0
    SLICE_X5Y32          CARRY4 (Prop_carry4_S[1]_CO[3])
                                                      0.550     9.792 r  calculatornator/result_reg[6]_i_17/CO[3]
                         net (fo=1, routed)           0.000     9.792    calculatornator/result_reg[6]_i_17_n_0
    SLICE_X5Y33          CARRY4 (Prop_carry4_CI_CO[3])
                                                      0.114     9.906 r  calculatornator/result_reg[6]_i_12/CO[3]
                         net (fo=1, routed)           0.000     9.906    calculatornator/result_reg[6]_i_12_n_0
    SLICE_X5Y34          CARRY4 (Prop_carry4_CI_CO[3])
                                                      0.114    10.020 r  calculatornator/result_reg[6]_i_7/CO[3]
                         net (fo=1, routed)           0.000    10.020    calculatornator/result_reg[6]_i_7_n_0
    SLICE_X5Y35          CARRY4 (Prop_carry4_CI_CO[3])
                                                      0.114    10.134 r  calculatornator/result_reg[6]_i_4/CO[3]
                         net (fo=1, routed)           0.000    10.134    calculatornator/result_reg[6]_i_4_n_0
    SLICE_X5Y36          CARRY4 (Prop_carry4_CI_CO[1])
                                                      0.157    10.291 r  calculatornator/result_reg[6]_i_3/CO[1]
                         net (fo=29, routed)          0.545    10.837    calculatornator/result10_in[6]
    SLICE_X5Y37          LUT3 (Prop_lut3_I0_O)        0.329    11.166 r  calculatornator/result[5]_i_24/O
                         net (fo=1, routed)           0.000    11.166    calculatornator/result[5]_i_24_n_0
    SLICE_X5Y37          CARRY4 (Prop_carry4_S[1]_CO[3])
                                                      0.550    11.716 r  calculatornator/result_reg[5]_i_17/CO[3]
                         net (fo=1, routed)           0.000    11.716    calculatornator/result_reg[5]_i_17_n_0
    SLICE_X5Y38          CARRY4 (Prop_carry4_CI_CO[3])
                                                      0.114    11.830 r  calculatornator/result_reg[5]_i_12/CO[3]
                         net (fo=1, routed)           0.000    11.830    calculatornator/result_reg[5]_i_12_n_0
    SLICE_X5Y39          CARRY4 (Prop_carry4_CI_CO[3])
                                                      0.114    11.944 r  calculatornator/result_reg[5]_i_7/CO[3]
                         net (fo=1, routed)           0.000    11.944    calculatornator/result_reg[5]_i_7_n_0
    SLICE_X5Y40          CARRY4 (Prop_carry4_CI_CO[3])
                                                      0.114    12.058 r  calculatornator/result_reg[5]_i_4/CO[3]
                         net (fo=1, routed)           0.000    12.058    calculatornator/result_reg[5]_i_4_n_0
    SLICE_X5Y41          CARRY4 (Prop_carry4_CI_CO[1])
                                                      0.157    12.215 r  calculatornator/result_reg[5]_i_3/CO[1]
                         net (fo=29, routed)          0.845    13.060    calculatornator/result10_in[5]
    SLICE_X7Y37          LUT3 (Prop_lut3_I0_O)        0.329    13.389 r  calculatornator/result[4]_i_26/O
                         net (fo=1, routed)           0.000    13.389    calculatornator/result[4]_i_26_n_0
    SLICE_X7Y37          CARRY4 (Prop_carry4_S[1]_CO[3])
                                                      0.550    13.939 r  calculatornator/result_reg[4]_i_18/CO[3]
                         net (fo=1, routed)           0.000    13.939    calculatornator/result_reg[4]_i_18_n_0
    SLICE_X7Y38          CARRY4 (Prop_carry4_CI_CO[3])
                                                      0.114    14.053 r  calculatornator/result_reg[4]_i_13/CO[3]
                         net (fo=1, routed)           0.000    14.053    calculatornator/result_reg[4]_i_13_n_0
    SLICE_X7Y39          CARRY4 (Prop_carry4_CI_CO[3])
                                                      0.114    14.167 r  calculatornator/result_reg[4]_i_5/CO[3]
                         net (fo=1, routed)           0.000    14.167    calculatornator/result_reg[4]_i_5_n_0
    SLICE_X7Y40          CARRY4 (Prop_carry4_CI_CO[1])
                                                      0.157    14.324 r  calculatornator/result_reg[4]_i_3/CO[1]
                         net (fo=29, routed)          0.611    14.935    calculatornator/result10_in[4]
    SLICE_X6Y41          LUT3 (Prop_lut3_I0_O)        0.329    15.264 r  calculatornator/result[3]_i_40/O
                         net (fo=1, routed)           0.000    15.264    calculatornator/result[3]_i_40_n_0
    SLICE_X6Y41          CARRY4 (Prop_carry4_S[1]_CO[3])
                                                      0.533    15.797 r  calculatornator/result_reg[3]_i_32/CO[3]
                         net (fo=1, routed)           0.000    15.797    calculatornator/result_reg[3]_i_32_n_0
    SLICE_X6Y42          CARRY4 (Prop_carry4_CI_CO[3])
                                                      0.117    15.914 r  calculatornator/result_reg[3]_i_26/CO[3]
                         net (fo=1, routed)           0.000    15.914    calculatornator/result_reg[3]_i_26_n_0
    SLICE_X6Y43          CARRY4 (Prop_carry4_CI_CO[3])
                                                      0.117    16.031 r  calculatornator/result_reg[3]_i_16/CO[3]
                         net (fo=1, routed)           0.000    16.031    calculatornator/result_reg[3]_i_16_n_0
    SLICE_X6Y44          CARRY4 (Prop_carry4_CI_CO[1])
                                                      0.157    16.188 r  calculatornator/result_reg[3]_i_14/CO[1]
                         net (fo=29, routed)          0.723    16.911    calculatornator/result10_in[3]
    SLICE_X7Y41          LUT6 (Prop_lut6_I0_O)        0.332    17.243 r  calculatornator/result[2]_i_33/O
                         net (fo=1, routed)           0.000    17.243    calculatornator/result[2]_i_33_n_0
    SLICE_X7Y41          CARRY4 (Prop_carry4_S[1]_CO[3])
                                                      0.550    17.793 r  calculatornator/result_reg[2]_i_26/CO[3]
                         net (fo=1, routed)           0.000    17.793    calculatornator/result_reg[2]_i_26_n_0
    SLICE_X7Y42          CARRY4 (Prop_carry4_CI_CO[3])
                                                      0.114    17.907 r  calculatornator/result_reg[2]_i_21/CO[3]
                         net (fo=1, routed)           0.000    17.907    calculatornator/result_reg[2]_i_21_n_0
    SLICE_X7Y43          CARRY4 (Prop_carry4_CI_CO[3])
                                                      0.114    18.021 r  calculatornator/result_reg[2]_i_16/CO[3]
                         net (fo=1, routed)           0.000    18.021    calculatornator/result_reg[2]_i_16_n_0
    SLICE_X7Y44          CARRY4 (Prop_carry4_CI_CO[3])
                                                      0.114    18.135 r  calculatornator/result_reg[2]_i_13/CO[3]
                         net (fo=1, routed)           0.000    18.135    calculatornator/result_reg[2]_i_13_n_0
    SLICE_X7Y45          CARRY4 (Prop_carry4_CI_CO[1])
                                                      0.157    18.292 r  calculatornator/result_reg[2]_i_11/CO[1]
                         net (fo=29, routed)          0.735    19.027    calculatornator/result10_in[2]
    SLICE_X5Y42          LUT5 (Prop_lut5_I0_O)        0.329    19.356 r  calculatornator/result[1]_i_25/O
                         net (fo=1, routed)           0.000    19.356    calculatornator/result[1]_i_25_n_0
    SLICE_X5Y42          CARRY4 (Prop_carry4_S[1]_CO[3])
                                                      0.550    19.906 r  calculatornator/result_reg[1]_i_17/CO[3]
                         net (fo=1, routed)           0.000    19.906    calculatornator/result_reg[1]_i_17_n_0
    SLICE_X5Y43          CARRY4 (Prop_carry4_CI_CO[3])
                                                      0.114    20.020 r  calculatornator/result_reg[1]_i_12/CO[3]
                         net (fo=1, routed)           0.000    20.020    calculatornator/result_reg[1]_i_12_n_0
    SLICE_X5Y44          CARRY4 (Prop_carry4_CI_CO[3])
                                                      0.114    20.134 r  calculatornator/result_reg[1]_i_7/CO[3]
                         net (fo=1, routed)           0.000    20.134    calculatornator/result_reg[1]_i_7_n_0
    SLICE_X5Y45          CARRY4 (Prop_carry4_CI_CO[3])
                                                      0.114    20.248 r  calculatornator/result_reg[1]_i_4/CO[3]
                         net (fo=1, routed)           0.000    20.248    calculatornator/result_reg[1]_i_4_n_0
    SLICE_X5Y46          CARRY4 (Prop_carry4_CI_CO[1])
                                                      0.157    20.405 r  calculatornator/result_reg[1]_i_3/CO[1]
                         net (fo=29, routed)          0.886    21.291    calculatornator/result10_in[1]
    SLICE_X4Y42          LUT3 (Prop_lut3_I0_O)        0.329    21.620 r  calculatornator/result[0]_i_23/O
                         net (fo=1, routed)           0.000    21.620    calculatornator/result[0]_i_23_n_0
    SLICE_X4Y42          CARRY4 (Prop_carry4_S[0]_CO[3])
                                                      0.532    22.152 r  calculatornator/result_reg[0]_i_15/CO[3]
                         net (fo=1, routed)           0.000    22.152    calculatornator/result_reg[0]_i_15_n_0
    SLICE_X4Y43          CARRY4 (Prop_carry4_CI_CO[3])
                                                      0.114    22.266 r  calculatornator/result_reg[0]_i_10/CO[3]
                         net (fo=1, routed)           0.000    22.266    calculatornator/result_reg[0]_i_10_n_0
    SLICE_X4Y44          CARRY4 (Prop_carry4_CI_CO[3])
                                                      0.114    22.380 r  calculatornator/result_reg[0]_i_5/CO[3]
                         net (fo=1, routed)           0.000    22.380    calculatornator/result_reg[0]_i_5_n_0
    SLICE_X4Y45          CARRY4 (Prop_carry4_CI_CO[3])
                                                      0.114    22.494 r  calculatornator/result_reg[0]_i_3/CO[3]
                         net (fo=1, routed)           0.000    22.494    calculatornator/result_reg[0]_i_3_n_0
    SLICE_X4Y46          CARRY4 (Prop_carry4_CI_CO[0])
                                                      0.271    22.765 f  calculatornator/result_reg[0]_i_2/CO[0]
                         net (fo=2, routed)           0.309    23.074    calculatornator/result10_in[0]
    SLICE_X5Y47          LUT1 (Prop_lut1_I0_O)        0.373    23.447 r  calculatornator/result[4]_i_8/O
                         net (fo=1, routed)           0.336    23.783    calculatornator/result[4]_i_8_n_0
    SLICE_X4Y48          CARRY4 (Prop_carry4_CYINIT_CO[3])
                                                      0.580    24.363 r  calculatornator/result_reg[4]_i_4/CO[3]
                         net (fo=1, routed)           0.000    24.363    calculatornator/result_reg[4]_i_4_n_0
    SLICE_X4Y49          CARRY4 (Prop_carry4_CI_CO[3])
                                                      0.114    24.477 r  calculatornator/result_reg[8]_i_5/CO[3]
                         net (fo=1, routed)           0.001    24.477    calculatornator/result_reg[8]_i_5_n_0
    SLICE_X4Y50          CARRY4 (Prop_carry4_CI_O[0])
                                                      0.222    24.699 r  calculatornator/result_reg[12]_i_5/O[0]
                         net (fo=1, routed)           0.494    25.194    calculatornator/result1[9]
    SLICE_X1Y51          LUT5 (Prop_lut5_I4_O)        0.299    25.493 r  calculatornator/result[9]_i_1_comp/O
                         net (fo=1, routed)           0.000    25.493    calculatornator/p_2_in[9]
    SLICE_X1Y51          FDRE                                         r  calculatornator/result_reg[9]/D
  -------------------------------------------------------------------    -------------------

                         (clock sys_clk_pin rise edge)
                                                     10.000    10.000 r  
    W5                                                0.000    10.000 r  CLOCK (IN)
                         net (fo=0)                   0.000    10.000    CLOCK
    W5                   IBUF (Prop_ibuf_I_O)         1.388    11.388 r  CLOCK_IBUF_inst/O
                         net (fo=1, routed)           1.862    13.250    CLOCK_IBUF
    BUFGCTRL_X0Y0        BUFG (Prop_bufg_I_O)         0.091    13.341 r  CLOCK_IBUF_BUFG_inst/O
                         net (fo=240, routed)         1.510    14.851    calculatornator/CLOCK_IBUF_BUFG
    SLICE_X1Y51          FDRE                                         r  calculatornator/result_reg[9]/C
                         clock pessimism              0.180    15.031    
                         clock uncertainty           -0.035    14.995    
    SLICE_X1Y51          FDRE (Setup_fdre_C_D)        0.031    15.026    calculatornator/result_reg[9]
  -------------------------------------------------------------------
                         required time                         15.026    
                         arrival time                         -25.493    
  -------------------------------------------------------------------
                         slack                                -10.466    

Slack (VIOLATED) :        -10.420ns  (required time - arrival time)
  Source:                 calculatornator/operand_A_reg[1]/C
                            (rising edge-triggered cell FDRE clocked by sys_clk_pin  {rise@0.000ns fall@5.000ns period=10.000ns})
  Destination:            calculatornator/result_reg[11]/D
                            (rising edge-triggered cell FDRE clocked by sys_clk_pin  {rise@0.000ns fall@5.000ns period=10.000ns})
  Path Group:             sys_clk_pin
  Path Type:              Setup (Max at Slow Process Corner)
  Requirement:            10.000ns  (sys_clk_pin rise@10.000ns - sys_clk_pin rise@0.000ns)
  Data Path Delay:        20.297ns  (logic 12.862ns (63.370%)  route 7.435ns (36.630%))
  Logic Levels:           52  (CARRY4=41 LUT1=1 LUT3=5 LUT5=3 LUT6=2)
  Clock Path Skew:        -0.119ns (DCD - SCD + CPR)
    Destination Clock Delay (DCD):    4.849ns = ( 14.849 - 10.000 ) 
    Source Clock Delay      (SCD):    5.147ns
    Clock Pessimism Removal (CPR):    0.180ns
  Clock Uncertainty:      0.035ns  ((TSJ^2 + TIJ^2)^1/2 + DJ) / 2 + PE
    Total System Jitter     (TSJ):    0.071ns
    Total Input Jitter      (TIJ):    0.000ns
    Discrete Jitter          (DJ):    0.000ns
    Phase Error              (PE):    0.000ns

    Location             Delay type                Incr(ns)  Path(ns)    Netlist Resource(s)
  -------------------------------------------------------------------    -------------------
                         (clock sys_clk_pin rise edge)
                                                      0.000     0.000 r  
    W5                                                0.000     0.000 r  CLOCK (IN)
                         net (fo=0)                   0.000     0.000    CLOCK
    W5                   IBUF (Prop_ibuf_I_O)         1.458     1.458 r  CLOCK_IBUF_inst/O
                         net (fo=1, routed)           1.967     3.425    CLOCK_IBUF
    BUFGCTRL_X0Y0        BUFG (Prop_bufg_I_O)         0.096     3.521 r  CLOCK_IBUF_BUFG_inst/O
                         net (fo=240, routed)         1.626     5.147    calculatornator/CLOCK_IBUF_BUFG
    SLICE_X5Y32          FDRE                                         r  calculatornator/operand_A_reg[1]/C
  -------------------------------------------------------------------    -------------------
    SLICE_X5Y32          FDRE (Prop_fdre_C_Q)         0.456     5.603 r  calculatornator/operand_A_reg[1]/Q
                         net (fo=39, routed)          0.810     6.413    calculatornator/A_0[1]
    SLICE_X7Y32          LUT6 (Prop_lut6_I4_O)        0.124     6.537 r  calculatornator/spi_word[31]_i_315/O
                         net (fo=4, routed)           0.458     6.995    calculatornator/spi_word[31]_i_315_n_0
    SLICE_X6Y32          LUT5 (Prop_lut5_I0_O)        0.124     7.119 r  calculatornator/result[7]_i_44/O
                         net (fo=1, routed)           0.000     7.119    calculatornator/result[7]_i_44_n_0
    SLICE_X6Y32          CARRY4 (Prop_carry4_S[1]_CO[3])
                                                      0.533     7.652 r  calculatornator/result_reg[7]_i_36/CO[3]
                         net (fo=1, routed)           0.000     7.652    calculatornator/result_reg[7]_i_36_n_0
    SLICE_X6Y33          CARRY4 (Prop_carry4_CI_CO[3])
                                                      0.117     7.769 r  calculatornator/result_reg[7]_i_31/CO[3]
                         net (fo=1, routed)           0.000     7.769    calculatornator/result_reg[7]_i_31_n_0
    SLICE_X6Y34          CARRY4 (Prop_carry4_CI_CO[3])
                                                      0.117     7.886 r  calculatornator/result_reg[7]_i_26/CO[3]
                         net (fo=1, routed)           0.000     7.886    calculatornator/result_reg[7]_i_26_n_0
    SLICE_X6Y35          CARRY4 (Prop_carry4_CI_CO[3])
                                                      0.117     8.003 r  calculatornator/result_reg[7]_i_24/CO[3]
                         net (fo=1, routed)           0.000     8.003    calculatornator/result_reg[7]_i_24_n_0
    SLICE_X6Y36          CARRY4 (Prop_carry4_CI_CO[1])
                                                      0.157     8.160 r  calculatornator/result_reg[7]_i_23/CO[1]
                         net (fo=29, routed)          0.751     8.910    calculatornator/result_reg[7]_i_23_n_2
    SLICE_X5Y32          LUT3 (Prop_lut3_I0_O)        0.332     9.242 r  calculatornator/result[6]_i_24/O
                         net (fo=1, routed)           0.000     9.242    calculatornator/result[6]_i_24_n_0
    SLICE_X5Y32          CARRY4 (Prop_carry4_S[1]_CO[3])
                                                      0.550     9.792 r  calculatornator/result_reg[6]_i_17/CO[3]
                         net (fo=1, routed)           0.000     9.792    calculatornator/result_reg[6]_i_17_n_0
    SLICE_X5Y33          CARRY4 (Prop_carry4_CI_CO[3])
                                                      0.114     9.906 r  calculatornator/result_reg[6]_i_12/CO[3]
                         net (fo=1, routed)           0.000     9.906    calculatornator/result_reg[6]_i_12_n_0
    SLICE_X5Y34          CARRY4 (Prop_carry4_CI_CO[3])
                                                      0.114    10.020 r  calculatornator/result_reg[6]_i_7/CO[3]
                         net (fo=1, routed)           0.000    10.020    calculatornator/result_reg[6]_i_7_n_0
    SLICE_X5Y35          CARRY4 (Prop_carry4_CI_CO[3])
                                                      0.114    10.134 r  calculatornator/result_reg[6]_i_4/CO[3]
                         net (fo=1, routed)           0.000    10.134    calculatornator/result_reg[6]_i_4_n_0
    SLICE_X5Y36          CARRY4 (Prop_carry4_CI_CO[1])
                                                      0.157    10.291 r  calculatornator/result_reg[6]_i_3/CO[1]
                         net (fo=29, routed)          0.545    10.837    calculatornator/result10_in[6]
    SLICE_X5Y37          LUT3 (Prop_lut3_I0_O)        0.329    11.166 r  calculatornator/result[5]_i_24/O
                         net (fo=1, routed)           0.000    11.166    calculatornator/result[5]_i_24_n_0
    SLICE_X5Y37          CARRY4 (Prop_carry4_S[1]_CO[3])
                                                      0.550    11.716 r  calculatornator/result_reg[5]_i_17/CO[3]
                         net (fo=1, routed)           0.000    11.716    calculatornator/result_reg[5]_i_17_n_0
    SLICE_X5Y38          CARRY4 (Prop_carry4_CI_CO[3])
                                                      0.114    11.830 r  calculatornator/result_reg[5]_i_12/CO[3]
                         net (fo=1, routed)           0.000    11.830    calculatornator/result_reg[5]_i_12_n_0
    SLICE_X5Y39          CARRY4 (Prop_carry4_CI_CO[3])
                                                      0.114    11.944 r  calculatornator/result_reg[5]_i_7/CO[3]
                         net (fo=1, routed)           0.000    11.944    calculatornator/result_reg[5]_i_7_n_0
    SLICE_X5Y40          CARRY4 (Prop_carry4_CI_CO[3])
                                                      0.114    12.058 r  calculatornator/result_reg[5]_i_4/CO[3]
                         net (fo=1, routed)           0.000    12.058    calculatornator/result_reg[5]_i_4_n_0
    SLICE_X5Y41          CARRY4 (Prop_carry4_CI_CO[1])
                                                      0.157    12.215 r  calculatornator/result_reg[5]_i_3/CO[1]
                         net (fo=29, routed)          0.845    13.060    calculatornator/result10_in[5]
    SLICE_X7Y37          LUT3 (Prop_lut3_I0_O)        0.329    13.389 r  calculatornator/result[4]_i_26/O
                         net (fo=1, routed)           0.000    13.389    calculatornator/result[4]_i_26_n_0
    SLICE_X7Y37          CARRY4 (Prop_carry4_S[1]_CO[3])
                                                      0.550    13.939 r  calculatornator/result_reg[4]_i_18/CO[3]
                         net (fo=1, routed)           0.000    13.939    calculatornator/result_reg[4]_i_18_n_0
    SLICE_X7Y38          CARRY4 (Prop_carry4_CI_CO[3])
                                                      0.114    14.053 r  calculatornator/result_reg[4]_i_13/CO[3]
                         net (fo=1, routed)           0.000    14.053    calculatornator/result_reg[4]_i_13_n_0
    SLICE_X7Y39          CARRY4 (Prop_carry4_CI_CO[3])
                                                      0.114    14.167 r  calculatornator/result_reg[4]_i_5/CO[3]
                         net (fo=1, routed)           0.000    14.167    calculatornator/result_reg[4]_i_5_n_0
    SLICE_X7Y40          CARRY4 (Prop_carry4_CI_CO[1])
                                                      0.157    14.324 r  calculatornator/result_reg[4]_i_3/CO[1]
                         net (fo=29, routed)          0.611    14.935    calculatornator/result10_in[4]
    SLICE_X6Y41          LUT3 (Prop_lut3_I0_O)        0.329    15.264 r  calculatornator/result[3]_i_40/O
                         net (fo=1, routed)           0.000    15.264    calculatornator/result[3]_i_40_n_0
    SLICE_X6Y41          CARRY4 (Prop_carry4_S[1]_CO[3])
                                                      0.533    15.797 r  calculatornator/result_reg[3]_i_32/CO[3]
                         net (fo=1, routed)           0.000    15.797    calculatornator/result_reg[3]_i_32_n_0
    SLICE_X6Y42          CARRY4 (Prop_carry4_CI_CO[3])
                                                      0.117    15.914 r  calculatornator/result_reg[3]_i_26/CO[3]
                         net (fo=1, routed)           0.000    15.914    calculatornator/result_reg[3]_i_26_n_0
    SLICE_X6Y43          CARRY4 (Prop_carry4_CI_CO[3])
                                                      0.117    16.031 r  calculatornator/result_reg[3]_i_16/CO[3]
                         net (fo=1, routed)           0.000    16.031    calculatornator/result_reg[3]_i_16_n_0
    SLICE_X6Y44          CARRY4 (Prop_carry4_CI_CO[1])
                                                      0.157    16.188 r  calculatornator/result_reg[3]_i_14/CO[1]
                         net (fo=29, routed)          0.723    16.911    calculatornator/result10_in[3]
    SLICE_X7Y41          LUT6 (Prop_lut6_I0_O)        0.332    17.243 r  calculatornator/result[2]_i_33/O
                         net (fo=1, routed)           0.000    17.243    calculatornator/result[2]_i_33_n_0
    SLICE_X7Y41          CARRY4 (Prop_carry4_S[1]_CO[3])
                                                      0.550    17.793 r  calculatornator/result_reg[2]_i_26/CO[3]
                         net (fo=1, routed)           0.000    17.793    calculatornator/result_reg[2]_i_26_n_0
    SLICE_X7Y42          CARRY4 (Prop_carry4_CI_CO[3])
                                                      0.114    17.907 r  calculatornator/result_reg[2]_i_21/CO[3]
                         net (fo=1, routed)           0.000    17.907    calculatornator/result_reg[2]_i_21_n_0
    SLICE_X7Y43          CARRY4 (Prop_carry4_CI_CO[3])
                                                      0.114    18.021 r  calculatornator/result_reg[2]_i_16/CO[3]
                         net (fo=1, routed)           0.000    18.021    calculatornator/result_reg[2]_i_16_n_0
    SLICE_X7Y44          CARRY4 (Prop_carry4_CI_CO[3])
                                                      0.114    18.135 r  calculatornator/result_reg[2]_i_13/CO[3]
                         net (fo=1, routed)           0.000    18.135    calculatornator/result_reg[2]_i_13_n_0
    SLICE_X7Y45          CARRY4 (Prop_carry4_CI_CO[1])
                                                      0.157    18.292 r  calculatornator/result_reg[2]_i_11/CO[1]
                         net (fo=29, routed)          0.735    19.027    calculatornator/result10_in[2]
    SLICE_X5Y42          LUT5 (Prop_lut5_I0_O)        0.329    19.356 r  calculatornator/result[1]_i_25/O
                         net (fo=1, routed)           0.000    19.356    calculatornator/result[1]_i_25_n_0
    SLICE_X5Y42          CARRY4 (Prop_carry4_S[1]_CO[3])
                                                      0.550    19.906 r  calculatornator/result_reg[1]_i_17/CO[3]
                         net (fo=1, routed)           0.000    19.906    calculatornator/result_reg[1]_i_17_n_0
    SLICE_X5Y43          CARRY4 (Prop_carry4_CI_CO[3])
                                                      0.114    20.020 r  calculatornator/result_reg[1]_i_12/CO[3]
                         net (fo=1, routed)           0.000    20.020    calculatornator/result_reg[1]_i_12_n_0
    SLICE_X5Y44          CARRY4 (Prop_carry4_CI_CO[3])
                                                      0.114    20.134 r  calculatornator/result_reg[1]_i_7/CO[3]
                         net (fo=1, routed)           0.000    20.134    calculatornator/result_reg[1]_i_7_n_0
    SLICE_X5Y45          CARRY4 (Prop_carry4_CI_CO[3])
                                                      0.114    20.248 r  calculatornator/result_reg[1]_i_4/CO[3]
                         net (fo=1, routed)           0.000    20.248    calculatornator/result_reg[1]_i_4_n_0
    SLICE_X5Y46          CARRY4 (Prop_carry4_CI_CO[1])
                                                      0.157    20.405 r  calculatornator/result_reg[1]_i_3/CO[1]
                         net (fo=29, routed)          0.886    21.291    calculatornator/result10_in[1]
    SLICE_X4Y42          LUT3 (Prop_lut3_I0_O)        0.329    21.620 r  calculatornator/result[0]_i_23/O
                         net (fo=1, routed)           0.000    21.620    calculatornator/result[0]_i_23_n_0
    SLICE_X4Y42          CARRY4 (Prop_carry4_S[0]_CO[3])
                                                      0.532    22.152 r  calculatornator/result_reg[0]_i_15/CO[3]
                         net (fo=1, routed)           0.000    22.152    calculatornator/result_reg[0]_i_15_n_0
    SLICE_X4Y43          CARRY4 (Prop_carry4_CI_CO[3])
                                                      0.114    22.266 r  calculatornator/result_reg[0]_i_10/CO[3]
                         net (fo=1, routed)           0.000    22.266    calculatornator/result_reg[0]_i_10_n_0
    SLICE_X4Y44          CARRY4 (Prop_carry4_CI_CO[3])
                                                      0.114    22.380 r  calculatornator/result_reg[0]_i_5/CO[3]
                         net (fo=1, routed)           0.000    22.380    calculatornator/result_reg[0]_i_5_n_0
    SLICE_X4Y45          CARRY4 (Prop_carry4_CI_CO[3])
                                                      0.114    22.494 r  calculatornator/result_reg[0]_i_3/CO[3]
                         net (fo=1, routed)           0.000    22.494    calculatornator/result_reg[0]_i_3_n_0
    SLICE_X4Y46          CARRY4 (Prop_carry4_CI_CO[0])
                                                      0.271    22.765 f  calculatornator/result_reg[0]_i_2/CO[0]
                         net (fo=2, routed)           0.309    23.074    calculatornator/result10_in[0]
    SLICE_X5Y47          LUT1 (Prop_lut1_I0_O)        0.373    23.447 r  calculatornator/result[4]_i_8/O
                         net (fo=1, routed)           0.336    23.783    calculatornator/result[4]_i_8_n_0
    SLICE_X4Y48          CARRY4 (Prop_carry4_CYINIT_CO[3])
                                                      0.580    24.363 r  calculatornator/result_reg[4]_i_4/CO[3]
                         net (fo=1, routed)           0.000    24.363    calculatornator/result_reg[4]_i_4_n_0
    SLICE_X4Y49          CARRY4 (Prop_carry4_CI_CO[3])
                                                      0.114    24.477 r  calculatornator/result_reg[8]_i_5/CO[3]
                         net (fo=1, routed)           0.001    24.477    calculatornator/result_reg[8]_i_5_n_0
    SLICE_X4Y50          CARRY4 (Prop_carry4_CI_O[2])
                                                      0.239    24.716 r  calculatornator/result_reg[12]_i_5/O[2]
                         net (fo=1, routed)           0.426    25.142    calculatornator/result1[11]
    SLICE_X4Y52          LUT5 (Prop_lut5_I4_O)        0.302    25.444 r  calculatornator/result[11]_i_1_comp/O
                         net (fo=1, routed)           0.000    25.444    calculatornator/p_2_in[11]
    SLICE_X4Y52          FDRE                                         r  calculatornator/result_reg[11]/D
  -------------------------------------------------------------------    -------------------

                         (clock sys_clk_pin rise edge)
                                                     10.000    10.000 r  
    W5                                                0.000    10.000 r  CLOCK (IN)
                         net (fo=0)                   0.000    10.000    CLOCK
    W5                   IBUF (Prop_ibuf_I_O)         1.388    11.388 r  CLOCK_IBUF_inst/O
                         net (fo=1, routed)           1.862    13.250    CLOCK_IBUF
    BUFGCTRL_X0Y0        BUFG (Prop_bufg_I_O)         0.091    13.341 r  CLOCK_IBUF_BUFG_inst/O
                         net (fo=240, routed)         1.508    14.849    calculatornator/CLOCK_IBUF_BUFG
    SLICE_X4Y52          FDRE                                         r  calculatornator/result_reg[11]/C
                         clock pessimism              0.180    15.029    
                         clock uncertainty           -0.035    14.993    
    SLICE_X4Y52          FDRE (Setup_fdre_C_D)        0.031    15.024    calculatornator/result_reg[11]
  -------------------------------------------------------------------
                         required time                         15.024    
                         arrival time                         -25.444    
  -------------------------------------------------------------------
                         slack                                -10.420    

Slack (VIOLATED) :        -10.397ns  (required time - arrival time)
  Source:                 calculatornator/operand_A_reg[1]/C
                            (rising edge-triggered cell FDRE clocked by sys_clk_pin  {rise@0.000ns fall@5.000ns period=10.000ns})
  Destination:            calculatornator/result_reg[10]/D
                            (rising edge-triggered cell FDRE clocked by sys_clk_pin  {rise@0.000ns fall@5.000ns period=10.000ns})
  Path Group:             sys_clk_pin
  Path Type:              Setup (Max at Slow Process Corner)
  Requirement:            10.000ns  (sys_clk_pin rise@10.000ns - sys_clk_pin rise@0.000ns)
  Data Path Delay:        20.276ns  (logic 12.958ns (63.908%)  route 7.318ns (36.092%))
  Logic Levels:           52  (CARRY4=41 LUT1=1 LUT3=5 LUT5=3 LUT6=2)
  Clock Path Skew:        -0.117ns (DCD - SCD + CPR)
    Destination Clock Delay (DCD):    4.851ns = ( 14.851 - 10.000 ) 
    Source Clock Delay      (SCD):    5.147ns
    Clock Pessimism Removal (CPR):    0.180ns
  Clock Uncertainty:      0.035ns  ((TSJ^2 + TIJ^2)^1/2 + DJ) / 2 + PE
    Total System Jitter     (TSJ):    0.071ns
    Total Input Jitter      (TIJ):    0.000ns
    Discrete Jitter          (DJ):    0.000ns
    Phase Error              (PE):    0.000ns

    Location             Delay type                Incr(ns)  Path(ns)    Netlist Resource(s)
  -------------------------------------------------------------------    -------------------
                         (clock sys_clk_pin rise edge)
                                                      0.000     0.000 r  
    W5                                                0.000     0.000 r  CLOCK (IN)
                         net (fo=0)                   0.000     0.000    CLOCK
    W5                   IBUF (Prop_ibuf_I_O)         1.458     1.458 r  CLOCK_IBUF_inst/O
                         net (fo=1, routed)           1.967     3.425    CLOCK_IBUF
    BUFGCTRL_X0Y0        BUFG (Prop_bufg_I_O)         0.096     3.521 r  CLOCK_IBUF_BUFG_inst/O
                         net (fo=240, routed)         1.626     5.147    calculatornator/CLOCK_IBUF_BUFG
    SLICE_X5Y32          FDRE                                         r  calculatornator/operand_A_reg[1]/C
  -------------------------------------------------------------------    -------------------
    SLICE_X5Y32          FDRE (Prop_fdre_C_Q)         0.456     5.603 r  calculatornator/operand_A_reg[1]/Q
                         net (fo=39, routed)          0.810     6.413    calculatornator/A_0[1]
    SLICE_X7Y32          LUT6 (Prop_lut6_I4_O)        0.124     6.537 r  calculatornator/spi_word[31]_i_315/O
                         net (fo=4, routed)           0.458     6.995    calculatornator/spi_word[31]_i_315_n_0
    SLICE_X6Y32          LUT5 (Prop_lut5_I0_O)        0.124     7.119 r  calculatornator/result[7]_i_44/O
                         net (fo=1, routed)           0.000     7.119    calculatornator/result[7]_i_44_n_0
    SLICE_X6Y32          CARRY4 (Prop_carry4_S[1]_CO[3])
                                                      0.533     7.652 r  calculatornator/result_reg[7]_i_36/CO[3]
                         net (fo=1, routed)           0.000     7.652    calculatornator/result_reg[7]_i_36_n_0
    SLICE_X6Y33          CARRY4 (Prop_carry4_CI_CO[3])
                                                      0.117     7.769 r  calculatornator/result_reg[7]_i_31/CO[3]
                         net (fo=1, routed)           0.000     7.769    calculatornator/result_reg[7]_i_31_n_0
    SLICE_X6Y34          CARRY4 (Prop_carry4_CI_CO[3])
                                                      0.117     7.886 r  calculatornator/result_reg[7]_i_26/CO[3]
                         net (fo=1, routed)           0.000     7.886    calculatornator/result_reg[7]_i_26_n_0
    SLICE_X6Y35          CARRY4 (Prop_carry4_CI_CO[3])
                                                      0.117     8.003 r  calculatornator/result_reg[7]_i_24/CO[3]
                         net (fo=1, routed)           0.000     8.003    calculatornator/result_reg[7]_i_24_n_0
    SLICE_X6Y36          CARRY4 (Prop_carry4_CI_CO[1])
                                                      0.157     8.160 r  calculatornator/result_reg[7]_i_23/CO[1]
                         net (fo=29, routed)          0.751     8.910    calculatornator/result_reg[7]_i_23_n_2
    SLICE_X5Y32          LUT3 (Prop_lut3_I0_O)        0.332     9.242 r  calculatornator/result[6]_i_24/O
                         net (fo=1, routed)           0.000     9.242    calculatornator/result[6]_i_24_n_0
    SLICE_X5Y32          CARRY4 (Prop_carry4_S[1]_CO[3])
                                                      0.550     9.792 r  calculatornator/result_reg[6]_i_17/CO[3]
                         net (fo=1, routed)           0.000     9.792    calculatornator/result_reg[6]_i_17_n_0
    SLICE_X5Y33          CARRY4 (Prop_carry4_CI_CO[3])
                                                      0.114     9.906 r  calculatornator/result_reg[6]_i_12/CO[3]
                         net (fo=1, routed)           0.000     9.906    calculatornator/result_reg[6]_i_12_n_0
    SLICE_X5Y34          CARRY4 (Prop_carry4_CI_CO[3])
                                                      0.114    10.020 r  calculatornator/result_reg[6]_i_7/CO[3]
                         net (fo=1, routed)           0.000    10.020    calculatornator/result_reg[6]_i_7_n_0
    SLICE_X5Y35          CARRY4 (Prop_carry4_CI_CO[3])
                                                      0.114    10.134 r  calculatornator/result_reg[6]_i_4/CO[3]
                         net (fo=1, routed)           0.000    10.134    calculatornator/result_reg[6]_i_4_n_0
    SLICE_X5Y36          CARRY4 (Prop_carry4_CI_CO[1])
                                                      0.157    10.291 r  calculatornator/result_reg[6]_i_3/CO[1]
                         net (fo=29, routed)          0.545    10.837    calculatornator/result10_in[6]
    SLICE_X5Y37          LUT3 (Prop_lut3_I0_O)        0.329    11.166 r  calculatornator/result[5]_i_24/O
                         net (fo=1, routed)           0.000    11.166    calculatornator/result[5]_i_24_n_0
    SLICE_X5Y37          CARRY4 (Prop_carry4_S[1]_CO[3])
                                                      0.550    11.716 r  calculatornator/result_reg[5]_i_17/CO[3]
                         net (fo=1, routed)           0.000    11.716    calculatornator/result_reg[5]_i_17_n_0
    SLICE_X5Y38          CARRY4 (Prop_carry4_CI_CO[3])
                                                      0.114    11.830 r  calculatornator/result_reg[5]_i_12/CO[3]
                         net (fo=1, routed)           0.000    11.830    calculatornator/result_reg[5]_i_12_n_0
    SLICE_X5Y39          CARRY4 (Prop_carry4_CI_CO[3])
                                                      0.114    11.944 r  calculatornator/result_reg[5]_i_7/CO[3]
                         net (fo=1, routed)           0.000    11.944    calculatornator/result_reg[5]_i_7_n_0
    SLICE_X5Y40          CARRY4 (Prop_carry4_CI_CO[3])
                                                      0.114    12.058 r  calculatornator/result_reg[5]_i_4/CO[3]
                         net (fo=1, routed)           0.000    12.058    calculatornator/result_reg[5]_i_4_n_0
    SLICE_X5Y41          CARRY4 (Prop_carry4_CI_CO[1])
                                                      0.157    12.215 r  calculatornator/result_reg[5]_i_3/CO[1]
                         net (fo=29, routed)          0.845    13.060    calculatornator/result10_in[5]
    SLICE_X7Y37          LUT3 (Prop_lut3_I0_O)        0.329    13.389 r  calculatornator/result[4]_i_26/O
                         net (fo=1, routed)           0.000    13.389    calculatornator/result[4]_i_26_n_0
    SLICE_X7Y37          CARRY4 (Prop_carry4_S[1]_CO[3])
                                                      0.550    13.939 r  calculatornator/result_reg[4]_i_18/CO[3]
                         net (fo=1, routed)           0.000    13.939    calculatornator/result_reg[4]_i_18_n_0
    SLICE_X7Y38          CARRY4 (Prop_carry4_CI_CO[3])
                                                      0.114    14.053 r  calculatornator/result_reg[4]_i_13/CO[3]
                         net (fo=1, routed)           0.000    14.053    calculatornator/result_reg[4]_i_13_n_0
    SLICE_X7Y39          CARRY4 (Prop_carry4_CI_CO[3])
                                                      0.114    14.167 r  calculatornator/result_reg[4]_i_5/CO[3]
                         net (fo=1, routed)           0.000    14.167    calculatornator/result_reg[4]_i_5_n_0
    SLICE_X7Y40          CARRY4 (Prop_carry4_CI_CO[1])
                                                      0.157    14.324 r  calculatornator/result_reg[4]_i_3/CO[1]
                         net (fo=29, routed)          0.611    14.935    calculatornator/result10_in[4]
    SLICE_X6Y41          LUT3 (Prop_lut3_I0_O)        0.329    15.264 r  calculatornator/result[3]_i_40/O
                         net (fo=1, routed)           0.000    15.264    calculatornator/result[3]_i_40_n_0
    SLICE_X6Y41          CARRY4 (Prop_carry4_S[1]_CO[3])
                                                      0.533    15.797 r  calculatornator/result_reg[3]_i_32/CO[3]
                         net (fo=1, routed)           0.000    15.797    calculatornator/result_reg[3]_i_32_n_0
    SLICE_X6Y42          CARRY4 (Prop_carry4_CI_CO[3])
                                                      0.117    15.914 r  calculatornator/result_reg[3]_i_26/CO[3]
                         net (fo=1, routed)           0.000    15.914    calculatornator/result_reg[3]_i_26_n_0
    SLICE_X6Y43          CARRY4 (Prop_carry4_CI_CO[3])
                                                      0.117    16.031 r  calculatornator/result_reg[3]_i_16/CO[3]
                         net (fo=1, routed)           0.000    16.031    calculatornator/result_reg[3]_i_16_n_0
    SLICE_X6Y44          CARRY4 (Prop_carry4_CI_CO[1])
                                                      0.157    16.188 r  calculatornator/result_reg[3]_i_14/CO[1]
                         net (fo=29, routed)          0.723    16.911    calculatornator/result10_in[3]
    SLICE_X7Y41          LUT6 (Prop_lut6_I0_O)        0.332    17.243 r  calculatornator/result[2]_i_33/O
                         net (fo=1, routed)           0.000    17.243    calculatornator/result[2]_i_33_n_0
    SLICE_X7Y41          CARRY4 (Prop_carry4_S[1]_CO[3])
                                                      0.550    17.793 r  calculatornator/result_reg[2]_i_26/CO[3]
                         net (fo=1, routed)           0.000    17.793    calculatornator/result_reg[2]_i_26_n_0
    SLICE_X7Y42          CARRY4 (Prop_carry4_CI_CO[3])
                                                      0.114    17.907 r  calculatornator/result_reg[2]_i_21/CO[3]
                         net (fo=1, routed)           0.000    17.907    calculatornator/result_reg[2]_i_21_n_0
    SLICE_X7Y43          CARRY4 (Prop_carry4_CI_CO[3])
                                                      0.114    18.021 r  calculatornator/result_reg[2]_i_16/CO[3]
                         net (fo=1, routed)           0.000    18.021    calculatornator/result_reg[2]_i_16_n_0
    SLICE_X7Y44          CARRY4 (Prop_carry4_CI_CO[3])
                                                      0.114    18.135 r  calculatornator/result_reg[2]_i_13/CO[3]
                         net (fo=1, routed)           0.000    18.135    calculatornator/result_reg[2]_i_13_n_0
    SLICE_X7Y45          CARRY4 (Prop_carry4_CI_CO[1])
                                                      0.157    18.292 r  calculatornator/result_reg[2]_i_11/CO[1]
                         net (fo=29, routed)          0.735    19.027    calculatornator/result10_in[2]
    SLICE_X5Y42          LUT5 (Prop_lut5_I0_O)        0.329    19.356 r  calculatornator/result[1]_i_25/O
                         net (fo=1, routed)           0.000    19.356    calculatornator/result[1]_i_25_n_0
    SLICE_X5Y42          CARRY4 (Prop_carry4_S[1]_CO[3])
                                                      0.550    19.906 r  calculatornator/result_reg[1]_i_17/CO[3]
                         net (fo=1, routed)           0.000    19.906    calculatornator/result_reg[1]_i_17_n_0
    SLICE_X5Y43          CARRY4 (Prop_carry4_CI_CO[3])
                                                      0.114    20.020 r  calculatornator/result_reg[1]_i_12/CO[3]
                         net (fo=1, routed)           0.000    20.020    calculatornator/result_reg[1]_i_12_n_0
    SLICE_X5Y44          CARRY4 (Prop_carry4_CI_CO[3])
                                                      0.114    20.134 r  calculatornator/result_reg[1]_i_7/CO[3]
                         net (fo=1, routed)           0.000    20.134    calculatornator/result_reg[1]_i_7_n_0
    SLICE_X5Y45          CARRY4 (Prop_carry4_CI_CO[3])
                                                      0.114    20.248 r  calculatornator/result_reg[1]_i_4/CO[3]
                         net (fo=1, routed)           0.000    20.248    calculatornator/result_reg[1]_i_4_n_0
    SLICE_X5Y46          CARRY4 (Prop_carry4_CI_CO[1])
                                                      0.157    20.405 r  calculatornator/result_reg[1]_i_3/CO[1]
                         net (fo=29, routed)          0.886    21.291    calculatornator/result10_in[1]
    SLICE_X4Y42          LUT3 (Prop_lut3_I0_O)        0.329    21.620 r  calculatornator/result[0]_i_23/O
                         net (fo=1, routed)           0.000    21.620    calculatornator/result[0]_i_23_n_0
    SLICE_X4Y42          CARRY4 (Prop_carry4_S[0]_CO[3])
                                                      0.532    22.152 r  calculatornator/result_reg[0]_i_15/CO[3]
                         net (fo=1, routed)           0.000    22.152    calculatornator/result_reg[0]_i_15_n_0
    SLICE_X4Y43          CARRY4 (Prop_carry4_CI_CO[3])
                                                      0.114    22.266 r  calculatornator/result_reg[0]_i_10/CO[3]
                         net (fo=1, routed)           0.000    22.266    calculatornator/result_reg[0]_i_10_n_0
    SLICE_X4Y44          CARRY4 (Prop_carry4_CI_CO[3])
                                                      0.114    22.380 r  calculatornator/result_reg[0]_i_5/CO[3]
                         net (fo=1, routed)           0.000    22.380    calculatornator/result_reg[0]_i_5_n_0
    SLICE_X4Y45          CARRY4 (Prop_carry4_CI_CO[3])
                                                      0.114    22.494 r  calculatornator/result_reg[0]_i_3/CO[3]
                         net (fo=1, routed)           0.000    22.494    calculatornator/result_reg[0]_i_3_n_0
    SLICE_X4Y46          CARRY4 (Prop_carry4_CI_CO[0])
                                                      0.271    22.765 f  calculatornator/result_reg[0]_i_2/CO[0]
                         net (fo=2, routed)           0.309    23.074    calculatornator/result10_in[0]
    SLICE_X5Y47          LUT1 (Prop_lut1_I0_O)        0.373    23.447 r  calculatornator/result[4]_i_8/O
                         net (fo=1, routed)           0.336    23.783    calculatornator/result[4]_i_8_n_0
    SLICE_X4Y48          CARRY4 (Prop_carry4_CYINIT_CO[3])
                                                      0.580    24.363 r  calculatornator/result_reg[4]_i_4/CO[3]
                         net (fo=1, routed)           0.000    24.363    calculatornator/result_reg[4]_i_4_n_0
    SLICE_X4Y49          CARRY4 (Prop_carry4_CI_CO[3])
                                                      0.114    24.477 r  calculatornator/result_reg[8]_i_5/CO[3]
                         net (fo=1, routed)           0.001    24.477    calculatornator/result_reg[8]_i_5_n_0
    SLICE_X4Y50          CARRY4 (Prop_carry4_CI_O[1])
                                                      0.334    24.811 r  calculatornator/result_reg[12]_i_5/O[1]
                         net (fo=1, routed)           0.309    25.120    calculatornator/result1[10]
    SLICE_X3Y50          LUT5 (Prop_lut5_I4_O)        0.303    25.423 r  calculatornator/result[10]_i_1_comp/O
                         net (fo=1, routed)           0.000    25.423    calculatornator/p_2_in[10]
    SLICE_X3Y50          FDRE                                         r  calculatornator/result_reg[10]/D
  -------------------------------------------------------------------    -------------------

                         (clock sys_clk_pin rise edge)
                                                     10.000    10.000 r  
    W5                                                0.000    10.000 r  CLOCK (IN)
                         net (fo=0)                   0.000    10.000    CLOCK
    W5                   IBUF (Prop_ibuf_I_O)         1.388    11.388 r  CLOCK_IBUF_inst/O
                         net (fo=1, routed)           1.862    13.250    CLOCK_IBUF
    BUFGCTRL_X0Y0        BUFG (Prop_bufg_I_O)         0.091    13.341 r  CLOCK_IBUF_BUFG_inst/O
                         net (fo=240, routed)         1.510    14.851    calculatornator/CLOCK_IBUF_BUFG
    SLICE_X3Y50          FDRE                                         r  calculatornator/result_reg[10]/C
                         clock pessimism              0.180    15.031    
                         clock uncertainty           -0.035    14.995    
    SLICE_X3Y50          FDRE (Setup_fdre_C_D)        0.031    15.026    calculatornator/result_reg[10]
  -------------------------------------------------------------------
                         required time                         15.026    
                         arrival time                         -25.423    
  -------------------------------------------------------------------
                         slack                                -10.397    

Slack (VIOLATED) :        -10.369ns  (required time - arrival time)
  Source:                 calculatornator/operand_A_reg[1]/C
                            (rising edge-triggered cell FDRE clocked by sys_clk_pin  {rise@0.000ns fall@5.000ns period=10.000ns})
  Destination:            calculatornator/result_reg[6]/D
                            (rising edge-triggered cell FDRE clocked by sys_clk_pin  {rise@0.000ns fall@5.000ns period=10.000ns})
  Path Group:             sys_clk_pin
  Path Type:              Setup (Max at Slow Process Corner)
  Requirement:            10.000ns  (sys_clk_pin rise@10.000ns - sys_clk_pin rise@0.000ns)
  Data Path Delay:        20.350ns  (logic 12.844ns (63.116%)  route 7.506ns (36.884%))
  Logic Levels:           51  (CARRY4=40 LUT1=1 LUT3=5 LUT5=2 LUT6=3)
  Clock Path Skew:        -0.015ns (DCD - SCD + CPR)
    Destination Clock Delay (DCD):    4.859ns = ( 14.859 - 10.000 ) 
    Source Clock Delay      (SCD):    5.147ns
    Clock Pessimism Removal (CPR):    0.273ns
  Clock Uncertainty:      0.035ns  ((TSJ^2 + TIJ^2)^1/2 + DJ) / 2 + PE
    Total System Jitter     (TSJ):    0.071ns
    Total Input Jitter      (TIJ):    0.000ns
    Discrete Jitter          (DJ):    0.000ns
    Phase Error              (PE):    0.000ns

    Location             Delay type                Incr(ns)  Path(ns)    Netlist Resource(s)
  -------------------------------------------------------------------    -------------------
                         (clock sys_clk_pin rise edge)
                                                      0.000     0.000 r  
    W5                                                0.000     0.000 r  CLOCK (IN)
                         net (fo=0)                   0.000     0.000    CLOCK
    W5                   IBUF (Prop_ibuf_I_O)         1.458     1.458 r  CLOCK_IBUF_inst/O
                         net (fo=1, routed)           1.967     3.425    CLOCK_IBUF
    BUFGCTRL_X0Y0        BUFG (Prop_bufg_I_O)         0.096     3.521 r  CLOCK_IBUF_BUFG_inst/O
                         net (fo=240, routed)         1.626     5.147    calculatornator/CLOCK_IBUF_BUFG
    SLICE_X5Y32          FDRE                                         r  calculatornator/operand_A_reg[1]/C
  -------------------------------------------------------------------    -------------------
    SLICE_X5Y32          FDRE (Prop_fdre_C_Q)         0.456     5.603 r  calculatornator/operand_A_reg[1]/Q
                         net (fo=39, routed)          0.810     6.413    calculatornator/A_0[1]
    SLICE_X7Y32          LUT6 (Prop_lut6_I4_O)        0.124     6.537 r  calculatornator/spi_word[31]_i_315/O
                         net (fo=4, routed)           0.458     6.995    calculatornator/spi_word[31]_i_315_n_0
    SLICE_X6Y32          LUT5 (Prop_lut5_I0_O)        0.124     7.119 r  calculatornator/result[7]_i_44/O
                         net (fo=1, routed)           0.000     7.119    calculatornator/result[7]_i_44_n_0
    SLICE_X6Y32          CARRY4 (Prop_carry4_S[1]_CO[3])
                                                      0.533     7.652 r  calculatornator/result_reg[7]_i_36/CO[3]
                         net (fo=1, routed)           0.000     7.652    calculatornator/result_reg[7]_i_36_n_0
    SLICE_X6Y33          CARRY4 (Prop_carry4_CI_CO[3])
                                                      0.117     7.769 r  calculatornator/result_reg[7]_i_31/CO[3]
                         net (fo=1, routed)           0.000     7.769    calculatornator/result_reg[7]_i_31_n_0
    SLICE_X6Y34          CARRY4 (Prop_carry4_CI_CO[3])
                                                      0.117     7.886 r  calculatornator/result_reg[7]_i_26/CO[3]
                         net (fo=1, routed)           0.000     7.886    calculatornator/result_reg[7]_i_26_n_0
    SLICE_X6Y35          CARRY4 (Prop_carry4_CI_CO[3])
                                                      0.117     8.003 r  calculatornator/result_reg[7]_i_24/CO[3]
                         net (fo=1, routed)           0.000     8.003    calculatornator/result_reg[7]_i_24_n_0
    SLICE_X6Y36          CARRY4 (Prop_carry4_CI_CO[1])
                                                      0.157     8.160 r  calculatornator/result_reg[7]_i_23/CO[1]
                         net (fo=29, routed)          0.751     8.910    calculatornator/result_reg[7]_i_23_n_2
    SLICE_X5Y32          LUT3 (Prop_lut3_I0_O)        0.332     9.242 r  calculatornator/result[6]_i_24/O
                         net (fo=1, routed)           0.000     9.242    calculatornator/result[6]_i_24_n_0
    SLICE_X5Y32          CARRY4 (Prop_carry4_S[1]_CO[3])
                                                      0.550     9.792 r  calculatornator/result_reg[6]_i_17/CO[3]
                         net (fo=1, routed)           0.000     9.792    calculatornator/result_reg[6]_i_17_n_0
    SLICE_X5Y33          CARRY4 (Prop_carry4_CI_CO[3])
                                                      0.114     9.906 r  calculatornator/result_reg[6]_i_12/CO[3]
                         net (fo=1, routed)           0.000     9.906    calculatornator/result_reg[6]_i_12_n_0
    SLICE_X5Y34          CARRY4 (Prop_carry4_CI_CO[3])
                                                      0.114    10.020 r  calculatornator/result_reg[6]_i_7/CO[3]
                         net (fo=1, routed)           0.000    10.020    calculatornator/result_reg[6]_i_7_n_0
    SLICE_X5Y35          CARRY4 (Prop_carry4_CI_CO[3])
                                                      0.114    10.134 r  calculatornator/result_reg[6]_i_4/CO[3]
                         net (fo=1, routed)           0.000    10.134    calculatornator/result_reg[6]_i_4_n_0
    SLICE_X5Y36          CARRY4 (Prop_carry4_CI_CO[1])
                                                      0.157    10.291 r  calculatornator/result_reg[6]_i_3/CO[1]
                         net (fo=29, routed)          0.545    10.837    calculatornator/result10_in[6]
    SLICE_X5Y37          LUT3 (Prop_lut3_I0_O)        0.329    11.166 r  calculatornator/result[5]_i_24/O
                         net (fo=1, routed)           0.000    11.166    calculatornator/result[5]_i_24_n_0
    SLICE_X5Y37          CARRY4 (Prop_carry4_S[1]_CO[3])
                                                      0.550    11.716 r  calculatornator/result_reg[5]_i_17/CO[3]
                         net (fo=1, routed)           0.000    11.716    calculatornator/result_reg[5]_i_17_n_0
    SLICE_X5Y38          CARRY4 (Prop_carry4_CI_CO[3])
                                                      0.114    11.830 r  calculatornator/result_reg[5]_i_12/CO[3]
                         net (fo=1, routed)           0.000    11.830    calculatornator/result_reg[5]_i_12_n_0
    SLICE_X5Y39          CARRY4 (Prop_carry4_CI_CO[3])
                                                      0.114    11.944 r  calculatornator/result_reg[5]_i_7/CO[3]
                         net (fo=1, routed)           0.000    11.944    calculatornator/result_reg[5]_i_7_n_0
    SLICE_X5Y40          CARRY4 (Prop_carry4_CI_CO[3])
                                                      0.114    12.058 r  calculatornator/result_reg[5]_i_4/CO[3]
                         net (fo=1, routed)           0.000    12.058    calculatornator/result_reg[5]_i_4_n_0
    SLICE_X5Y41          CARRY4 (Prop_carry4_CI_CO[1])
                                                      0.157    12.215 r  calculatornator/result_reg[5]_i_3/CO[1]
                         net (fo=29, routed)          0.845    13.060    calculatornator/result10_in[5]
    SLICE_X7Y37          LUT3 (Prop_lut3_I0_O)        0.329    13.389 r  calculatornator/result[4]_i_26/O
                         net (fo=1, routed)           0.000    13.389    calculatornator/result[4]_i_26_n_0
    SLICE_X7Y37          CARRY4 (Prop_carry4_S[1]_CO[3])
                                                      0.550    13.939 r  calculatornator/result_reg[4]_i_18/CO[3]
                         net (fo=1, routed)           0.000    13.939    calculatornator/result_reg[4]_i_18_n_0
    SLICE_X7Y38          CARRY4 (Prop_carry4_CI_CO[3])
                                                      0.114    14.053 r  calculatornator/result_reg[4]_i_13/CO[3]
                         net (fo=1, routed)           0.000    14.053    calculatornator/result_reg[4]_i_13_n_0
    SLICE_X7Y39          CARRY4 (Prop_carry4_CI_CO[3])
                                                      0.114    14.167 r  calculatornator/result_reg[4]_i_5/CO[3]
                         net (fo=1, routed)           0.000    14.167    calculatornator/result_reg[4]_i_5_n_0
    SLICE_X7Y40          CARRY4 (Prop_carry4_CI_CO[1])
                                                      0.157    14.324 r  calculatornator/result_reg[4]_i_3/CO[1]
                         net (fo=29, routed)          0.611    14.935    calculatornator/result10_in[4]
    SLICE_X6Y41          LUT3 (Prop_lut3_I0_O)        0.329    15.264 r  calculatornator/result[3]_i_40/O
                         net (fo=1, routed)           0.000    15.264    calculatornator/result[3]_i_40_n_0
    SLICE_X6Y41          CARRY4 (Prop_carry4_S[1]_CO[3])
                                                      0.533    15.797 r  calculatornator/result_reg[3]_i_32/CO[3]
                         net (fo=1, routed)           0.000    15.797    calculatornator/result_reg[3]_i_32_n_0
    SLICE_X6Y42          CARRY4 (Prop_carry4_CI_CO[3])
                                                      0.117    15.914 r  calculatornator/result_reg[3]_i_26/CO[3]
                         net (fo=1, routed)           0.000    15.914    calculatornator/result_reg[3]_i_26_n_0
    SLICE_X6Y43          CARRY4 (Prop_carry4_CI_CO[3])
                                                      0.117    16.031 r  calculatornator/result_reg[3]_i_16/CO[3]
                         net (fo=1, routed)           0.000    16.031    calculatornator/result_reg[3]_i_16_n_0
    SLICE_X6Y44          CARRY4 (Prop_carry4_CI_CO[1])
                                                      0.157    16.188 r  calculatornator/result_reg[3]_i_14/CO[1]
                         net (fo=29, routed)          0.723    16.911    calculatornator/result10_in[3]
    SLICE_X7Y41          LUT6 (Prop_lut6_I0_O)        0.332    17.243 r  calculatornator/result[2]_i_33/O
                         net (fo=1, routed)           0.000    17.243    calculatornator/result[2]_i_33_n_0
    SLICE_X7Y41          CARRY4 (Prop_carry4_S[1]_CO[3])
                                                      0.550    17.793 r  calculatornator/result_reg[2]_i_26/CO[3]
                         net (fo=1, routed)           0.000    17.793    calculatornator/result_reg[2]_i_26_n_0
    SLICE_X7Y42          CARRY4 (Prop_carry4_CI_CO[3])
                                                      0.114    17.907 r  calculatornator/result_reg[2]_i_21/CO[3]
                         net (fo=1, routed)           0.000    17.907    calculatornator/result_reg[2]_i_21_n_0
    SLICE_X7Y43          CARRY4 (Prop_carry4_CI_CO[3])
                                                      0.114    18.021 r  calculatornator/result_reg[2]_i_16/CO[3]
                         net (fo=1, routed)           0.000    18.021    calculatornator/result_reg[2]_i_16_n_0
    SLICE_X7Y44          CARRY4 (Prop_carry4_CI_CO[3])
                                                      0.114    18.135 r  calculatornator/result_reg[2]_i_13/CO[3]
                         net (fo=1, routed)           0.000    18.135    calculatornator/result_reg[2]_i_13_n_0
    SLICE_X7Y45          CARRY4 (Prop_carry4_CI_CO[1])
                                                      0.157    18.292 r  calculatornator/result_reg[2]_i_11/CO[1]
                         net (fo=29, routed)          0.735    19.027    calculatornator/result10_in[2]
    SLICE_X5Y42          LUT5 (Prop_lut5_I0_O)        0.329    19.356 r  calculatornator/result[1]_i_25/O
                         net (fo=1, routed)           0.000    19.356    calculatornator/result[1]_i_25_n_0
    SLICE_X5Y42          CARRY4 (Prop_carry4_S[1]_CO[3])
                                                      0.550    19.906 r  calculatornator/result_reg[1]_i_17/CO[3]
                         net (fo=1, routed)           0.000    19.906    calculatornator/result_reg[1]_i_17_n_0
    SLICE_X5Y43          CARRY4 (Prop_carry4_CI_CO[3])
                                                      0.114    20.020 r  calculatornator/result_reg[1]_i_12/CO[3]
                         net (fo=1, routed)           0.000    20.020    calculatornator/result_reg[1]_i_12_n_0
    SLICE_X5Y44          CARRY4 (Prop_carry4_CI_CO[3])
                                                      0.114    20.134 r  calculatornator/result_reg[1]_i_7/CO[3]
                         net (fo=1, routed)           0.000    20.134    calculatornator/result_reg[1]_i_7_n_0
    SLICE_X5Y45          CARRY4 (Prop_carry4_CI_CO[3])
                                                      0.114    20.248 r  calculatornator/result_reg[1]_i_4/CO[3]
                         net (fo=1, routed)           0.000    20.248    calculatornator/result_reg[1]_i_4_n_0
    SLICE_X5Y46          CARRY4 (Prop_carry4_CI_CO[1])
                                                      0.157    20.405 r  calculatornator/result_reg[1]_i_3/CO[1]
                         net (fo=29, routed)          0.886    21.291    calculatornator/result10_in[1]
    SLICE_X4Y42          LUT3 (Prop_lut3_I0_O)        0.329    21.620 r  calculatornator/result[0]_i_23/O
                         net (fo=1, routed)           0.000    21.620    calculatornator/result[0]_i_23_n_0
    SLICE_X4Y42          CARRY4 (Prop_carry4_S[0]_CO[3])
                                                      0.532    22.152 r  calculatornator/result_reg[0]_i_15/CO[3]
                         net (fo=1, routed)           0.000    22.152    calculatornator/result_reg[0]_i_15_n_0
    SLICE_X4Y43          CARRY4 (Prop_carry4_CI_CO[3])
                                                      0.114    22.266 r  calculatornator/result_reg[0]_i_10/CO[3]
                         net (fo=1, routed)           0.000    22.266    calculatornator/result_reg[0]_i_10_n_0
    SLICE_X4Y44          CARRY4 (Prop_carry4_CI_CO[3])
                                                      0.114    22.380 r  calculatornator/result_reg[0]_i_5/CO[3]
                         net (fo=1, routed)           0.000    22.380    calculatornator/result_reg[0]_i_5_n_0
    SLICE_X4Y45          CARRY4 (Prop_carry4_CI_CO[3])
                                                      0.114    22.494 r  calculatornator/result_reg[0]_i_3/CO[3]
                         net (fo=1, routed)           0.000    22.494    calculatornator/result_reg[0]_i_3_n_0
    SLICE_X4Y46          CARRY4 (Prop_carry4_CI_CO[0])
                                                      0.271    22.765 f  calculatornator/result_reg[0]_i_2/CO[0]
                         net (fo=2, routed)           0.309    23.074    calculatornator/result10_in[0]
    SLICE_X5Y47          LUT1 (Prop_lut1_I0_O)        0.373    23.447 r  calculatornator/result[4]_i_8/O
                         net (fo=1, routed)           0.336    23.783    calculatornator/result[4]_i_8_n_0
    SLICE_X4Y48          CARRY4 (Prop_carry4_CYINIT_CO[3])
                                                      0.580    24.363 r  calculatornator/result_reg[4]_i_4/CO[3]
                         net (fo=1, routed)           0.000    24.363    calculatornator/result_reg[4]_i_4_n_0
    SLICE_X4Y49          CARRY4 (Prop_carry4_CI_O[1])
                                                      0.334    24.697 r  calculatornator/result_reg[8]_i_5/O[1]
                         net (fo=1, routed)           0.497    25.194    calculatornator/result1[6]
    SLICE_X4Y47          LUT6 (Prop_lut6_I5_O)        0.303    25.497 r  calculatornator/result[6]_i_1_comp/O
                         net (fo=1, routed)           0.000    25.497    calculatornator/p_2_in[6]
    SLICE_X4Y47          FDRE                                         r  calculatornator/result_reg[6]/D
  -------------------------------------------------------------------    -------------------

                         (clock sys_clk_pin rise edge)
                                                     10.000    10.000 r  
    W5                                                0.000    10.000 r  CLOCK (IN)
                         net (fo=0)                   0.000    10.000    CLOCK
    W5                   IBUF (Prop_ibuf_I_O)         1.388    11.388 r  CLOCK_IBUF_inst/O
                         net (fo=1, routed)           1.862    13.250    CLOCK_IBUF
    BUFGCTRL_X0Y0        BUFG (Prop_bufg_I_O)         0.091    13.341 r  CLOCK_IBUF_BUFG_inst/O
                         net (fo=240, routed)         1.518    14.859    calculatornator/CLOCK_IBUF_BUFG
    SLICE_X4Y47          FDRE                                         r  calculatornator/result_reg[6]/C
                         clock pessimism              0.273    15.132    
                         clock uncertainty           -0.035    15.097    
    SLICE_X4Y47          FDRE (Setup_fdre_C_D)        0.031    15.128    calculatornator/result_reg[6]
  -------------------------------------------------------------------
                         required time                         15.128    
                         arrival time                         -25.497    
  -------------------------------------------------------------------
                         slack                                -10.369    





Min Delay Paths
--------------------------------------------------------------------------------------
Slack (MET) :             0.235ns  (arrival time - required time)
  Source:                 mode_reg[0]/C
                            (rising edge-triggered cell FDRE clocked by sys_clk_pin  {rise@0.000ns fall@5.000ns period=10.000ns})
  Destination:            task_3/move_counter_reg[0]/D
                            (rising edge-triggered cell FDRE clocked by sys_clk_pin  {rise@0.000ns fall@5.000ns period=10.000ns})
  Path Group:             sys_clk_pin
  Path Type:              Hold (Min at Fast Process Corner)
  Requirement:            0.000ns  (sys_clk_pin rise@0.000ns - sys_clk_pin rise@0.000ns)
  Data Path Delay:        0.393ns  (logic 0.186ns (47.378%)  route 0.207ns (52.622%))
  Logic Levels:           1  (LUT5=1)
  Clock Path Skew:        0.038ns (DCD - SCD - CPR)
    Destination Clock Delay (DCD):    1.985ns
    Source Clock Delay      (SCD):    1.469ns
    Clock Pessimism Removal (CPR):    0.478ns

    Location             Delay type                Incr(ns)  Path(ns)    Netlist Resource(s)
  -------------------------------------------------------------------    -------------------
                         (clock sys_clk_pin rise edge)
                                                      0.000     0.000 r  
    W5                                                0.000     0.000 r  CLOCK (IN)
                         net (fo=0)                   0.000     0.000    CLOCK
    W5                   IBUF (Prop_ibuf_I_O)         0.226     0.226 r  CLOCK_IBUF_inst/O
                         net (fo=1, routed)           0.631     0.858    CLOCK_IBUF
    BUFGCTRL_X0Y0        BUFG (Prop_bufg_I_O)         0.026     0.884 r  CLOCK_IBUF_BUFG_inst/O
                         net (fo=240, routed)         0.586     1.469    CLOCK_IBUF_BUFG
    SLICE_X7Y31          FDRE                                         r  mode_reg[0]/C
  -------------------------------------------------------------------    -------------------
    SLICE_X7Y31          FDRE (Prop_fdre_C_Q)         0.141     1.610 r  mode_reg[0]/Q
                         net (fo=23, routed)          0.207     1.817    task_3/move_counter_reg[0]_2
    SLICE_X2Y32          LUT5 (Prop_lut5_I0_O)        0.045     1.862 r  task_3/move_counter[0]_i_1/O
                         net (fo=1, routed)           0.000     1.862    task_3/move_counter[0]_i_1_n_0
    SLICE_X2Y32          FDRE                                         r  task_3/move_counter_reg[0]/D
  -------------------------------------------------------------------    -------------------

                         (clock sys_clk_pin rise edge)
                                                      0.000     0.000 r  
    W5                                                0.000     0.000 r  CLOCK (IN)
                         net (fo=0)                   0.000     0.000    CLOCK
    W5                   IBUF (Prop_ibuf_I_O)         0.414     0.414 r  CLOCK_IBUF_inst/O
                         net (fo=1, routed)           0.685     1.099    CLOCK_IBUF
    BUFGCTRL_X0Y0        BUFG (Prop_bufg_I_O)         0.029     1.128 r  CLOCK_IBUF_BUFG_inst/O
                         net (fo=240, routed)         0.858     1.985    task_3/CLOCK_IBUF_BUFG
    SLICE_X2Y32          FDRE                                         r  task_3/move_counter_reg[0]/C
                         clock pessimism             -0.478     1.507    
    SLICE_X2Y32          FDRE (Hold_fdre_C_D)         0.120     1.627    task_3/move_counter_reg[0]
  -------------------------------------------------------------------
                         required time                         -1.627    
                         arrival time                           1.862    
  -------------------------------------------------------------------
                         slack                                  0.235    

Slack (MET) :             0.239ns  (arrival time - required time)
  Source:                 dbC/btn_pressed_reg/C
                            (rising edge-triggered cell FDRE clocked by sys_clk_pin  {rise@0.000ns fall@5.000ns period=10.000ns})
  Destination:            calculatornator/old_btnC_reg/D
                            (rising edge-triggered cell FDRE clocked by sys_clk_pin  {rise@0.000ns fall@5.000ns period=10.000ns})
  Path Group:             sys_clk_pin
  Path Type:              Hold (Min at Fast Process Corner)
  Requirement:            0.000ns  (sys_clk_pin rise@0.000ns - sys_clk_pin rise@0.000ns)
  Data Path Delay:        0.407ns  (logic 0.189ns (46.482%)  route 0.218ns (53.518%))
  Logic Levels:           1  (LUT4=1)
  Clock Path Skew:        0.035ns (DCD - SCD - CPR)
    Destination Clock Delay (DCD):    1.981ns
    Source Clock Delay      (SCD):    1.468ns
    Clock Pessimism Removal (CPR):    0.478ns

    Location             Delay type                Incr(ns)  Path(ns)    Netlist Resource(s)
  -------------------------------------------------------------------    -------------------
                         (clock sys_clk_pin rise edge)
                                                      0.000     0.000 r  
    W5                                                0.000     0.000 r  CLOCK (IN)
                         net (fo=0)                   0.000     0.000    CLOCK
    W5                   IBUF (Prop_ibuf_I_O)         0.226     0.226 r  CLOCK_IBUF_inst/O
                         net (fo=1, routed)           0.631     0.858    CLOCK_IBUF
    BUFGCTRL_X0Y0        BUFG (Prop_bufg_I_O)         0.026     0.884 r  CLOCK_IBUF_BUFG_inst/O
                         net (fo=240, routed)         0.585     1.468    dbC/CLOCK_IBUF_BUFG
    SLICE_X3Y28          FDRE                                         r  dbC/btn_pressed_reg/C
  -------------------------------------------------------------------    -------------------
    SLICE_X3Y28          FDRE (Prop_fdre_C_Q)         0.141     1.609 r  dbC/btn_pressed_reg/Q
                         net (fo=6, routed)           0.218     1.827    dbC/db_btnC
    SLICE_X6Y30          LUT4 (Prop_lut4_I3_O)        0.048     1.875 r  dbC/old_btnC_i_1/O
                         net (fo=1, routed)           0.000     1.875    calculatornator/btnC0
    SLICE_X6Y30          FDRE                                         r  calculatornator/old_btnC_reg/D
  -------------------------------------------------------------------    -------------------

                         (clock sys_clk_pin rise edge)
                                                      0.000     0.000 r  
    W5                                                0.000     0.000 r  CLOCK (IN)
                         net (fo=0)                   0.000     0.000    CLOCK
    W5                   IBUF (Prop_ibuf_I_O)         0.414     0.414 r  CLOCK_IBUF_inst/O
                         net (fo=1, routed)           0.685     1.099    CLOCK_IBUF
    BUFGCTRL_X0Y0        BUFG (Prop_bufg_I_O)         0.029     1.128 r  CLOCK_IBUF_BUFG_inst/O
                         net (fo=240, routed)         0.854     1.981    calculatornator/CLOCK_IBUF_BUFG
    SLICE_X6Y30          FDRE                                         r  calculatornator/old_btnC_reg/C
                         clock pessimism             -0.478     1.503    
    SLICE_X6Y30          FDRE (Hold_fdre_C_D)         0.133     1.636    calculatornator/old_btnC_reg
  -------------------------------------------------------------------
                         required time                         -1.636    
                         arrival time                           1.875    
  -------------------------------------------------------------------
                         slack                                  0.239    

Slack (MET) :             0.260ns  (arrival time - required time)
  Source:                 mode_reg[1]/C
                            (rising edge-triggered cell FDRE clocked by sys_clk_pin  {rise@0.000ns fall@5.000ns period=10.000ns})
  Destination:            task_1/pressed_reg/D
                            (rising edge-triggered cell FDRE clocked by sys_clk_pin  {rise@0.000ns fall@5.000ns period=10.000ns})
  Path Group:             sys_clk_pin
  Path Type:              Hold (Min at Fast Process Corner)
  Requirement:            0.000ns  (sys_clk_pin rise@0.000ns - sys_clk_pin rise@0.000ns)
  Data Path Delay:        0.364ns  (logic 0.186ns (51.053%)  route 0.178ns (48.947%))
  Logic Levels:           1  (LUT5=1)
  Clock Path Skew:        0.013ns (DCD - SCD - CPR)
    Destination Clock Delay (DCD):    1.981ns
    Source Clock Delay      (SCD):    1.469ns
    Clock Pessimism Removal (CPR):    0.499ns

    Location             Delay type                Incr(ns)  Path(ns)    Netlist Resource(s)
  -------------------------------------------------------------------    -------------------
                         (clock sys_clk_pin rise edge)
                                                      0.000     0.000 r  
    W5                                                0.000     0.000 r  CLOCK (IN)
                         net (fo=0)                   0.000     0.000    CLOCK
    W5                   IBUF (Prop_ibuf_I_O)         0.226     0.226 r  CLOCK_IBUF_inst/O
                         net (fo=1, routed)           0.631     0.858    CLOCK_IBUF
    BUFGCTRL_X0Y0        BUFG (Prop_bufg_I_O)         0.026     0.884 r  CLOCK_IBUF_BUFG_inst/O
                         net (fo=240, routed)         0.586     1.469    CLOCK_IBUF_BUFG
    SLICE_X7Y31          FDRE                                         r  mode_reg[1]/C
  -------------------------------------------------------------------    -------------------
    SLICE_X7Y31          FDRE (Prop_fdre_C_Q)         0.141     1.610 r  mode_reg[1]/Q
                         net (fo=23, routed)          0.178     1.788    dbU/pressed_reg_1
    SLICE_X7Y30          LUT5 (Prop_lut5_I3_O)        0.045     1.833 r  dbU/pressed_i_1/O
                         net (fo=1, routed)           0.000     1.833    task_1/pressed_reg_0
    SLICE_X7Y30          FDRE                                         r  task_1/pressed_reg/D
  -------------------------------------------------------------------    -------------------

                         (clock sys_clk_pin rise edge)
                                                      0.000     0.000 r  
    W5                                                0.000     0.000 r  CLOCK (IN)
                         net (fo=0)                   0.000     0.000    CLOCK
    W5                   IBUF (Prop_ibuf_I_O)         0.414     0.414 r  CLOCK_IBUF_inst/O
                         net (fo=1, routed)           0.685     1.099    CLOCK_IBUF
    BUFGCTRL_X0Y0        BUFG (Prop_bufg_I_O)         0.029     1.128 r  CLOCK_IBUF_BUFG_inst/O
                         net (fo=240, routed)         0.854     1.981    task_1/CLOCK_IBUF_BUFG
    SLICE_X7Y30          FDRE                                         r  task_1/pressed_reg/C
                         clock pessimism             -0.499     1.482    
    SLICE_X7Y30          FDRE (Hold_fdre_C_D)         0.091     1.573    task_1/pressed_reg
  -------------------------------------------------------------------
                         required time                         -1.573    
                         arrival time                           1.833    
  -------------------------------------------------------------------
                         slack                                  0.260    

Slack (MET) :             0.263ns  (arrival time - required time)
  Source:                 dbL/wait_release_reg/C
                            (rising edge-triggered cell FDRE clocked by sys_clk_pin  {rise@0.000ns fall@5.000ns period=10.000ns})
  Destination:            dbL/wait_release_reg/D
                            (rising edge-triggered cell FDRE clocked by sys_clk_pin  {rise@0.000ns fall@5.000ns period=10.000ns})
  Path Group:             sys_clk_pin
  Path Type:              Hold (Min at Fast Process Corner)
  Requirement:            0.000ns  (sys_clk_pin rise@0.000ns - sys_clk_pin rise@0.000ns)
  Data Path Delay:        0.354ns  (logic 0.186ns (52.507%)  route 0.168ns (47.493%))
  Logic Levels:           1  (LUT3=1)
  Clock Path Skew:        0.000ns (DCD - SCD - CPR)
    Destination Clock Delay (DCD):    1.954ns
    Source Clock Delay      (SCD):    1.442ns
    Clock Pessimism Removal (CPR):    0.512ns

    Location             Delay type                Incr(ns)  Path(ns)    Netlist Resource(s)
  -------------------------------------------------------------------    -------------------
                         (clock sys_clk_pin rise edge)
                                                      0.000     0.000 r  
    W5                                                0.000     0.000 r  CLOCK (IN)
                         net (fo=0)                   0.000     0.000    CLOCK
    W5                   IBUF (Prop_ibuf_I_O)         0.226     0.226 r  CLOCK_IBUF_inst/O
                         net (fo=1, routed)           0.631     0.858    CLOCK_IBUF
    BUFGCTRL_X0Y0        BUFG (Prop_bufg_I_O)         0.026     0.884 r  CLOCK_IBUF_BUFG_inst/O
                         net (fo=240, routed)         0.559     1.442    dbL/CLOCK_IBUF_BUFG
    SLICE_X15Y18         FDRE                                         r  dbL/wait_release_reg/C
  -------------------------------------------------------------------    -------------------
    SLICE_X15Y18         FDRE (Prop_fdre_C_Q)         0.141     1.583 r  dbL/wait_release_reg/Q
                         net (fo=2, routed)           0.168     1.751    dbL/wait_release_reg_n_0
    SLICE_X15Y18         LUT3 (Prop_lut3_I0_O)        0.045     1.796 r  dbL/wait_release_i_1__1/O
                         net (fo=1, routed)           0.000     1.796    dbL/wait_release_i_1__1_n_0
    SLICE_X15Y18         FDRE                                         r  dbL/wait_release_reg/D
  -------------------------------------------------------------------    -------------------

                         (clock sys_clk_pin rise edge)
                                                      0.000     0.000 r  
    W5                                                0.000     0.000 r  CLOCK (IN)
                         net (fo=0)                   0.000     0.000    CLOCK
    W5                   IBUF (Prop_ibuf_I_O)         0.414     0.414 r  CLOCK_IBUF_inst/O
                         net (fo=1, routed)           0.685     1.099    CLOCK_IBUF
    BUFGCTRL_X0Y0        BUFG (Prop_bufg_I_O)         0.029     1.128 r  CLOCK_IBUF_BUFG_inst/O
                         net (fo=240, routed)         0.827     1.954    dbL/CLOCK_IBUF_BUFG
    SLICE_X15Y18         FDRE                                         r  dbL/wait_release_reg/C
                         clock pessimism             -0.512     1.442    
    SLICE_X15Y18         FDRE (Hold_fdre_C_D)         0.091     1.533    dbL/wait_release_reg
  -------------------------------------------------------------------
                         required time                         -1.533    
                         arrival time                           1.796    
  -------------------------------------------------------------------
                         slack                                  0.263    

Slack (MET) :             0.263ns  (arrival time - required time)
  Source:                 dbR/wait_release_reg/C
                            (rising edge-triggered cell FDRE clocked by sys_clk_pin  {rise@0.000ns fall@5.000ns period=10.000ns})
  Destination:            dbR/wait_release_reg/D
                            (rising edge-triggered cell FDRE clocked by sys_clk_pin  {rise@0.000ns fall@5.000ns period=10.000ns})
  Path Group:             sys_clk_pin
  Path Type:              Hold (Min at Fast Process Corner)
  Requirement:            0.000ns  (sys_clk_pin rise@0.000ns - sys_clk_pin rise@0.000ns)
  Data Path Delay:        0.354ns  (logic 0.186ns (52.507%)  route 0.168ns (47.493%))
  Logic Levels:           1  (LUT3=1)
  Clock Path Skew:        0.000ns (DCD - SCD - CPR)
    Destination Clock Delay (DCD):    1.953ns
    Source Clock Delay      (SCD):    1.441ns
    Clock Pessimism Removal (CPR):    0.512ns

    Location             Delay type                Incr(ns)  Path(ns)    Netlist Resource(s)
  -------------------------------------------------------------------    -------------------
                         (clock sys_clk_pin rise edge)
                                                      0.000     0.000 r  
    W5                                                0.000     0.000 r  CLOCK (IN)
                         net (fo=0)                   0.000     0.000    CLOCK
    W5                   IBUF (Prop_ibuf_I_O)         0.226     0.226 r  CLOCK_IBUF_inst/O
                         net (fo=1, routed)           0.631     0.858    CLOCK_IBUF
    BUFGCTRL_X0Y0        BUFG (Prop_bufg_I_O)         0.026     0.884 r  CLOCK_IBUF_BUFG_inst/O
                         net (fo=240, routed)         0.558     1.441    dbR/CLOCK_IBUF_BUFG
    SLICE_X15Y19         FDRE                                         r  dbR/wait_release_reg/C
  -------------------------------------------------------------------    -------------------
    SLICE_X15Y19         FDRE (Prop_fdre_C_Q)         0.141     1.582 r  dbR/wait_release_reg/Q
                         net (fo=2, routed)           0.168     1.750    dbR/wait_release_reg_n_0
    SLICE_X15Y19         LUT3 (Prop_lut3_I0_O)        0.045     1.795 r  dbR/wait_release_i_1__2/O
                         net (fo=1, routed)           0.000     1.795    dbR/wait_release_i_1__2_n_0
    SLICE_X15Y19         FDRE                                         r  dbR/wait_release_reg/D
  -------------------------------------------------------------------    -------------------

                         (clock sys_clk_pin rise edge)
                                                      0.000     0.000 r  
    W5                                                0.000     0.000 r  CLOCK (IN)
                         net (fo=0)                   0.000     0.000    CLOCK
    W5                   IBUF (Prop_ibuf_I_O)         0.414     0.414 r  CLOCK_IBUF_inst/O
                         net (fo=1, routed)           0.685     1.099    CLOCK_IBUF
    BUFGCTRL_X0Y0        BUFG (Prop_bufg_I_O)         0.029     1.128 r  CLOCK_IBUF_BUFG_inst/O
                         net (fo=240, routed)         0.826     1.953    dbR/CLOCK_IBUF_BUFG
    SLICE_X15Y19         FDRE                                         r  dbR/wait_release_reg/C
                         clock pessimism             -0.512     1.441    
    SLICE_X15Y19         FDRE (Hold_fdre_C_D)         0.091     1.532    dbR/wait_release_reg
  -------------------------------------------------------------------
                         required time                         -1.532    
                         arrival time                           1.795    
  -------------------------------------------------------------------
                         slack                                  0.263    

Slack (MET) :             0.263ns  (arrival time - required time)
  Source:                 task_2/counter_reg[0]/C
                            (rising edge-triggered cell FDRE clocked by sys_clk_pin  {rise@0.000ns fall@5.000ns period=10.000ns})
  Destination:            task_2/counter_reg[0]/D
                            (rising edge-triggered cell FDRE clocked by sys_clk_pin  {rise@0.000ns fall@5.000ns period=10.000ns})
  Path Group:             sys_clk_pin
  Path Type:              Hold (Min at Fast Process Corner)
  Requirement:            0.000ns  (sys_clk_pin rise@0.000ns - sys_clk_pin rise@0.000ns)
  Data Path Delay:        0.354ns  (logic 0.186ns (52.507%)  route 0.168ns (47.493%))
  Logic Levels:           1  (LUT5=1)
  Clock Path Skew:        0.000ns (DCD - SCD - CPR)
    Destination Clock Delay (DCD):    1.980ns
    Source Clock Delay      (SCD):    1.467ns
    Clock Pessimism Removal (CPR):    0.513ns

    Location             Delay type                Incr(ns)  Path(ns)    Netlist Resource(s)
  -------------------------------------------------------------------    -------------------
                         (clock sys_clk_pin rise edge)
                                                      0.000     0.000 r  
    W5                                                0.000     0.000 r  CLOCK (IN)
                         net (fo=0)                   0.000     0.000    CLOCK
    W5                   IBUF (Prop_ibuf_I_O)         0.226     0.226 r  CLOCK_IBUF_inst/O
                         net (fo=1, routed)           0.631     0.858    CLOCK_IBUF
    BUFGCTRL_X0Y0        BUFG (Prop_bufg_I_O)         0.026     0.884 r  CLOCK_IBUF_BUFG_inst/O
                         net (fo=240, routed)         0.584     1.467    task_2/CLOCK_IBUF_BUFG
    SLICE_X5Y29          FDRE                                         r  task_2/counter_reg[0]/C
  -------------------------------------------------------------------    -------------------
    SLICE_X5Y29          FDRE (Prop_fdre_C_Q)         0.141     1.608 r  task_2/counter_reg[0]/Q
                         net (fo=5, routed)           0.168     1.776    dbD/counter[0]
    SLICE_X5Y29          LUT5 (Prop_lut5_I4_O)        0.045     1.821 r  dbD/counter[0]_i_1/O
                         net (fo=1, routed)           0.000     1.821    task_2/counter_reg[0]_1
    SLICE_X5Y29          FDRE                                         r  task_2/counter_reg[0]/D
  -------------------------------------------------------------------    -------------------

                         (clock sys_clk_pin rise edge)
                                                      0.000     0.000 r  
    W5                                                0.000     0.000 r  CLOCK (IN)
                         net (fo=0)                   0.000     0.000    CLOCK
    W5                   IBUF (Prop_ibuf_I_O)         0.414     0.414 r  CLOCK_IBUF_inst/O
                         net (fo=1, routed)           0.685     1.099    CLOCK_IBUF
    BUFGCTRL_X0Y0        BUFG (Prop_bufg_I_O)         0.029     1.128 r  CLOCK_IBUF_BUFG_inst/O
                         net (fo=240, routed)         0.853     1.980    task_2/CLOCK_IBUF_BUFG
    SLICE_X5Y29          FDRE                                         r  task_2/counter_reg[0]/C
                         clock pessimism             -0.513     1.467    
    SLICE_X5Y29          FDRE (Hold_fdre_C_D)         0.091     1.558    task_2/counter_reg[0]
  -------------------------------------------------------------------
                         required time                         -1.558    
                         arrival time                           1.821    
  -------------------------------------------------------------------
                         slack                                  0.263    

Slack (MET) :             0.263ns  (arrival time - required time)
  Source:                 task_3/move_counter_reg[12]/C
                            (rising edge-triggered cell FDRE clocked by sys_clk_pin  {rise@0.000ns fall@5.000ns period=10.000ns})
  Destination:            task_3/move_counter_reg[12]/D
                            (rising edge-triggered cell FDRE clocked by sys_clk_pin  {rise@0.000ns fall@5.000ns period=10.000ns})
  Path Group:             sys_clk_pin
  Path Type:              Hold (Min at Fast Process Corner)
  Requirement:            0.000ns  (sys_clk_pin rise@0.000ns - sys_clk_pin rise@0.000ns)
  Data Path Delay:        0.368ns  (logic 0.249ns (67.612%)  route 0.119ns (32.388%))
  Logic Levels:           1  (CARRY4=1)
  Clock Path Skew:        0.000ns (DCD - SCD - CPR)
    Destination Clock Delay (DCD):    1.984ns
    Source Clock Delay      (SCD):    1.471ns
    Clock Pessimism Removal (CPR):    0.513ns

    Location             Delay type                Incr(ns)  Path(ns)    Netlist Resource(s)
  -------------------------------------------------------------------    -------------------
                         (clock sys_clk_pin rise edge)
                                                      0.000     0.000 r  
    W5                                                0.000     0.000 r  CLOCK (IN)
                         net (fo=0)                   0.000     0.000    CLOCK
    W5                   IBUF (Prop_ibuf_I_O)         0.226     0.226 r  CLOCK_IBUF_inst/O
                         net (fo=1, routed)           0.631     0.858    CLOCK_IBUF
    BUFGCTRL_X0Y0        BUFG (Prop_bufg_I_O)         0.026     0.884 r  CLOCK_IBUF_BUFG_inst/O
                         net (fo=240, routed)         0.588     1.471    task_3/CLOCK_IBUF_BUFG
    SLICE_X1Y31          FDRE                                         r  task_3/move_counter_reg[12]/C
  -------------------------------------------------------------------    -------------------
    SLICE_X1Y31          FDRE (Prop_fdre_C_Q)         0.141     1.612 r  task_3/move_counter_reg[12]/Q
                         net (fo=2, routed)           0.119     1.731    task_3/move_counter_reg_n_0_[12]
    SLICE_X1Y31          CARRY4 (Prop_carry4_S[3]_O[3])
                                                      0.108     1.839 r  task_3/move_counter_reg[12]_i_1/O[3]
                         net (fo=1, routed)           0.000     1.839    task_3/move_counter_reg[12]_i_1_n_4
    SLICE_X1Y31          FDRE                                         r  task_3/move_counter_reg[12]/D
  -------------------------------------------------------------------    -------------------

                         (clock sys_clk_pin rise edge)
                                                      0.000     0.000 r  
    W5                                                0.000     0.000 r  CLOCK (IN)
                         net (fo=0)                   0.000     0.000    CLOCK
    W5                   IBUF (Prop_ibuf_I_O)         0.414     0.414 r  CLOCK_IBUF_inst/O
                         net (fo=1, routed)           0.685     1.099    CLOCK_IBUF
    BUFGCTRL_X0Y0        BUFG (Prop_bufg_I_O)         0.029     1.128 r  CLOCK_IBUF_BUFG_inst/O
                         net (fo=240, routed)         0.857     1.984    task_3/CLOCK_IBUF_BUFG
    SLICE_X1Y31          FDRE                                         r  task_3/move_counter_reg[12]/C
                         clock pessimism             -0.513     1.471    
    SLICE_X1Y31          FDRE (Hold_fdre_C_D)         0.105     1.576    task_3/move_counter_reg[12]
  -------------------------------------------------------------------
                         required time                         -1.576    
                         arrival time                           1.839    
  -------------------------------------------------------------------
                         slack                                  0.263    

Slack (MET) :             0.263ns  (arrival time - required time)
  Source:                 task_3/move_counter_reg[16]/C
                            (rising edge-triggered cell FDRE clocked by sys_clk_pin  {rise@0.000ns fall@5.000ns period=10.000ns})
  Destination:            task_3/move_counter_reg[16]/D
                            (rising edge-triggered cell FDRE clocked by sys_clk_pin  {rise@0.000ns fall@5.000ns period=10.000ns})
  Path Group:             sys_clk_pin
  Path Type:              Hold (Min at Fast Process Corner)
  Requirement:            0.000ns  (sys_clk_pin rise@0.000ns - sys_clk_pin rise@0.000ns)
  Data Path Delay:        0.368ns  (logic 0.249ns (67.612%)  route 0.119ns (32.388%))
  Logic Levels:           1  (CARRY4=1)
  Clock Path Skew:        0.000ns (DCD - SCD - CPR)
    Destination Clock Delay (DCD):    1.985ns
    Source Clock Delay      (SCD):    1.472ns
    Clock Pessimism Removal (CPR):    0.513ns

    Location             Delay type                Incr(ns)  Path(ns)    Netlist Resource(s)
  -------------------------------------------------------------------    -------------------
                         (clock sys_clk_pin rise edge)
                                                      0.000     0.000 r  
    W5                                                0.000     0.000 r  CLOCK (IN)
                         net (fo=0)                   0.000     0.000    CLOCK
    W5                   IBUF (Prop_ibuf_I_O)         0.226     0.226 r  CLOCK_IBUF_inst/O
                         net (fo=1, routed)           0.631     0.858    CLOCK_IBUF
    BUFGCTRL_X0Y0        BUFG (Prop_bufg_I_O)         0.026     0.884 r  CLOCK_IBUF_BUFG_inst/O
                         net (fo=240, routed)         0.589     1.472    task_3/CLOCK_IBUF_BUFG
    SLICE_X1Y32          FDRE                                         r  task_3/move_counter_reg[16]/C
  -------------------------------------------------------------------    -------------------
    SLICE_X1Y32          FDRE (Prop_fdre_C_Q)         0.141     1.613 r  task_3/move_counter_reg[16]/Q
                         net (fo=2, routed)           0.119     1.732    task_3/move_counter_reg_n_0_[16]
    SLICE_X1Y32          CARRY4 (Prop_carry4_S[3]_O[3])
                                                      0.108     1.840 r  task_3/move_counter_reg[16]_i_1/O[3]
                         net (fo=1, routed)           0.000     1.840    task_3/move_counter_reg[16]_i_1_n_4
    SLICE_X1Y32          FDRE                                         r  task_3/move_counter_reg[16]/D
  -------------------------------------------------------------------    -------------------

                         (clock sys_clk_pin rise edge)
                                                      0.000     0.000 r  
    W5                                                0.000     0.000 r  CLOCK (IN)
                         net (fo=0)                   0.000     0.000    CLOCK
    W5                   IBUF (Prop_ibuf_I_O)         0.414     0.414 r  CLOCK_IBUF_inst/O
                         net (fo=1, routed)           0.685     1.099    CLOCK_IBUF
    BUFGCTRL_X0Y0        BUFG (Prop_bufg_I_O)         0.029     1.128 r  CLOCK_IBUF_BUFG_inst/O
                         net (fo=240, routed)         0.858     1.985    task_3/CLOCK_IBUF_BUFG
    SLICE_X1Y32          FDRE                                         r  task_3/move_counter_reg[16]/C
                         clock pessimism             -0.513     1.472    
    SLICE_X1Y32          FDRE (Hold_fdre_C_D)         0.105     1.577    task_3/move_counter_reg[16]
  -------------------------------------------------------------------
                         required time                         -1.577    
                         arrival time                           1.840    
  -------------------------------------------------------------------
                         slack                                  0.263    

Slack (MET) :             0.263ns  (arrival time - required time)
  Source:                 task_3/move_counter_reg[20]/C
                            (rising edge-triggered cell FDRE clocked by sys_clk_pin  {rise@0.000ns fall@5.000ns period=10.000ns})
  Destination:            task_3/move_counter_reg[20]/D
                            (rising edge-triggered cell FDRE clocked by sys_clk_pin  {rise@0.000ns fall@5.000ns period=10.000ns})
  Path Group:             sys_clk_pin
  Path Type:              Hold (Min at Fast Process Corner)
  Requirement:            0.000ns  (sys_clk_pin rise@0.000ns - sys_clk_pin rise@0.000ns)
  Data Path Delay:        0.368ns  (logic 0.249ns (67.612%)  route 0.119ns (32.388%))
  Logic Levels:           1  (CARRY4=1)
  Clock Path Skew:        0.000ns (DCD - SCD - CPR)
    Destination Clock Delay (DCD):    1.986ns
    Source Clock Delay      (SCD):    1.473ns
    Clock Pessimism Removal (CPR):    0.513ns

    Location             Delay type                Incr(ns)  Path(ns)    Netlist Resource(s)
  -------------------------------------------------------------------    -------------------
                         (clock sys_clk_pin rise edge)
                                                      0.000     0.000 r  
    W5                                                0.000     0.000 r  CLOCK (IN)
                         net (fo=0)                   0.000     0.000    CLOCK
    W5                   IBUF (Prop_ibuf_I_O)         0.226     0.226 r  CLOCK_IBUF_inst/O
                         net (fo=1, routed)           0.631     0.858    CLOCK_IBUF
    BUFGCTRL_X0Y0        BUFG (Prop_bufg_I_O)         0.026     0.884 r  CLOCK_IBUF_BUFG_inst/O
                         net (fo=240, routed)         0.590     1.473    task_3/CLOCK_IBUF_BUFG
    SLICE_X1Y33          FDRE                                         r  task_3/move_counter_reg[20]/C
  -------------------------------------------------------------------    -------------------
    SLICE_X1Y33          FDRE (Prop_fdre_C_Q)         0.141     1.614 r  task_3/move_counter_reg[20]/Q
                         net (fo=2, routed)           0.119     1.733    task_3/move_counter_reg_n_0_[20]
    SLICE_X1Y33          CARRY4 (Prop_carry4_S[3]_O[3])
                                                      0.108     1.841 r  task_3/move_counter_reg[20]_i_1/O[3]
                         net (fo=1, routed)           0.000     1.841    task_3/move_counter_reg[20]_i_1_n_4
    SLICE_X1Y33          FDRE                                         r  task_3/move_counter_reg[20]/D
  -------------------------------------------------------------------    -------------------

                         (clock sys_clk_pin rise edge)
                                                      0.000     0.000 r  
    W5                                                0.000     0.000 r  CLOCK (IN)
                         net (fo=0)                   0.000     0.000    CLOCK
    W5                   IBUF (Prop_ibuf_I_O)         0.414     0.414 r  CLOCK_IBUF_inst/O
                         net (fo=1, routed)           0.685     1.099    CLOCK_IBUF
    BUFGCTRL_X0Y0        BUFG (Prop_bufg_I_O)         0.029     1.128 r  CLOCK_IBUF_BUFG_inst/O
                         net (fo=240, routed)         0.859     1.986    task_3/CLOCK_IBUF_BUFG
    SLICE_X1Y33          FDRE                                         r  task_3/move_counter_reg[20]/C
                         clock pessimism             -0.513     1.473    
    SLICE_X1Y33          FDRE (Hold_fdre_C_D)         0.105     1.578    task_3/move_counter_reg[20]
  -------------------------------------------------------------------
                         required time                         -1.578    
                         arrival time                           1.841    
  -------------------------------------------------------------------
                         slack                                  0.263    

Slack (MET) :             0.263ns  (arrival time - required time)
  Source:                 task_3/move_counter_reg[8]/C
                            (rising edge-triggered cell FDRE clocked by sys_clk_pin  {rise@0.000ns fall@5.000ns period=10.000ns})
  Destination:            task_3/move_counter_reg[8]/D
                            (rising edge-triggered cell FDRE clocked by sys_clk_pin  {rise@0.000ns fall@5.000ns period=10.000ns})
  Path Group:             sys_clk_pin
  Path Type:              Hold (Min at Fast Process Corner)
  Requirement:            0.000ns  (sys_clk_pin rise@0.000ns - sys_clk_pin rise@0.000ns)
  Data Path Delay:        0.368ns  (logic 0.249ns (67.612%)  route 0.119ns (32.388%))
  Logic Levels:           1  (CARRY4=1)
  Clock Path Skew:        0.000ns (DCD - SCD - CPR)
    Destination Clock Delay (DCD):    1.983ns
    Source Clock Delay      (SCD):    1.470ns
    Clock Pessimism Removal (CPR):    0.513ns

    Location             Delay type                Incr(ns)  Path(ns)    Netlist Resource(s)
  -------------------------------------------------------------------    -------------------
                         (clock sys_clk_pin rise edge)
                                                      0.000     0.000 r  
    W5                                                0.000     0.000 r  CLOCK (IN)
                         net (fo=0)                   0.000     0.000    CLOCK
    W5                   IBUF (Prop_ibuf_I_O)         0.226     0.226 r  CLOCK_IBUF_inst/O
                         net (fo=1, routed)           0.631     0.858    CLOCK_IBUF
    BUFGCTRL_X0Y0        BUFG (Prop_bufg_I_O)         0.026     0.884 r  CLOCK_IBUF_BUFG_inst/O
                         net (fo=240, routed)         0.587     1.470    task_3/CLOCK_IBUF_BUFG
    SLICE_X1Y30          FDRE                                         r  task_3/move_counter_reg[8]/C
  -------------------------------------------------------------------    -------------------
    SLICE_X1Y30          FDRE (Prop_fdre_C_Q)         0.141     1.611 r  task_3/move_counter_reg[8]/Q
                         net (fo=2, routed)           0.119     1.730    task_3/move_counter_reg_n_0_[8]
    SLICE_X1Y30          CARRY4 (Prop_carry4_S[3]_O[3])
                                                      0.108     1.838 r  task_3/move_counter_reg[8]_i_1/O[3]
                         net (fo=1, routed)           0.000     1.838    task_3/move_counter_reg[8]_i_1_n_4
    SLICE_X1Y30          FDRE                                         r  task_3/move_counter_reg[8]/D
  -------------------------------------------------------------------    -------------------

                         (clock sys_clk_pin rise edge)
                                                      0.000     0.000 r  
    W5                                                0.000     0.000 r  CLOCK (IN)
                         net (fo=0)                   0.000     0.000    CLOCK
    W5                   IBUF (Prop_ibuf_I_O)         0.414     0.414 r  CLOCK_IBUF_inst/O
                         net (fo=1, routed)           0.685     1.099    CLOCK_IBUF
    BUFGCTRL_X0Y0        BUFG (Prop_bufg_I_O)         0.029     1.128 r  CLOCK_IBUF_BUFG_inst/O
                         net (fo=240, routed)         0.856     1.983    task_3/CLOCK_IBUF_BUFG
    SLICE_X1Y30          FDRE                                         r  task_3/move_counter_reg[8]/C
                         clock pessimism             -0.513     1.470    
    SLICE_X1Y30          FDRE (Hold_fdre_C_D)         0.105     1.575    task_3/move_counter_reg[8]
  -------------------------------------------------------------------
                         required time                         -1.575    
                         arrival time                           1.838    
  -------------------------------------------------------------------
                         slack                                  0.263    





Pulse Width Checks
--------------------------------------------------------------------------------------
Clock Name:         sys_clk_pin
Waveform(ns):       { 0.000 5.000 }
Period(ns):         10.000
Sources:            { CLOCK }

Check Type        Corner  Lib Pin  Reference Pin  Required(ns)  Actual(ns)  Slack(ns)  Location       Pin
Min Period        n/a     BUFG/I   n/a            2.155         10.000      7.845      BUFGCTRL_X0Y0  CLOCK_IBUF_BUFG_inst/I
Min Period        n/a     FDRE/C   n/a            1.000         10.000      9.000      SLICE_X7Y31    mode_reg[0]/C
Min Period        n/a     FDRE/C   n/a            1.000         10.000      9.000      SLICE_X7Y31    mode_reg[1]/C
Min Period        n/a     FDRE/C   n/a            1.000         10.000      9.000      SLICE_X7Y31    mode_reg[2]/C
Min Period        n/a     FDRE/C   n/a            1.000         10.000      9.000      SLICE_X8Y35    calculatornator/FSM_sequential_state_reg[0]/C
Min Period        n/a     FDRE/C   n/a            1.000         10.000      9.000      SLICE_X8Y35    calculatornator/FSM_sequential_state_reg[1]/C
Min Period        n/a     FDRE/C   n/a            1.000         10.000      9.000      SLICE_X6Y30    calculatornator/old_btnC_reg/C
Min Period        n/a     FDRE/C   n/a            1.000         10.000      9.000      SLICE_X6Y32    calculatornator/operand_A_reg[0]/C
Min Period        n/a     FDRE/C   n/a            1.000         10.000      9.000      SLICE_X5Y32    calculatornator/operand_A_reg[1]/C
Min Period        n/a     FDRE/C   n/a            1.000         10.000      9.000      SLICE_X7Y32    calculatornator/operand_A_reg[2]/C
Low Pulse Width   Slow    FDRE/C   n/a            0.500         5.000       4.500      SLICE_X7Y31    mode_reg[0]/C
Low Pulse Width   Fast    FDRE/C   n/a            0.500         5.000       4.500      SLICE_X7Y31    mode_reg[0]/C
Low Pulse Width   Slow    FDRE/C   n/a            0.500         5.000       4.500      SLICE_X7Y31    mode_reg[1]/C
Low Pulse Width   Fast    FDRE/C   n/a            0.500         5.000       4.500      SLICE_X7Y31    mode_reg[1]/C
Low Pulse Width   Slow    FDRE/C   n/a            0.500         5.000       4.500      SLICE_X7Y31    mode_reg[2]/C
Low Pulse Width   Fast    FDRE/C   n/a            0.500         5.000       4.500      SLICE_X7Y31    mode_reg[2]/C
Low Pulse Width   Slow    FDRE/C   n/a            0.500         5.000       4.500      SLICE_X8Y35    calculatornator/FSM_sequential_state_reg[0]/C
Low Pulse Width   Fast    FDRE/C   n/a            0.500         5.000       4.500      SLICE_X8Y35    calculatornator/FSM_sequential_state_reg[0]/C
Low Pulse Width   Slow    FDRE/C   n/a            0.500         5.000       4.500      SLICE_X8Y35    calculatornator/FSM_sequential_state_reg[1]/C
Low Pulse Width   Fast    FDRE/C   n/a            0.500         5.000       4.500      SLICE_X8Y35    calculatornator/FSM_sequential_state_reg[1]/C
High Pulse Width  Slow    FDRE/C   n/a            0.500         5.000       4.500      SLICE_X7Y31    mode_reg[0]/C
High Pulse Width  Fast    FDRE/C   n/a            0.500         5.000       4.500      SLICE_X7Y31    mode_reg[0]/C
High Pulse Width  Slow    FDRE/C   n/a            0.500         5.000       4.500      SLICE_X7Y31    mode_reg[1]/C
High Pulse Width  Fast    FDRE/C   n/a            0.500         5.000       4.500      SLICE_X7Y31    mode_reg[1]/C
High Pulse Width  Slow    FDRE/C   n/a            0.500         5.000       4.500      SLICE_X7Y31    mode_reg[2]/C
High Pulse Width  Fast    FDRE/C   n/a            0.500         5.000       4.500      SLICE_X7Y31    mode_reg[2]/C
High Pulse Width  Slow    FDRE/C   n/a            0.500         5.000       4.500      SLICE_X8Y35    calculatornator/FSM_sequential_state_reg[0]/C
High Pulse Width  Fast    FDRE/C   n/a            0.500         5.000       4.500      SLICE_X8Y35    calculatornator/FSM_sequential_state_reg[0]/C
High Pulse Width  Slow    FDRE/C   n/a            0.500         5.000       4.500      SLICE_X8Y35    calculatornator/FSM_sequential_state_reg[1]/C
High Pulse Width  Fast    FDRE/C   n/a            0.500         5.000       4.500      SLICE_X8Y35    calculatornator/FSM_sequential_state_reg[1]/C



--------------------------------------------------------------------------------------
Path Group:  (none)
From Clock:  
  To Clock:  

Max Delay           240 Endpoints
Min Delay           240 Endpoints
--------------------------------------------------------------------------------------


Max Delay Paths
--------------------------------------------------------------------------------------
Slack:                    inf
  Source:                 oled/frame_counter_reg[6]/C
                            (rising edge-triggered cell FDRE)
  Destination:            oled/spi_word_reg[26]/D
  Path Group:             (none)
  Path Type:              Max at Slow Process Corner
  Data Path Delay:        35.665ns  (logic 13.551ns (37.996%)  route 22.114ns (62.004%))
  Logic Levels:           31  (CARRY4=11 DSP48E1=2 FDRE=1 LUT1=1 LUT2=3 LUT3=2 LUT4=1 LUT5=4 LUT6=6)

    Location             Delay type                Incr(ns)  Path(ns)    Netlist Resource(s)
  -------------------------------------------------------------------    -------------------
    SLICE_X1Y21          FDRE                         0.000     0.000 r  oled/frame_counter_reg[6]/C
    SLICE_X1Y21          FDRE (Prop_fdre_C_Q)         0.459     0.459 r  oled/frame_counter_reg[6]/Q
                         net (fo=69, routed)          3.742     4.201    oled/frame_counter_reg[6]
    SLICE_X8Y25          LUT2 (Prop_lut2_I1_O)        0.150     4.351 r  oled/oled_data3_i_82/O
                         net (fo=12, routed)          2.207     6.558    oled/pixel_index[2]
    SLICE_X8Y20          LUT6 (Prop_lut6_I3_O)        0.328     6.886 r  oled/oled_data3_i_75/O
                         net (fo=1, routed)           0.000     6.886    oled/oled_data3_i_75_n_0
    SLICE_X8Y20          CARRY4 (Prop_carry4_S[3]_CO[3])
                                                      0.376     7.262 r  oled/oled_data3_i_43__0/CO[3]
                         net (fo=1, routed)           0.000     7.262    oled/oled_data3_i_43__0_n_0
    SLICE_X8Y21          CARRY4 (Prop_carry4_CI_CO[3])
                                                      0.117     7.379 r  oled/oled_data3_i_19/CO[3]
                         net (fo=1, routed)           0.000     7.379    oled/oled_data3_i_19_n_0
    SLICE_X8Y22          CARRY4 (Prop_carry4_CI_O[1])
                                                      0.323     7.702 f  oled/oled_data3_i_11/O[1]
                         net (fo=15, routed)          1.022     8.725    oled/oled_data3_i_11_n_6
    SLICE_X11Y20         LUT1 (Prop_lut1_I0_O)        0.306     9.031 r  oled/oled_data3_i_61/O
                         net (fo=1, routed)           0.000     9.031    oled/oled_data3_i_61_n_0
    SLICE_X11Y20         CARRY4 (Prop_carry4_S[1]_CO[3])
                                                      0.550     9.581 r  oled/oled_data3_i_31/CO[3]
                         net (fo=1, routed)           0.000     9.581    oled/oled_data3_i_31_n_0
    SLICE_X11Y21         CARRY4 (Prop_carry4_CI_O[0])
                                                      0.222     9.803 r  oled/oled_data3_i_16/O[0]
                         net (fo=3, routed)           0.983    10.786    oled/oled_data3_i_16_n_7
    SLICE_X12Y20         LUT5 (Prop_lut5_I2_O)        0.299    11.085 r  oled/oled_data3_i_66/O
                         net (fo=1, routed)           0.000    11.085    oled/oled_data3_i_66_n_0
    SLICE_X12Y20         CARRY4 (Prop_carry4_S[3]_CO[3])
                                                      0.376    11.461 r  oled/oled_data3_i_36/CO[3]
                         net (fo=1, routed)           0.000    11.461    oled/oled_data3_i_36_n_0
    SLICE_X12Y21         CARRY4 (Prop_carry4_CI_CO[2])
                                                      0.229    11.690 r  oled/oled_data3_i_18/CO[2]
                         net (fo=8, routed)           1.270    12.960    oled/oled_data3_i_18_n_1
    SLICE_X7Y19          LUT6 (Prop_lut6_I2_O)        0.310    13.270 r  oled/oled_data3_i_13/O
                         net (fo=11, routed)          1.411    14.680    oled/oled_data3_i_13_n_0
    SLICE_X10Y16         LUT6 (Prop_lut6_I2_O)        0.124    14.804 r  oled/oled_data3_i_4/O
                         net (fo=10, routed)          1.468    16.272    task_1/A[6]
    DSP48_X0Y8           DSP48E1 (Prop_dsp48e1_A[9]_PCOUT[47])
                                                      4.036    20.308 r  task_1/oled_data3__0/PCOUT[47]
                         net (fo=1, routed)           0.002    20.310    task_1/oled_data3__0_n_106
    DSP48_X0Y9           DSP48E1 (Prop_dsp48e1_PCIN[47]_P[0])
                                                      1.518    21.828 r  task_1/oled_data3__1/P[0]
                         net (fo=2, routed)           1.338    23.166    task_1/oled_data3__1_n_105
    SLICE_X11Y15         LUT2 (Prop_lut2_I0_O)        0.124    23.290 r  task_1/spi_word[39]_i_277/O
                         net (fo=1, routed)           0.000    23.290    task_1/spi_word[39]_i_277_n_0
    SLICE_X11Y15         CARRY4 (Prop_carry4_S[1]_CO[3])
                                                      0.550    23.840 r  task_1/spi_word_reg[39]_i_256/CO[3]
                         net (fo=1, routed)           0.000    23.840    task_1/spi_word_reg[39]_i_256_n_0
    SLICE_X11Y16         CARRY4 (Prop_carry4_CI_O[1])
                                                      0.334    24.174 r  task_1/spi_word_reg[39]_i_227/O[1]
                         net (fo=1, routed)           0.834    25.008    task_1/spi_word_reg[39]_i_227_n_6
    SLICE_X12Y16         LUT2 (Prop_lut2_I1_O)        0.303    25.311 r  task_1/spi_word[39]_i_179/O
                         net (fo=1, routed)           0.000    25.311    task_1/spi_word[39]_i_179_n_0
    SLICE_X12Y16         CARRY4 (Prop_carry4_S[1]_CO[3])
                                                      0.533    25.844 r  task_1/spi_word_reg[39]_i_146/CO[3]
                         net (fo=1, routed)           0.000    25.844    task_1/spi_word_reg[39]_i_146_n_0
    SLICE_X12Y17         CARRY4 (Prop_carry4_CI_O[0])
                                                      0.219    26.063 f  task_1/spi_word_reg[39]_i_181/O[0]
                         net (fo=1, routed)           0.791    26.853    task_1/spi_word_reg[39]_i_181_n_7
    SLICE_X14Y17         LUT4 (Prop_lut4_I2_O)        0.295    27.148 f  task_1/spi_word[39]_i_149/O
                         net (fo=1, routed)           0.452    27.600    task_1/spi_word[39]_i_149_n_0
    SLICE_X14Y17         LUT5 (Prop_lut5_I4_O)        0.124    27.724 f  task_1/spi_word[39]_i_105/O
                         net (fo=1, routed)           0.646    28.371    task_1/spi_word[39]_i_105_n_0
    SLICE_X13Y12         LUT6 (Prop_lut6_I1_O)        0.124    28.495 f  task_1/spi_word[39]_i_55/O
                         net (fo=1, routed)           0.401    28.896    task_1/spi_word[39]_i_55_n_0
    SLICE_X13Y11         LUT5 (Prop_lut5_I4_O)        0.124    29.020 r  task_1/spi_word[39]_i_24/O
                         net (fo=3, routed)           1.872    30.892    task_1/oled_data3__3_0
    SLICE_X6Y30          LUT6 (Prop_lut6_I3_O)        0.124    31.016 r  task_1/spi_word[28]_i_4/O
                         net (fo=1, routed)           1.039    32.055    oled/spi_word[24]_i_2_0
    SLICE_X8Y31          LUT5 (Prop_lut5_I1_O)        0.146    32.201 r  oled/spi_word[28]_i_3/O
                         net (fo=4, routed)           1.146    33.347    oled/spi_word[28]_i_3_n_0
    SLICE_X12Y33         LUT3 (Prop_lut3_I2_O)        0.350    33.697 r  oled/spi_word[27]_i_4/O
                         net (fo=2, routed)           0.823    34.520    oled/spi_word[27]_i_4_n_0
    SLICE_X12Y31         LUT6 (Prop_lut6_I1_O)        0.328    34.848 r  oled/spi_word[26]_i_2/O
                         net (fo=1, routed)           0.666    35.515    oled/spi_word[26]_i_2_n_0
    SLICE_X12Y31         LUT3 (Prop_lut3_I2_O)        0.150    35.665 r  oled/spi_word[26]_i_1/O
                         net (fo=1, routed)           0.000    35.665    oled/spi_word[26]_i_1_n_0
    SLICE_X12Y31         FDRE                                         r  oled/spi_word_reg[26]/D
  -------------------------------------------------------------------    -------------------

Slack:                    inf
  Source:                 oled/frame_counter_reg[6]/C
                            (rising edge-triggered cell FDRE)
  Destination:            oled/spi_word_reg[37]/D
  Path Group:             (none)
  Path Type:              Max at Slow Process Corner
  Data Path Delay:        35.321ns  (logic 13.451ns (38.082%)  route 21.870ns (61.918%))
  Logic Levels:           32  (CARRY4=11 DSP48E1=2 FDRE=1 LUT1=1 LUT2=3 LUT3=2 LUT4=1 LUT5=3 LUT6=8)

    Location             Delay type                Incr(ns)  Path(ns)    Netlist Resource(s)
  -------------------------------------------------------------------    -------------------
    SLICE_X1Y21          FDRE                         0.000     0.000 r  oled/frame_counter_reg[6]/C
    SLICE_X1Y21          FDRE (Prop_fdre_C_Q)         0.459     0.459 r  oled/frame_counter_reg[6]/Q
                         net (fo=69, routed)          3.742     4.201    oled/frame_counter_reg[6]
    SLICE_X8Y25          LUT2 (Prop_lut2_I1_O)        0.150     4.351 r  oled/oled_data3_i_82/O
                         net (fo=12, routed)          2.207     6.558    oled/pixel_index[2]
    SLICE_X8Y20          LUT6 (Prop_lut6_I3_O)        0.328     6.886 r  oled/oled_data3_i_75/O
                         net (fo=1, routed)           0.000     6.886    oled/oled_data3_i_75_n_0
    SLICE_X8Y20          CARRY4 (Prop_carry4_S[3]_CO[3])
                                                      0.376     7.262 r  oled/oled_data3_i_43__0/CO[3]
                         net (fo=1, routed)           0.000     7.262    oled/oled_data3_i_43__0_n_0
    SLICE_X8Y21          CARRY4 (Prop_carry4_CI_CO[3])
                                                      0.117     7.379 r  oled/oled_data3_i_19/CO[3]
                         net (fo=1, routed)           0.000     7.379    oled/oled_data3_i_19_n_0
    SLICE_X8Y22          CARRY4 (Prop_carry4_CI_O[1])
                                                      0.323     7.702 f  oled/oled_data3_i_11/O[1]
                         net (fo=15, routed)          1.022     8.725    oled/oled_data3_i_11_n_6
    SLICE_X11Y20         LUT1 (Prop_lut1_I0_O)        0.306     9.031 r  oled/oled_data3_i_61/O
                         net (fo=1, routed)           0.000     9.031    oled/oled_data3_i_61_n_0
    SLICE_X11Y20         CARRY4 (Prop_carry4_S[1]_CO[3])
                                                      0.550     9.581 r  oled/oled_data3_i_31/CO[3]
                         net (fo=1, routed)           0.000     9.581    oled/oled_data3_i_31_n_0
    SLICE_X11Y21         CARRY4 (Prop_carry4_CI_O[0])
                                                      0.222     9.803 r  oled/oled_data3_i_16/O[0]
                         net (fo=3, routed)           0.983    10.786    oled/oled_data3_i_16_n_7
    SLICE_X12Y20         LUT5 (Prop_lut5_I2_O)        0.299    11.085 r  oled/oled_data3_i_66/O
                         net (fo=1, routed)           0.000    11.085    oled/oled_data3_i_66_n_0
    SLICE_X12Y20         CARRY4 (Prop_carry4_S[3]_CO[3])
                                                      0.376    11.461 r  oled/oled_data3_i_36/CO[3]
                         net (fo=1, routed)           0.000    11.461    oled/oled_data3_i_36_n_0
    SLICE_X12Y21         CARRY4 (Prop_carry4_CI_CO[2])
                                                      0.229    11.690 r  oled/oled_data3_i_18/CO[2]
                         net (fo=8, routed)           1.270    12.960    oled/oled_data3_i_18_n_1
    SLICE_X7Y19          LUT6 (Prop_lut6_I2_O)        0.310    13.270 r  oled/oled_data3_i_13/O
                         net (fo=11, routed)          1.411    14.680    oled/oled_data3_i_13_n_0
    SLICE_X10Y16         LUT6 (Prop_lut6_I2_O)        0.124    14.804 r  oled/oled_data3_i_4/O
                         net (fo=10, routed)          1.468    16.272    task_1/A[6]
    DSP48_X0Y8           DSP48E1 (Prop_dsp48e1_A[9]_PCOUT[47])
                                                      4.036    20.308 r  task_1/oled_data3__0/PCOUT[47]
                         net (fo=1, routed)           0.002    20.310    task_1/oled_data3__0_n_106
    DSP48_X0Y9           DSP48E1 (Prop_dsp48e1_PCIN[47]_P[0])
                                                      1.518    21.828 r  task_1/oled_data3__1/P[0]
                         net (fo=2, routed)           1.338    23.166    task_1/oled_data3__1_n_105
    SLICE_X11Y15         LUT2 (Prop_lut2_I0_O)        0.124    23.290 r  task_1/spi_word[39]_i_277/O
                         net (fo=1, routed)           0.000    23.290    task_1/spi_word[39]_i_277_n_0
    SLICE_X11Y15         CARRY4 (Prop_carry4_S[1]_CO[3])
                                                      0.550    23.840 r  task_1/spi_word_reg[39]_i_256/CO[3]
                         net (fo=1, routed)           0.000    23.840    task_1/spi_word_reg[39]_i_256_n_0
    SLICE_X11Y16         CARRY4 (Prop_carry4_CI_O[1])
                                                      0.334    24.174 r  task_1/spi_word_reg[39]_i_227/O[1]
                         net (fo=1, routed)           0.834    25.008    task_1/spi_word_reg[39]_i_227_n_6
    SLICE_X12Y16         LUT2 (Prop_lut2_I1_O)        0.303    25.311 r  task_1/spi_word[39]_i_179/O
                         net (fo=1, routed)           0.000    25.311    task_1/spi_word[39]_i_179_n_0
    SLICE_X12Y16         CARRY4 (Prop_carry4_S[1]_CO[3])
                                                      0.533    25.844 r  task_1/spi_word_reg[39]_i_146/CO[3]
                         net (fo=1, routed)           0.000    25.844    task_1/spi_word_reg[39]_i_146_n_0
    SLICE_X12Y17         CARRY4 (Prop_carry4_CI_O[0])
                                                      0.219    26.063 f  task_1/spi_word_reg[39]_i_181/O[0]
                         net (fo=1, routed)           0.791    26.853    task_1/spi_word_reg[39]_i_181_n_7
    SLICE_X14Y17         LUT4 (Prop_lut4_I2_O)        0.295    27.148 f  task_1/spi_word[39]_i_149/O
                         net (fo=1, routed)           0.452    27.600    task_1/spi_word[39]_i_149_n_0
    SLICE_X14Y17         LUT5 (Prop_lut5_I4_O)        0.124    27.724 f  task_1/spi_word[39]_i_105/O
                         net (fo=1, routed)           0.646    28.371    task_1/spi_word[39]_i_105_n_0
    SLICE_X13Y12         LUT6 (Prop_lut6_I1_O)        0.124    28.495 f  task_1/spi_word[39]_i_55/O
                         net (fo=1, routed)           0.401    28.896    task_1/spi_word[39]_i_55_n_0
    SLICE_X13Y11         LUT5 (Prop_lut5_I4_O)        0.124    29.020 r  task_1/spi_word[39]_i_24/O
                         net (fo=3, routed)           1.371    30.390    oled/spi_word[33]_i_5_0
    SLICE_X6Y28          LUT6 (Prop_lut6_I3_O)        0.124    30.514 r  oled/spi_word[39]_i_15/O
                         net (fo=1, routed)           0.795    31.310    oled/spi_word[39]_i_15_n_0
    SLICE_X6Y30          LUT6 (Prop_lut6_I2_O)        0.124    31.434 r  oled/spi_word[39]_i_10/O
                         net (fo=2, routed)           0.905    32.339    oled/spi_word[39]_i_10_n_0
    SLICE_X8Y30          LUT6 (Prop_lut6_I0_O)        0.124    32.463 r  oled/spi_word[38]_i_6/O
                         net (fo=3, routed)           0.950    33.413    oled/spi_word[38]_i_6_n_0
    SLICE_X11Y32         LUT3 (Prop_lut3_I1_O)        0.150    33.563 r  oled/spi_word[38]_i_4/O
                         net (fo=2, routed)           0.451    34.014    oled/spi_word[38]_i_4_n_0
    SLICE_X11Y32         LUT6 (Prop_lut6_I3_O)        0.326    34.340 r  oled/spi_word[37]_i_2/O
                         net (fo=1, routed)           0.831    35.171    oled/spi_word[37]_i_2_n_0
    SLICE_X10Y32         LUT3 (Prop_lut3_I2_O)        0.150    35.321 r  oled/spi_word[37]_i_1/O
                         net (fo=1, routed)           0.000    35.321    oled/spi_word[37]_i_1_n_0
    SLICE_X10Y32         FDRE                                         r  oled/spi_word_reg[37]/D
  -------------------------------------------------------------------    -------------------

Slack:                    inf
  Source:                 oled/frame_counter_reg[6]/C
                            (rising edge-triggered cell FDRE)
  Destination:            oled/spi_word_reg[27]/D
  Path Group:             (none)
  Path Type:              Max at Slow Process Corner
  Data Path Delay:        35.202ns  (logic 13.525ns (38.421%)  route 21.677ns (61.579%))
  Logic Levels:           31  (CARRY4=11 DSP48E1=2 FDRE=1 LUT1=1 LUT2=3 LUT3=2 LUT4=1 LUT5=4 LUT6=6)

    Location             Delay type                Incr(ns)  Path(ns)    Netlist Resource(s)
  -------------------------------------------------------------------    -------------------
    SLICE_X1Y21          FDRE                         0.000     0.000 r  oled/frame_counter_reg[6]/C
    SLICE_X1Y21          FDRE (Prop_fdre_C_Q)         0.459     0.459 r  oled/frame_counter_reg[6]/Q
                         net (fo=69, routed)          3.742     4.201    oled/frame_counter_reg[6]
    SLICE_X8Y25          LUT2 (Prop_lut2_I1_O)        0.150     4.351 r  oled/oled_data3_i_82/O
                         net (fo=12, routed)          2.207     6.558    oled/pixel_index[2]
    SLICE_X8Y20          LUT6 (Prop_lut6_I3_O)        0.328     6.886 r  oled/oled_data3_i_75/O
                         net (fo=1, routed)           0.000     6.886    oled/oled_data3_i_75_n_0
    SLICE_X8Y20          CARRY4 (Prop_carry4_S[3]_CO[3])
                                                      0.376     7.262 r  oled/oled_data3_i_43__0/CO[3]
                         net (fo=1, routed)           0.000     7.262    oled/oled_data3_i_43__0_n_0
    SLICE_X8Y21          CARRY4 (Prop_carry4_CI_CO[3])
                                                      0.117     7.379 r  oled/oled_data3_i_19/CO[3]
                         net (fo=1, routed)           0.000     7.379    oled/oled_data3_i_19_n_0
    SLICE_X8Y22          CARRY4 (Prop_carry4_CI_O[1])
                                                      0.323     7.702 f  oled/oled_data3_i_11/O[1]
                         net (fo=15, routed)          1.022     8.725    oled/oled_data3_i_11_n_6
    SLICE_X11Y20         LUT1 (Prop_lut1_I0_O)        0.306     9.031 r  oled/oled_data3_i_61/O
                         net (fo=1, routed)           0.000     9.031    oled/oled_data3_i_61_n_0
    SLICE_X11Y20         CARRY4 (Prop_carry4_S[1]_CO[3])
                                                      0.550     9.581 r  oled/oled_data3_i_31/CO[3]
                         net (fo=1, routed)           0.000     9.581    oled/oled_data3_i_31_n_0
    SLICE_X11Y21         CARRY4 (Prop_carry4_CI_O[0])
                                                      0.222     9.803 r  oled/oled_data3_i_16/O[0]
                         net (fo=3, routed)           0.983    10.786    oled/oled_data3_i_16_n_7
    SLICE_X12Y20         LUT5 (Prop_lut5_I2_O)        0.299    11.085 r  oled/oled_data3_i_66/O
                         net (fo=1, routed)           0.000    11.085    oled/oled_data3_i_66_n_0
    SLICE_X12Y20         CARRY4 (Prop_carry4_S[3]_CO[3])
                                                      0.376    11.461 r  oled/oled_data3_i_36/CO[3]
                         net (fo=1, routed)           0.000    11.461    oled/oled_data3_i_36_n_0
    SLICE_X12Y21         CARRY4 (Prop_carry4_CI_CO[2])
                                                      0.229    11.690 r  oled/oled_data3_i_18/CO[2]
                         net (fo=8, routed)           1.270    12.960    oled/oled_data3_i_18_n_1
    SLICE_X7Y19          LUT6 (Prop_lut6_I2_O)        0.310    13.270 r  oled/oled_data3_i_13/O
                         net (fo=11, routed)          1.411    14.680    oled/oled_data3_i_13_n_0
    SLICE_X10Y16         LUT6 (Prop_lut6_I2_O)        0.124    14.804 r  oled/oled_data3_i_4/O
                         net (fo=10, routed)          1.468    16.272    task_1/A[6]
    DSP48_X0Y8           DSP48E1 (Prop_dsp48e1_A[9]_PCOUT[47])
                                                      4.036    20.308 r  task_1/oled_data3__0/PCOUT[47]
                         net (fo=1, routed)           0.002    20.310    task_1/oled_data3__0_n_106
    DSP48_X0Y9           DSP48E1 (Prop_dsp48e1_PCIN[47]_P[0])
                                                      1.518    21.828 r  task_1/oled_data3__1/P[0]
                         net (fo=2, routed)           1.338    23.166    task_1/oled_data3__1_n_105
    SLICE_X11Y15         LUT2 (Prop_lut2_I0_O)        0.124    23.290 r  task_1/spi_word[39]_i_277/O
                         net (fo=1, routed)           0.000    23.290    task_1/spi_word[39]_i_277_n_0
    SLICE_X11Y15         CARRY4 (Prop_carry4_S[1]_CO[3])
                                                      0.550    23.840 r  task_1/spi_word_reg[39]_i_256/CO[3]
                         net (fo=1, routed)           0.000    23.840    task_1/spi_word_reg[39]_i_256_n_0
    SLICE_X11Y16         CARRY4 (Prop_carry4_CI_O[1])
                                                      0.334    24.174 r  task_1/spi_word_reg[39]_i_227/O[1]
                         net (fo=1, routed)           0.834    25.008    task_1/spi_word_reg[39]_i_227_n_6
    SLICE_X12Y16         LUT2 (Prop_lut2_I1_O)        0.303    25.311 r  task_1/spi_word[39]_i_179/O
                         net (fo=1, routed)           0.000    25.311    task_1/spi_word[39]_i_179_n_0
    SLICE_X12Y16         CARRY4 (Prop_carry4_S[1]_CO[3])
                                                      0.533    25.844 r  task_1/spi_word_reg[39]_i_146/CO[3]
                         net (fo=1, routed)           0.000    25.844    task_1/spi_word_reg[39]_i_146_n_0
    SLICE_X12Y17         CARRY4 (Prop_carry4_CI_O[0])
                                                      0.219    26.063 f  task_1/spi_word_reg[39]_i_181/O[0]
                         net (fo=1, routed)           0.791    26.853    task_1/spi_word_reg[39]_i_181_n_7
    SLICE_X14Y17         LUT4 (Prop_lut4_I2_O)        0.295    27.148 f  task_1/spi_word[39]_i_149/O
                         net (fo=1, routed)           0.452    27.600    task_1/spi_word[39]_i_149_n_0
    SLICE_X14Y17         LUT5 (Prop_lut5_I4_O)        0.124    27.724 f  task_1/spi_word[39]_i_105/O
                         net (fo=1, routed)           0.646    28.371    task_1/spi_word[39]_i_105_n_0
    SLICE_X13Y12         LUT6 (Prop_lut6_I1_O)        0.124    28.495 f  task_1/spi_word[39]_i_55/O
                         net (fo=1, routed)           0.401    28.896    task_1/spi_word[39]_i_55_n_0
    SLICE_X13Y11         LUT5 (Prop_lut5_I4_O)        0.124    29.020 r  task_1/spi_word[39]_i_24/O
                         net (fo=3, routed)           1.872    30.892    task_1/oled_data3__3_0
    SLICE_X6Y30          LUT6 (Prop_lut6_I3_O)        0.124    31.016 r  task_1/spi_word[28]_i_4/O
                         net (fo=1, routed)           1.039    32.055    oled/spi_word[24]_i_2_0
    SLICE_X8Y31          LUT5 (Prop_lut5_I1_O)        0.146    32.201 r  oled/spi_word[28]_i_3/O
                         net (fo=4, routed)           1.146    33.347    oled/spi_word[28]_i_3_n_0
    SLICE_X12Y33         LUT3 (Prop_lut3_I2_O)        0.350    33.697 r  oled/spi_word[27]_i_4/O
                         net (fo=2, routed)           0.584    34.281    oled/spi_word[27]_i_4_n_0
    SLICE_X13Y31         LUT6 (Prop_lut6_I3_O)        0.328    34.609 r  oled/spi_word[27]_i_2/O
                         net (fo=1, routed)           0.469    35.078    oled/spi_word[27]_i_2_n_0
    SLICE_X13Y31         LUT3 (Prop_lut3_I2_O)        0.124    35.202 r  oled/spi_word[27]_i_1/O
                         net (fo=1, routed)           0.000    35.202    oled/spi_word[27]_i_1_n_0
    SLICE_X13Y31         FDRE                                         r  oled/spi_word_reg[27]/D
  -------------------------------------------------------------------    -------------------

Slack:                    inf
  Source:                 oled/frame_counter_reg[6]/C
                            (rising edge-triggered cell FDRE)
  Destination:            oled/spi_word_reg[32]/D
  Path Group:             (none)
  Path Type:              Max at Slow Process Corner
  Data Path Delay:        35.123ns  (logic 13.223ns (37.647%)  route 21.900ns (62.353%))
  Logic Levels:           32  (CARRY4=11 DSP48E1=2 FDRE=1 LUT1=1 LUT2=4 LUT3=1 LUT4=1 LUT5=4 LUT6=7)

    Location             Delay type                Incr(ns)  Path(ns)    Netlist Resource(s)
  -------------------------------------------------------------------    -------------------
    SLICE_X1Y21          FDRE                         0.000     0.000 r  oled/frame_counter_reg[6]/C
    SLICE_X1Y21          FDRE (Prop_fdre_C_Q)         0.459     0.459 r  oled/frame_counter_reg[6]/Q
                         net (fo=69, routed)          3.742     4.201    oled/frame_counter_reg[6]
    SLICE_X8Y25          LUT2 (Prop_lut2_I1_O)        0.150     4.351 r  oled/oled_data3_i_82/O
                         net (fo=12, routed)          2.207     6.558    oled/pixel_index[2]
    SLICE_X8Y20          LUT6 (Prop_lut6_I3_O)        0.328     6.886 r  oled/oled_data3_i_75/O
                         net (fo=1, routed)           0.000     6.886    oled/oled_data3_i_75_n_0
    SLICE_X8Y20          CARRY4 (Prop_carry4_S[3]_CO[3])
                                                      0.376     7.262 r  oled/oled_data3_i_43__0/CO[3]
                         net (fo=1, routed)           0.000     7.262    oled/oled_data3_i_43__0_n_0
    SLICE_X8Y21          CARRY4 (Prop_carry4_CI_CO[3])
                                                      0.117     7.379 r  oled/oled_data3_i_19/CO[3]
                         net (fo=1, routed)           0.000     7.379    oled/oled_data3_i_19_n_0
    SLICE_X8Y22          CARRY4 (Prop_carry4_CI_O[1])
                                                      0.323     7.702 f  oled/oled_data3_i_11/O[1]
                         net (fo=15, routed)          1.022     8.725    oled/oled_data3_i_11_n_6
    SLICE_X11Y20         LUT1 (Prop_lut1_I0_O)        0.306     9.031 r  oled/oled_data3_i_61/O
                         net (fo=1, routed)           0.000     9.031    oled/oled_data3_i_61_n_0
    SLICE_X11Y20         CARRY4 (Prop_carry4_S[1]_CO[3])
                                                      0.550     9.581 r  oled/oled_data3_i_31/CO[3]
                         net (fo=1, routed)           0.000     9.581    oled/oled_data3_i_31_n_0
    SLICE_X11Y21         CARRY4 (Prop_carry4_CI_O[0])
                                                      0.222     9.803 r  oled/oled_data3_i_16/O[0]
                         net (fo=3, routed)           0.983    10.786    oled/oled_data3_i_16_n_7
    SLICE_X12Y20         LUT5 (Prop_lut5_I2_O)        0.299    11.085 r  oled/oled_data3_i_66/O
                         net (fo=1, routed)           0.000    11.085    oled/oled_data3_i_66_n_0
    SLICE_X12Y20         CARRY4 (Prop_carry4_S[3]_CO[3])
                                                      0.376    11.461 r  oled/oled_data3_i_36/CO[3]
                         net (fo=1, routed)           0.000    11.461    oled/oled_data3_i_36_n_0
    SLICE_X12Y21         CARRY4 (Prop_carry4_CI_CO[2])
                                                      0.229    11.690 r  oled/oled_data3_i_18/CO[2]
                         net (fo=8, routed)           1.270    12.960    oled/oled_data3_i_18_n_1
    SLICE_X7Y19          LUT6 (Prop_lut6_I2_O)        0.310    13.270 r  oled/oled_data3_i_13/O
                         net (fo=11, routed)          1.411    14.680    oled/oled_data3_i_13_n_0
    SLICE_X10Y16         LUT6 (Prop_lut6_I2_O)        0.124    14.804 r  oled/oled_data3_i_4/O
                         net (fo=10, routed)          1.468    16.272    task_1/A[6]
    DSP48_X0Y8           DSP48E1 (Prop_dsp48e1_A[9]_PCOUT[47])
                                                      4.036    20.308 r  task_1/oled_data3__0/PCOUT[47]
                         net (fo=1, routed)           0.002    20.310    task_1/oled_data3__0_n_106
    DSP48_X0Y9           DSP48E1 (Prop_dsp48e1_PCIN[47]_P[0])
                                                      1.518    21.828 r  task_1/oled_data3__1/P[0]
                         net (fo=2, routed)           1.338    23.166    task_1/oled_data3__1_n_105
    SLICE_X11Y15         LUT2 (Prop_lut2_I0_O)        0.124    23.290 r  task_1/spi_word[39]_i_277/O
                         net (fo=1, routed)           0.000    23.290    task_1/spi_word[39]_i_277_n_0
    SLICE_X11Y15         CARRY4 (Prop_carry4_S[1]_CO[3])
                                                      0.550    23.840 r  task_1/spi_word_reg[39]_i_256/CO[3]
                         net (fo=1, routed)           0.000    23.840    task_1/spi_word_reg[39]_i_256_n_0
    SLICE_X11Y16         CARRY4 (Prop_carry4_CI_O[1])
                                                      0.334    24.174 r  task_1/spi_word_reg[39]_i_227/O[1]
                         net (fo=1, routed)           0.834    25.008    task_1/spi_word_reg[39]_i_227_n_6
    SLICE_X12Y16         LUT2 (Prop_lut2_I1_O)        0.303    25.311 r  task_1/spi_word[39]_i_179/O
                         net (fo=1, routed)           0.000    25.311    task_1/spi_word[39]_i_179_n_0
    SLICE_X12Y16         CARRY4 (Prop_carry4_S[1]_CO[3])
                                                      0.533    25.844 r  task_1/spi_word_reg[39]_i_146/CO[3]
                         net (fo=1, routed)           0.000    25.844    task_1/spi_word_reg[39]_i_146_n_0
    SLICE_X12Y17         CARRY4 (Prop_carry4_CI_O[0])
                                                      0.219    26.063 f  task_1/spi_word_reg[39]_i_181/O[0]
                         net (fo=1, routed)           0.791    26.853    task_1/spi_word_reg[39]_i_181_n_7
    SLICE_X14Y17         LUT4 (Prop_lut4_I2_O)        0.295    27.148 f  task_1/spi_word[39]_i_149/O
                         net (fo=1, routed)           0.452    27.600    task_1/spi_word[39]_i_149_n_0
    SLICE_X14Y17         LUT5 (Prop_lut5_I4_O)        0.124    27.724 f  task_1/spi_word[39]_i_105/O
                         net (fo=1, routed)           0.646    28.371    task_1/spi_word[39]_i_105_n_0
    SLICE_X13Y12         LUT6 (Prop_lut6_I1_O)        0.124    28.495 f  task_1/spi_word[39]_i_55/O
                         net (fo=1, routed)           0.401    28.896    task_1/spi_word[39]_i_55_n_0
    SLICE_X13Y11         LUT5 (Prop_lut5_I4_O)        0.124    29.020 r  task_1/spi_word[39]_i_24/O
                         net (fo=3, routed)           0.899    29.919    oled/spi_word[33]_i_5_0
    SLICE_X7Y17          LUT6 (Prop_lut6_I5_O)        0.124    30.043 f  oled/spi_word[33]_i_7/O
                         net (fo=1, routed)           1.217    31.260    oled/spi_word[33]_i_7_n_0
    SLICE_X7Y30          LUT6 (Prop_lut6_I2_O)        0.124    31.384 r  oled/spi_word[33]_i_5/O
                         net (fo=2, routed)           1.074    32.458    oled/spi_word[33]_i_5_n_0
    SLICE_X8Y31          LUT2 (Prop_lut2_I1_O)        0.124    32.582 r  oled/spi_word[31]_i_6/O
                         net (fo=2, routed)           0.820    33.402    calculatornator/spi_word_reg[31]_2
    SLICE_X9Y33          LUT5 (Prop_lut5_I4_O)        0.124    33.526 r  calculatornator/spi_word[34]_i_3/O
                         net (fo=4, routed)           0.644    34.169    oled/oled_data[1]
    SLICE_X10Y33         LUT6 (Prop_lut6_I2_O)        0.124    34.293 r  oled/spi_word[32]_i_2/O
                         net (fo=1, routed)           0.680    34.973    oled/spi_word[32]_i_2_n_0
    SLICE_X10Y33         LUT3 (Prop_lut3_I2_O)        0.150    35.123 r  oled/spi_word[32]_i_1/O
                         net (fo=1, routed)           0.000    35.123    oled/spi_word[32]_i_1_n_0
    SLICE_X10Y33         FDRE                                         r  oled/spi_word_reg[32]/D
  -------------------------------------------------------------------    -------------------

Slack:                    inf
  Source:                 oled/frame_counter_reg[6]/C
                            (rising edge-triggered cell FDRE)
  Destination:            oled/spi_word_reg[30]/D
  Path Group:             (none)
  Path Type:              Max at Slow Process Corner
  Data Path Delay:        35.005ns  (logic 13.197ns (37.701%)  route 21.808ns (62.299%))
  Logic Levels:           32  (CARRY4=11 DSP48E1=2 FDRE=1 LUT1=1 LUT2=4 LUT4=2 LUT5=4 LUT6=7)

    Location             Delay type                Incr(ns)  Path(ns)    Netlist Resource(s)
  -------------------------------------------------------------------    -------------------
    SLICE_X1Y21          FDRE                         0.000     0.000 r  oled/frame_counter_reg[6]/C
    SLICE_X1Y21          FDRE (Prop_fdre_C_Q)         0.459     0.459 r  oled/frame_counter_reg[6]/Q
                         net (fo=69, routed)          3.742     4.201    oled/frame_counter_reg[6]
    SLICE_X8Y25          LUT2 (Prop_lut2_I1_O)        0.150     4.351 r  oled/oled_data3_i_82/O
                         net (fo=12, routed)          2.207     6.558    oled/pixel_index[2]
    SLICE_X8Y20          LUT6 (Prop_lut6_I3_O)        0.328     6.886 r  oled/oled_data3_i_75/O
                         net (fo=1, routed)           0.000     6.886    oled/oled_data3_i_75_n_0
    SLICE_X8Y20          CARRY4 (Prop_carry4_S[3]_CO[3])
                                                      0.376     7.262 r  oled/oled_data3_i_43__0/CO[3]
                         net (fo=1, routed)           0.000     7.262    oled/oled_data3_i_43__0_n_0
    SLICE_X8Y21          CARRY4 (Prop_carry4_CI_CO[3])
                                                      0.117     7.379 r  oled/oled_data3_i_19/CO[3]
                         net (fo=1, routed)           0.000     7.379    oled/oled_data3_i_19_n_0
    SLICE_X8Y22          CARRY4 (Prop_carry4_CI_O[1])
                                                      0.323     7.702 f  oled/oled_data3_i_11/O[1]
                         net (fo=15, routed)          1.022     8.725    oled/oled_data3_i_11_n_6
    SLICE_X11Y20         LUT1 (Prop_lut1_I0_O)        0.306     9.031 r  oled/oled_data3_i_61/O
                         net (fo=1, routed)           0.000     9.031    oled/oled_data3_i_61_n_0
    SLICE_X11Y20         CARRY4 (Prop_carry4_S[1]_CO[3])
                                                      0.550     9.581 r  oled/oled_data3_i_31/CO[3]
                         net (fo=1, routed)           0.000     9.581    oled/oled_data3_i_31_n_0
    SLICE_X11Y21         CARRY4 (Prop_carry4_CI_O[0])
                                                      0.222     9.803 r  oled/oled_data3_i_16/O[0]
                         net (fo=3, routed)           0.983    10.786    oled/oled_data3_i_16_n_7
    SLICE_X12Y20         LUT5 (Prop_lut5_I2_O)        0.299    11.085 r  oled/oled_data3_i_66/O
                         net (fo=1, routed)           0.000    11.085    oled/oled_data3_i_66_n_0
    SLICE_X12Y20         CARRY4 (Prop_carry4_S[3]_CO[3])
                                                      0.376    11.461 r  oled/oled_data3_i_36/CO[3]
                         net (fo=1, routed)           0.000    11.461    oled/oled_data3_i_36_n_0
    SLICE_X12Y21         CARRY4 (Prop_carry4_CI_CO[2])
                                                      0.229    11.690 r  oled/oled_data3_i_18/CO[2]
                         net (fo=8, routed)           1.270    12.960    oled/oled_data3_i_18_n_1
    SLICE_X7Y19          LUT6 (Prop_lut6_I2_O)        0.310    13.270 r  oled/oled_data3_i_13/O
                         net (fo=11, routed)          1.411    14.680    oled/oled_data3_i_13_n_0
    SLICE_X10Y16         LUT6 (Prop_lut6_I2_O)        0.124    14.804 r  oled/oled_data3_i_4/O
                         net (fo=10, routed)          1.468    16.272    task_1/A[6]
    DSP48_X0Y8           DSP48E1 (Prop_dsp48e1_A[9]_PCOUT[47])
                                                      4.036    20.308 r  task_1/oled_data3__0/PCOUT[47]
                         net (fo=1, routed)           0.002    20.310    task_1/oled_data3__0_n_106
    DSP48_X0Y9           DSP48E1 (Prop_dsp48e1_PCIN[47]_P[0])
                                                      1.518    21.828 r  task_1/oled_data3__1/P[0]
                         net (fo=2, routed)           1.338    23.166    task_1/oled_data3__1_n_105
    SLICE_X11Y15         LUT2 (Prop_lut2_I0_O)        0.124    23.290 r  task_1/spi_word[39]_i_277/O
                         net (fo=1, routed)           0.000    23.290    task_1/spi_word[39]_i_277_n_0
    SLICE_X11Y15         CARRY4 (Prop_carry4_S[1]_CO[3])
                                                      0.550    23.840 r  task_1/spi_word_reg[39]_i_256/CO[3]
                         net (fo=1, routed)           0.000    23.840    task_1/spi_word_reg[39]_i_256_n_0
    SLICE_X11Y16         CARRY4 (Prop_carry4_CI_O[1])
                                                      0.334    24.174 r  task_1/spi_word_reg[39]_i_227/O[1]
                         net (fo=1, routed)           0.834    25.008    task_1/spi_word_reg[39]_i_227_n_6
    SLICE_X12Y16         LUT2 (Prop_lut2_I1_O)        0.303    25.311 r  task_1/spi_word[39]_i_179/O
                         net (fo=1, routed)           0.000    25.311    task_1/spi_word[39]_i_179_n_0
    SLICE_X12Y16         CARRY4 (Prop_carry4_S[1]_CO[3])
                                                      0.533    25.844 r  task_1/spi_word_reg[39]_i_146/CO[3]
                         net (fo=1, routed)           0.000    25.844    task_1/spi_word_reg[39]_i_146_n_0
    SLICE_X12Y17         CARRY4 (Prop_carry4_CI_O[0])
                                                      0.219    26.063 f  task_1/spi_word_reg[39]_i_181/O[0]
                         net (fo=1, routed)           0.791    26.853    task_1/spi_word_reg[39]_i_181_n_7
    SLICE_X14Y17         LUT4 (Prop_lut4_I2_O)        0.295    27.148 f  task_1/spi_word[39]_i_149/O
                         net (fo=1, routed)           0.452    27.600    task_1/spi_word[39]_i_149_n_0
    SLICE_X14Y17         LUT5 (Prop_lut5_I4_O)        0.124    27.724 f  task_1/spi_word[39]_i_105/O
                         net (fo=1, routed)           0.646    28.371    task_1/spi_word[39]_i_105_n_0
    SLICE_X13Y12         LUT6 (Prop_lut6_I1_O)        0.124    28.495 f  task_1/spi_word[39]_i_55/O
                         net (fo=1, routed)           0.401    28.896    task_1/spi_word[39]_i_55_n_0
    SLICE_X13Y11         LUT5 (Prop_lut5_I4_O)        0.124    29.020 r  task_1/spi_word[39]_i_24/O
                         net (fo=3, routed)           0.899    29.919    oled/spi_word[33]_i_5_0
    SLICE_X7Y17          LUT6 (Prop_lut6_I5_O)        0.124    30.043 f  oled/spi_word[33]_i_7/O
                         net (fo=1, routed)           1.217    31.260    oled/spi_word[33]_i_7_n_0
    SLICE_X7Y30          LUT6 (Prop_lut6_I2_O)        0.124    31.384 r  oled/spi_word[33]_i_5/O
                         net (fo=2, routed)           1.074    32.458    oled/spi_word[33]_i_5_n_0
    SLICE_X8Y31          LUT2 (Prop_lut2_I1_O)        0.124    32.582 r  oled/spi_word[31]_i_6/O
                         net (fo=2, routed)           0.820    33.402    calculatornator/spi_word_reg[31]_2
    SLICE_X9Y33          LUT5 (Prop_lut5_I4_O)        0.124    33.526 r  calculatornator/spi_word[34]_i_3/O
                         net (fo=4, routed)           0.798    34.324    oled/oled_data[1]
    SLICE_X11Y33         LUT4 (Prop_lut4_I2_O)        0.124    34.448 r  oled/spi_word[30]_i_3/O
                         net (fo=1, routed)           0.433    34.881    oled/spi_word[30]_i_3_n_0
    SLICE_X11Y33         LUT6 (Prop_lut6_I3_O)        0.124    35.005 r  oled/spi_word[30]_i_1/O
                         net (fo=1, routed)           0.000    35.005    oled/spi_word[30]_i_1_n_0
    SLICE_X11Y33         FDRE                                         r  oled/spi_word_reg[30]/D
  -------------------------------------------------------------------    -------------------

Slack:                    inf
  Source:                 oled/frame_counter_reg[6]/C
                            (rising edge-triggered cell FDRE)
  Destination:            oled/spi_word_reg[29]/D
  Path Group:             (none)
  Path Type:              Max at Slow Process Corner
  Data Path Delay:        34.952ns  (logic 13.197ns (37.758%)  route 21.755ns (62.242%))
  Logic Levels:           32  (CARRY4=11 DSP48E1=2 FDRE=1 LUT1=1 LUT2=4 LUT3=1 LUT4=1 LUT5=4 LUT6=7)

    Location             Delay type                Incr(ns)  Path(ns)    Netlist Resource(s)
  -------------------------------------------------------------------    -------------------
    SLICE_X1Y21          FDRE                         0.000     0.000 r  oled/frame_counter_reg[6]/C
    SLICE_X1Y21          FDRE (Prop_fdre_C_Q)         0.459     0.459 r  oled/frame_counter_reg[6]/Q
                         net (fo=69, routed)          3.742     4.201    oled/frame_counter_reg[6]
    SLICE_X8Y25          LUT2 (Prop_lut2_I1_O)        0.150     4.351 r  oled/oled_data3_i_82/O
                         net (fo=12, routed)          2.207     6.558    oled/pixel_index[2]
    SLICE_X8Y20          LUT6 (Prop_lut6_I3_O)        0.328     6.886 r  oled/oled_data3_i_75/O
                         net (fo=1, routed)           0.000     6.886    oled/oled_data3_i_75_n_0
    SLICE_X8Y20          CARRY4 (Prop_carry4_S[3]_CO[3])
                                                      0.376     7.262 r  oled/oled_data3_i_43__0/CO[3]
                         net (fo=1, routed)           0.000     7.262    oled/oled_data3_i_43__0_n_0
    SLICE_X8Y21          CARRY4 (Prop_carry4_CI_CO[3])
                                                      0.117     7.379 r  oled/oled_data3_i_19/CO[3]
                         net (fo=1, routed)           0.000     7.379    oled/oled_data3_i_19_n_0
    SLICE_X8Y22          CARRY4 (Prop_carry4_CI_O[1])
                                                      0.323     7.702 f  oled/oled_data3_i_11/O[1]
                         net (fo=15, routed)          1.022     8.725    oled/oled_data3_i_11_n_6
    SLICE_X11Y20         LUT1 (Prop_lut1_I0_O)        0.306     9.031 r  oled/oled_data3_i_61/O
                         net (fo=1, routed)           0.000     9.031    oled/oled_data3_i_61_n_0
    SLICE_X11Y20         CARRY4 (Prop_carry4_S[1]_CO[3])
                                                      0.550     9.581 r  oled/oled_data3_i_31/CO[3]
                         net (fo=1, routed)           0.000     9.581    oled/oled_data3_i_31_n_0
    SLICE_X11Y21         CARRY4 (Prop_carry4_CI_O[0])
                                                      0.222     9.803 r  oled/oled_data3_i_16/O[0]
                         net (fo=3, routed)           0.983    10.786    oled/oled_data3_i_16_n_7
    SLICE_X12Y20         LUT5 (Prop_lut5_I2_O)        0.299    11.085 r  oled/oled_data3_i_66/O
                         net (fo=1, routed)           0.000    11.085    oled/oled_data3_i_66_n_0
    SLICE_X12Y20         CARRY4 (Prop_carry4_S[3]_CO[3])
                                                      0.376    11.461 r  oled/oled_data3_i_36/CO[3]
                         net (fo=1, routed)           0.000    11.461    oled/oled_data3_i_36_n_0
    SLICE_X12Y21         CARRY4 (Prop_carry4_CI_CO[2])
                                                      0.229    11.690 r  oled/oled_data3_i_18/CO[2]
                         net (fo=8, routed)           1.270    12.960    oled/oled_data3_i_18_n_1
    SLICE_X7Y19          LUT6 (Prop_lut6_I2_O)        0.310    13.270 r  oled/oled_data3_i_13/O
                         net (fo=11, routed)          1.411    14.680    oled/oled_data3_i_13_n_0
    SLICE_X10Y16         LUT6 (Prop_lut6_I2_O)        0.124    14.804 r  oled/oled_data3_i_4/O
                         net (fo=10, routed)          1.468    16.272    task_1/A[6]
    DSP48_X0Y8           DSP48E1 (Prop_dsp48e1_A[9]_PCOUT[47])
                                                      4.036    20.308 r  task_1/oled_data3__0/PCOUT[47]
                         net (fo=1, routed)           0.002    20.310    task_1/oled_data3__0_n_106
    DSP48_X0Y9           DSP48E1 (Prop_dsp48e1_PCIN[47]_P[0])
                                                      1.518    21.828 r  task_1/oled_data3__1/P[0]
                         net (fo=2, routed)           1.338    23.166    task_1/oled_data3__1_n_105
    SLICE_X11Y15         LUT2 (Prop_lut2_I0_O)        0.124    23.290 r  task_1/spi_word[39]_i_277/O
                         net (fo=1, routed)           0.000    23.290    task_1/spi_word[39]_i_277_n_0
    SLICE_X11Y15         CARRY4 (Prop_carry4_S[1]_CO[3])
                                                      0.550    23.840 r  task_1/spi_word_reg[39]_i_256/CO[3]
                         net (fo=1, routed)           0.000    23.840    task_1/spi_word_reg[39]_i_256_n_0
    SLICE_X11Y16         CARRY4 (Prop_carry4_CI_O[1])
                                                      0.334    24.174 r  task_1/spi_word_reg[39]_i_227/O[1]
                         net (fo=1, routed)           0.834    25.008    task_1/spi_word_reg[39]_i_227_n_6
    SLICE_X12Y16         LUT2 (Prop_lut2_I1_O)        0.303    25.311 r  task_1/spi_word[39]_i_179/O
                         net (fo=1, routed)           0.000    25.311    task_1/spi_word[39]_i_179_n_0
    SLICE_X12Y16         CARRY4 (Prop_carry4_S[1]_CO[3])
                                                      0.533    25.844 r  task_1/spi_word_reg[39]_i_146/CO[3]
                         net (fo=1, routed)           0.000    25.844    task_1/spi_word_reg[39]_i_146_n_0
    SLICE_X12Y17         CARRY4 (Prop_carry4_CI_O[0])
                                                      0.219    26.063 f  task_1/spi_word_reg[39]_i_181/O[0]
                         net (fo=1, routed)           0.791    26.853    task_1/spi_word_reg[39]_i_181_n_7
    SLICE_X14Y17         LUT4 (Prop_lut4_I2_O)        0.295    27.148 f  task_1/spi_word[39]_i_149/O
                         net (fo=1, routed)           0.452    27.600    task_1/spi_word[39]_i_149_n_0
    SLICE_X14Y17         LUT5 (Prop_lut5_I4_O)        0.124    27.724 f  task_1/spi_word[39]_i_105/O
                         net (fo=1, routed)           0.646    28.371    task_1/spi_word[39]_i_105_n_0
    SLICE_X13Y12         LUT6 (Prop_lut6_I1_O)        0.124    28.495 f  task_1/spi_word[39]_i_55/O
                         net (fo=1, routed)           0.401    28.896    task_1/spi_word[39]_i_55_n_0
    SLICE_X13Y11         LUT5 (Prop_lut5_I4_O)        0.124    29.020 r  task_1/spi_word[39]_i_24/O
                         net (fo=3, routed)           0.899    29.919    oled/spi_word[33]_i_5_0
    SLICE_X7Y17          LUT6 (Prop_lut6_I5_O)        0.124    30.043 f  oled/spi_word[33]_i_7/O
                         net (fo=1, routed)           1.217    31.260    oled/spi_word[33]_i_7_n_0
    SLICE_X7Y30          LUT6 (Prop_lut6_I2_O)        0.124    31.384 r  oled/spi_word[33]_i_5/O
                         net (fo=2, routed)           1.074    32.458    oled/spi_word[33]_i_5_n_0
    SLICE_X8Y31          LUT2 (Prop_lut2_I1_O)        0.124    32.582 r  oled/spi_word[31]_i_6/O
                         net (fo=2, routed)           0.820    33.402    calculatornator/spi_word_reg[31]_2
    SLICE_X9Y33          LUT5 (Prop_lut5_I4_O)        0.124    33.526 r  calculatornator/spi_word[34]_i_3/O
                         net (fo=4, routed)           0.695    34.220    oled/oled_data[1]
    SLICE_X10Y33         LUT6 (Prop_lut6_I0_O)        0.124    34.344 r  oled/spi_word[29]_i_2/O
                         net (fo=1, routed)           0.483    34.828    oled/spi_word[29]_i_2_n_0
    SLICE_X10Y33         LUT3 (Prop_lut3_I2_O)        0.124    34.952 r  oled/spi_word[29]_i_1/O
                         net (fo=1, routed)           0.000    34.952    oled/spi_word[29]_i_1_n_0
    SLICE_X10Y33         FDRE                                         r  oled/spi_word_reg[29]/D
  -------------------------------------------------------------------    -------------------

Slack:                    inf
  Source:                 oled/frame_counter_reg[6]/C
                            (rising edge-triggered cell FDRE)
  Destination:            oled/spi_word_reg[24]/D
  Path Group:             (none)
  Path Type:              Max at Slow Process Corner
  Data Path Delay:        34.716ns  (logic 13.175ns (37.951%)  route 21.541ns (62.049%))
  Logic Levels:           30  (CARRY4=11 DSP48E1=2 FDRE=1 LUT1=1 LUT2=3 LUT3=1 LUT4=1 LUT5=4 LUT6=6)

    Location             Delay type                Incr(ns)  Path(ns)    Netlist Resource(s)
  -------------------------------------------------------------------    -------------------
    SLICE_X1Y21          FDRE                         0.000     0.000 r  oled/frame_counter_reg[6]/C
    SLICE_X1Y21          FDRE (Prop_fdre_C_Q)         0.459     0.459 r  oled/frame_counter_reg[6]/Q
                         net (fo=69, routed)          3.742     4.201    oled/frame_counter_reg[6]
    SLICE_X8Y25          LUT2 (Prop_lut2_I1_O)        0.150     4.351 r  oled/oled_data3_i_82/O
                         net (fo=12, routed)          2.207     6.558    oled/pixel_index[2]
    SLICE_X8Y20          LUT6 (Prop_lut6_I3_O)        0.328     6.886 r  oled/oled_data3_i_75/O
                         net (fo=1, routed)           0.000     6.886    oled/oled_data3_i_75_n_0
    SLICE_X8Y20          CARRY4 (Prop_carry4_S[3]_CO[3])
                                                      0.376     7.262 r  oled/oled_data3_i_43__0/CO[3]
                         net (fo=1, routed)           0.000     7.262    oled/oled_data3_i_43__0_n_0
    SLICE_X8Y21          CARRY4 (Prop_carry4_CI_CO[3])
                                                      0.117     7.379 r  oled/oled_data3_i_19/CO[3]
                         net (fo=1, routed)           0.000     7.379    oled/oled_data3_i_19_n_0
    SLICE_X8Y22          CARRY4 (Prop_carry4_CI_O[1])
                                                      0.323     7.702 f  oled/oled_data3_i_11/O[1]
                         net (fo=15, routed)          1.022     8.725    oled/oled_data3_i_11_n_6
    SLICE_X11Y20         LUT1 (Prop_lut1_I0_O)        0.306     9.031 r  oled/oled_data3_i_61/O
                         net (fo=1, routed)           0.000     9.031    oled/oled_data3_i_61_n_0
    SLICE_X11Y20         CARRY4 (Prop_carry4_S[1]_CO[3])
                                                      0.550     9.581 r  oled/oled_data3_i_31/CO[3]
                         net (fo=1, routed)           0.000     9.581    oled/oled_data3_i_31_n_0
    SLICE_X11Y21         CARRY4 (Prop_carry4_CI_O[0])
                                                      0.222     9.803 r  oled/oled_data3_i_16/O[0]
                         net (fo=3, routed)           0.983    10.786    oled/oled_data3_i_16_n_7
    SLICE_X12Y20         LUT5 (Prop_lut5_I2_O)        0.299    11.085 r  oled/oled_data3_i_66/O
                         net (fo=1, routed)           0.000    11.085    oled/oled_data3_i_66_n_0
    SLICE_X12Y20         CARRY4 (Prop_carry4_S[3]_CO[3])
                                                      0.376    11.461 r  oled/oled_data3_i_36/CO[3]
                         net (fo=1, routed)           0.000    11.461    oled/oled_data3_i_36_n_0
    SLICE_X12Y21         CARRY4 (Prop_carry4_CI_CO[2])
                                                      0.229    11.690 r  oled/oled_data3_i_18/CO[2]
                         net (fo=8, routed)           1.270    12.960    oled/oled_data3_i_18_n_1
    SLICE_X7Y19          LUT6 (Prop_lut6_I2_O)        0.310    13.270 r  oled/oled_data3_i_13/O
                         net (fo=11, routed)          1.411    14.680    oled/oled_data3_i_13_n_0
    SLICE_X10Y16         LUT6 (Prop_lut6_I2_O)        0.124    14.804 r  oled/oled_data3_i_4/O
                         net (fo=10, routed)          1.468    16.272    task_1/A[6]
    DSP48_X0Y8           DSP48E1 (Prop_dsp48e1_A[9]_PCOUT[47])
                                                      4.036    20.308 r  task_1/oled_data3__0/PCOUT[47]
                         net (fo=1, routed)           0.002    20.310    task_1/oled_data3__0_n_106
    DSP48_X0Y9           DSP48E1 (Prop_dsp48e1_PCIN[47]_P[0])
                                                      1.518    21.828 r  task_1/oled_data3__1/P[0]
                         net (fo=2, routed)           1.338    23.166    task_1/oled_data3__1_n_105
    SLICE_X11Y15         LUT2 (Prop_lut2_I0_O)        0.124    23.290 r  task_1/spi_word[39]_i_277/O
                         net (fo=1, routed)           0.000    23.290    task_1/spi_word[39]_i_277_n_0
    SLICE_X11Y15         CARRY4 (Prop_carry4_S[1]_CO[3])
                                                      0.550    23.840 r  task_1/spi_word_reg[39]_i_256/CO[3]
                         net (fo=1, routed)           0.000    23.840    task_1/spi_word_reg[39]_i_256_n_0
    SLICE_X11Y16         CARRY4 (Prop_carry4_CI_O[1])
                                                      0.334    24.174 r  task_1/spi_word_reg[39]_i_227/O[1]
                         net (fo=1, routed)           0.834    25.008    task_1/spi_word_reg[39]_i_227_n_6
    SLICE_X12Y16         LUT2 (Prop_lut2_I1_O)        0.303    25.311 r  task_1/spi_word[39]_i_179/O
                         net (fo=1, routed)           0.000    25.311    task_1/spi_word[39]_i_179_n_0
    SLICE_X12Y16         CARRY4 (Prop_carry4_S[1]_CO[3])
                                                      0.533    25.844 r  task_1/spi_word_reg[39]_i_146/CO[3]
                         net (fo=1, routed)           0.000    25.844    task_1/spi_word_reg[39]_i_146_n_0
    SLICE_X12Y17         CARRY4 (Prop_carry4_CI_O[0])
                                                      0.219    26.063 f  task_1/spi_word_reg[39]_i_181/O[0]
                         net (fo=1, routed)           0.791    26.853    task_1/spi_word_reg[39]_i_181_n_7
    SLICE_X14Y17         LUT4 (Prop_lut4_I2_O)        0.295    27.148 f  task_1/spi_word[39]_i_149/O
                         net (fo=1, routed)           0.452    27.600    task_1/spi_word[39]_i_149_n_0
    SLICE_X14Y17         LUT5 (Prop_lut5_I4_O)        0.124    27.724 f  task_1/spi_word[39]_i_105/O
                         net (fo=1, routed)           0.646    28.371    task_1/spi_word[39]_i_105_n_0
    SLICE_X13Y12         LUT6 (Prop_lut6_I1_O)        0.124    28.495 f  task_1/spi_word[39]_i_55/O
                         net (fo=1, routed)           0.401    28.896    task_1/spi_word[39]_i_55_n_0
    SLICE_X13Y11         LUT5 (Prop_lut5_I4_O)        0.124    29.020 r  task_1/spi_word[39]_i_24/O
                         net (fo=3, routed)           1.872    30.892    task_1/oled_data3__3_0
    SLICE_X6Y30          LUT6 (Prop_lut6_I3_O)        0.124    31.016 r  task_1/spi_word[28]_i_4/O
                         net (fo=1, routed)           1.039    32.055    oled/spi_word[24]_i_2_0
    SLICE_X8Y31          LUT5 (Prop_lut5_I1_O)        0.146    32.201 r  oled/spi_word[28]_i_3/O
                         net (fo=4, routed)           1.344    33.545    oled/spi_word[28]_i_3_n_0
    SLICE_X12Y33         LUT6 (Prop_lut6_I0_O)        0.328    33.873 r  oled/spi_word[24]_i_2/O
                         net (fo=1, routed)           0.719    34.592    oled/spi_word[24]_i_2_n_0
    SLICE_X12Y31         LUT3 (Prop_lut3_I2_O)        0.124    34.716 r  oled/spi_word[24]_i_1/O
                         net (fo=1, routed)           0.000    34.716    oled/spi_word[24]_i_1_n_0
    SLICE_X12Y31         FDRE                                         r  oled/spi_word_reg[24]/D
  -------------------------------------------------------------------    -------------------

Slack:                    inf
  Source:                 oled/frame_counter_reg[6]/C
                            (rising edge-triggered cell FDRE)
  Destination:            oled/spi_word_reg[34]/D
  Path Group:             (none)
  Path Type:              Max at Slow Process Corner
  Data Path Delay:        34.620ns  (logic 13.197ns (38.120%)  route 21.423ns (61.880%))
  Logic Levels:           32  (CARRY4=11 DSP48E1=2 FDRE=1 LUT1=1 LUT2=4 LUT3=1 LUT4=1 LUT5=4 LUT6=7)

    Location             Delay type                Incr(ns)  Path(ns)    Netlist Resource(s)
  -------------------------------------------------------------------    -------------------
    SLICE_X1Y21          FDRE                         0.000     0.000 r  oled/frame_counter_reg[6]/C
    SLICE_X1Y21          FDRE (Prop_fdre_C_Q)         0.459     0.459 r  oled/frame_counter_reg[6]/Q
                         net (fo=69, routed)          3.742     4.201    oled/frame_counter_reg[6]
    SLICE_X8Y25          LUT2 (Prop_lut2_I1_O)        0.150     4.351 r  oled/oled_data3_i_82/O
                         net (fo=12, routed)          2.207     6.558    oled/pixel_index[2]
    SLICE_X8Y20          LUT6 (Prop_lut6_I3_O)        0.328     6.886 r  oled/oled_data3_i_75/O
                         net (fo=1, routed)           0.000     6.886    oled/oled_data3_i_75_n_0
    SLICE_X8Y20          CARRY4 (Prop_carry4_S[3]_CO[3])
                                                      0.376     7.262 r  oled/oled_data3_i_43__0/CO[3]
                         net (fo=1, routed)           0.000     7.262    oled/oled_data3_i_43__0_n_0
    SLICE_X8Y21          CARRY4 (Prop_carry4_CI_CO[3])
                                                      0.117     7.379 r  oled/oled_data3_i_19/CO[3]
                         net (fo=1, routed)           0.000     7.379    oled/oled_data3_i_19_n_0
    SLICE_X8Y22          CARRY4 (Prop_carry4_CI_O[1])
                                                      0.323     7.702 f  oled/oled_data3_i_11/O[1]
                         net (fo=15, routed)          1.022     8.725    oled/oled_data3_i_11_n_6
    SLICE_X11Y20         LUT1 (Prop_lut1_I0_O)        0.306     9.031 r  oled/oled_data3_i_61/O
                         net (fo=1, routed)           0.000     9.031    oled/oled_data3_i_61_n_0
    SLICE_X11Y20         CARRY4 (Prop_carry4_S[1]_CO[3])
                                                      0.550     9.581 r  oled/oled_data3_i_31/CO[3]
                         net (fo=1, routed)           0.000     9.581    oled/oled_data3_i_31_n_0
    SLICE_X11Y21         CARRY4 (Prop_carry4_CI_O[0])
                                                      0.222     9.803 r  oled/oled_data3_i_16/O[0]
                         net (fo=3, routed)           0.983    10.786    oled/oled_data3_i_16_n_7
    SLICE_X12Y20         LUT5 (Prop_lut5_I2_O)        0.299    11.085 r  oled/oled_data3_i_66/O
                         net (fo=1, routed)           0.000    11.085    oled/oled_data3_i_66_n_0
    SLICE_X12Y20         CARRY4 (Prop_carry4_S[3]_CO[3])
                                                      0.376    11.461 r  oled/oled_data3_i_36/CO[3]
                         net (fo=1, routed)           0.000    11.461    oled/oled_data3_i_36_n_0
    SLICE_X12Y21         CARRY4 (Prop_carry4_CI_CO[2])
                                                      0.229    11.690 r  oled/oled_data3_i_18/CO[2]
                         net (fo=8, routed)           1.270    12.960    oled/oled_data3_i_18_n_1
    SLICE_X7Y19          LUT6 (Prop_lut6_I2_O)        0.310    13.270 r  oled/oled_data3_i_13/O
                         net (fo=11, routed)          1.411    14.680    oled/oled_data3_i_13_n_0
    SLICE_X10Y16         LUT6 (Prop_lut6_I2_O)        0.124    14.804 r  oled/oled_data3_i_4/O
                         net (fo=10, routed)          1.468    16.272    task_1/A[6]
    DSP48_X0Y8           DSP48E1 (Prop_dsp48e1_A[9]_PCOUT[47])
                                                      4.036    20.308 r  task_1/oled_data3__0/PCOUT[47]
                         net (fo=1, routed)           0.002    20.310    task_1/oled_data3__0_n_106
    DSP48_X0Y9           DSP48E1 (Prop_dsp48e1_PCIN[47]_P[0])
                                                      1.518    21.828 r  task_1/oled_data3__1/P[0]
                         net (fo=2, routed)           1.338    23.166    task_1/oled_data3__1_n_105
    SLICE_X11Y15         LUT2 (Prop_lut2_I0_O)        0.124    23.290 r  task_1/spi_word[39]_i_277/O
                         net (fo=1, routed)           0.000    23.290    task_1/spi_word[39]_i_277_n_0
    SLICE_X11Y15         CARRY4 (Prop_carry4_S[1]_CO[3])
                                                      0.550    23.840 r  task_1/spi_word_reg[39]_i_256/CO[3]
                         net (fo=1, routed)           0.000    23.840    task_1/spi_word_reg[39]_i_256_n_0
    SLICE_X11Y16         CARRY4 (Prop_carry4_CI_O[1])
                                                      0.334    24.174 r  task_1/spi_word_reg[39]_i_227/O[1]
                         net (fo=1, routed)           0.834    25.008    task_1/spi_word_reg[39]_i_227_n_6
    SLICE_X12Y16         LUT2 (Prop_lut2_I1_O)        0.303    25.311 r  task_1/spi_word[39]_i_179/O
                         net (fo=1, routed)           0.000    25.311    task_1/spi_word[39]_i_179_n_0
    SLICE_X12Y16         CARRY4 (Prop_carry4_S[1]_CO[3])
                                                      0.533    25.844 r  task_1/spi_word_reg[39]_i_146/CO[3]
                         net (fo=1, routed)           0.000    25.844    task_1/spi_word_reg[39]_i_146_n_0
    SLICE_X12Y17         CARRY4 (Prop_carry4_CI_O[0])
                                                      0.219    26.063 f  task_1/spi_word_reg[39]_i_181/O[0]
                         net (fo=1, routed)           0.791    26.853    task_1/spi_word_reg[39]_i_181_n_7
    SLICE_X14Y17         LUT4 (Prop_lut4_I2_O)        0.295    27.148 f  task_1/spi_word[39]_i_149/O
                         net (fo=1, routed)           0.452    27.600    task_1/spi_word[39]_i_149_n_0
    SLICE_X14Y17         LUT5 (Prop_lut5_I4_O)        0.124    27.724 f  task_1/spi_word[39]_i_105/O
                         net (fo=1, routed)           0.646    28.371    task_1/spi_word[39]_i_105_n_0
    SLICE_X13Y12         LUT6 (Prop_lut6_I1_O)        0.124    28.495 f  task_1/spi_word[39]_i_55/O
                         net (fo=1, routed)           0.401    28.896    task_1/spi_word[39]_i_55_n_0
    SLICE_X13Y11         LUT5 (Prop_lut5_I4_O)        0.124    29.020 r  task_1/spi_word[39]_i_24/O
                         net (fo=3, routed)           0.899    29.919    oled/spi_word[33]_i_5_0
    SLICE_X7Y17          LUT6 (Prop_lut6_I5_O)        0.124    30.043 f  oled/spi_word[33]_i_7/O
                         net (fo=1, routed)           1.217    31.260    oled/spi_word[33]_i_7_n_0
    SLICE_X7Y30          LUT6 (Prop_lut6_I2_O)        0.124    31.384 r  oled/spi_word[33]_i_5/O
                         net (fo=2, routed)           1.074    32.458    oled/spi_word[33]_i_5_n_0
    SLICE_X8Y31          LUT2 (Prop_lut2_I1_O)        0.124    32.582 r  oled/spi_word[31]_i_6/O
                         net (fo=2, routed)           0.820    33.402    calculatornator/spi_word_reg[31]_2
    SLICE_X9Y33          LUT5 (Prop_lut5_I4_O)        0.124    33.526 r  calculatornator/spi_word[34]_i_3/O
                         net (fo=4, routed)           0.445    33.971    oled/oled_data[1]
    SLICE_X9Y33          LUT6 (Prop_lut6_I0_O)        0.124    34.095 r  oled/spi_word[34]_i_2/O
                         net (fo=1, routed)           0.401    34.496    oled/spi_word[34]_i_2_n_0
    SLICE_X9Y32          LUT3 (Prop_lut3_I2_O)        0.124    34.620 r  oled/spi_word[34]_i_1/O
                         net (fo=1, routed)           0.000    34.620    oled/spi_word[34]_i_1_n_0
    SLICE_X9Y32          FDRE                                         r  oled/spi_word_reg[34]/D
  -------------------------------------------------------------------    -------------------

Slack:                    inf
  Source:                 oled/frame_counter_reg[6]/C
                            (rising edge-triggered cell FDRE)
  Destination:            oled/spi_word_reg[36]/D
  Path Group:             (none)
  Path Type:              Max at Slow Process Corner
  Data Path Delay:        34.582ns  (logic 13.073ns (37.803%)  route 21.509ns (62.197%))
  Logic Levels:           31  (CARRY4=11 DSP48E1=2 FDRE=1 LUT1=1 LUT2=3 LUT3=1 LUT4=1 LUT5=3 LUT6=8)

    Location             Delay type                Incr(ns)  Path(ns)    Netlist Resource(s)
  -------------------------------------------------------------------    -------------------
    SLICE_X1Y21          FDRE                         0.000     0.000 r  oled/frame_counter_reg[6]/C
    SLICE_X1Y21          FDRE (Prop_fdre_C_Q)         0.459     0.459 r  oled/frame_counter_reg[6]/Q
                         net (fo=69, routed)          3.742     4.201    oled/frame_counter_reg[6]
    SLICE_X8Y25          LUT2 (Prop_lut2_I1_O)        0.150     4.351 r  oled/oled_data3_i_82/O
                         net (fo=12, routed)          2.207     6.558    oled/pixel_index[2]
    SLICE_X8Y20          LUT6 (Prop_lut6_I3_O)        0.328     6.886 r  oled/oled_data3_i_75/O
                         net (fo=1, routed)           0.000     6.886    oled/oled_data3_i_75_n_0
    SLICE_X8Y20          CARRY4 (Prop_carry4_S[3]_CO[3])
                                                      0.376     7.262 r  oled/oled_data3_i_43__0/CO[3]
                         net (fo=1, routed)           0.000     7.262    oled/oled_data3_i_43__0_n_0
    SLICE_X8Y21          CARRY4 (Prop_carry4_CI_CO[3])
                                                      0.117     7.379 r  oled/oled_data3_i_19/CO[3]
                         net (fo=1, routed)           0.000     7.379    oled/oled_data3_i_19_n_0
    SLICE_X8Y22          CARRY4 (Prop_carry4_CI_O[1])
                                                      0.323     7.702 f  oled/oled_data3_i_11/O[1]
                         net (fo=15, routed)          1.022     8.725    oled/oled_data3_i_11_n_6
    SLICE_X11Y20         LUT1 (Prop_lut1_I0_O)        0.306     9.031 r  oled/oled_data3_i_61/O
                         net (fo=1, routed)           0.000     9.031    oled/oled_data3_i_61_n_0
    SLICE_X11Y20         CARRY4 (Prop_carry4_S[1]_CO[3])
                                                      0.550     9.581 r  oled/oled_data3_i_31/CO[3]
                         net (fo=1, routed)           0.000     9.581    oled/oled_data3_i_31_n_0
    SLICE_X11Y21         CARRY4 (Prop_carry4_CI_O[0])
                                                      0.222     9.803 r  oled/oled_data3_i_16/O[0]
                         net (fo=3, routed)           0.983    10.786    oled/oled_data3_i_16_n_7
    SLICE_X12Y20         LUT5 (Prop_lut5_I2_O)        0.299    11.085 r  oled/oled_data3_i_66/O
                         net (fo=1, routed)           0.000    11.085    oled/oled_data3_i_66_n_0
    SLICE_X12Y20         CARRY4 (Prop_carry4_S[3]_CO[3])
                                                      0.376    11.461 r  oled/oled_data3_i_36/CO[3]
                         net (fo=1, routed)           0.000    11.461    oled/oled_data3_i_36_n_0
    SLICE_X12Y21         CARRY4 (Prop_carry4_CI_CO[2])
                                                      0.229    11.690 r  oled/oled_data3_i_18/CO[2]
                         net (fo=8, routed)           1.270    12.960    oled/oled_data3_i_18_n_1
    SLICE_X7Y19          LUT6 (Prop_lut6_I2_O)        0.310    13.270 r  oled/oled_data3_i_13/O
                         net (fo=11, routed)          1.411    14.680    oled/oled_data3_i_13_n_0
    SLICE_X10Y16         LUT6 (Prop_lut6_I2_O)        0.124    14.804 r  oled/oled_data3_i_4/O
                         net (fo=10, routed)          1.468    16.272    task_1/A[6]
    DSP48_X0Y8           DSP48E1 (Prop_dsp48e1_A[9]_PCOUT[47])
                                                      4.036    20.308 r  task_1/oled_data3__0/PCOUT[47]
                         net (fo=1, routed)           0.002    20.310    task_1/oled_data3__0_n_106
    DSP48_X0Y9           DSP48E1 (Prop_dsp48e1_PCIN[47]_P[0])
                                                      1.518    21.828 r  task_1/oled_data3__1/P[0]
                         net (fo=2, routed)           1.338    23.166    task_1/oled_data3__1_n_105
    SLICE_X11Y15         LUT2 (Prop_lut2_I0_O)        0.124    23.290 r  task_1/spi_word[39]_i_277/O
                         net (fo=1, routed)           0.000    23.290    task_1/spi_word[39]_i_277_n_0
    SLICE_X11Y15         CARRY4 (Prop_carry4_S[1]_CO[3])
                                                      0.550    23.840 r  task_1/spi_word_reg[39]_i_256/CO[3]
                         net (fo=1, routed)           0.000    23.840    task_1/spi_word_reg[39]_i_256_n_0
    SLICE_X11Y16         CARRY4 (Prop_carry4_CI_O[1])
                                                      0.334    24.174 r  task_1/spi_word_reg[39]_i_227/O[1]
                         net (fo=1, routed)           0.834    25.008    task_1/spi_word_reg[39]_i_227_n_6
    SLICE_X12Y16         LUT2 (Prop_lut2_I1_O)        0.303    25.311 r  task_1/spi_word[39]_i_179/O
                         net (fo=1, routed)           0.000    25.311    task_1/spi_word[39]_i_179_n_0
    SLICE_X12Y16         CARRY4 (Prop_carry4_S[1]_CO[3])
                                                      0.533    25.844 r  task_1/spi_word_reg[39]_i_146/CO[3]
                         net (fo=1, routed)           0.000    25.844    task_1/spi_word_reg[39]_i_146_n_0
    SLICE_X12Y17         CARRY4 (Prop_carry4_CI_O[0])
                                                      0.219    26.063 f  task_1/spi_word_reg[39]_i_181/O[0]
                         net (fo=1, routed)           0.791    26.853    task_1/spi_word_reg[39]_i_181_n_7
    SLICE_X14Y17         LUT4 (Prop_lut4_I2_O)        0.295    27.148 f  task_1/spi_word[39]_i_149/O
                         net (fo=1, routed)           0.452    27.600    task_1/spi_word[39]_i_149_n_0
    SLICE_X14Y17         LUT5 (Prop_lut5_I4_O)        0.124    27.724 f  task_1/spi_word[39]_i_105/O
                         net (fo=1, routed)           0.646    28.371    task_1/spi_word[39]_i_105_n_0
    SLICE_X13Y12         LUT6 (Prop_lut6_I1_O)        0.124    28.495 f  task_1/spi_word[39]_i_55/O
                         net (fo=1, routed)           0.401    28.896    task_1/spi_word[39]_i_55_n_0
    SLICE_X13Y11         LUT5 (Prop_lut5_I4_O)        0.124    29.020 r  task_1/spi_word[39]_i_24/O
                         net (fo=3, routed)           1.371    30.390    oled/spi_word[33]_i_5_0
    SLICE_X6Y28          LUT6 (Prop_lut6_I3_O)        0.124    30.514 r  oled/spi_word[39]_i_15/O
                         net (fo=1, routed)           0.795    31.310    oled/spi_word[39]_i_15_n_0
    SLICE_X6Y30          LUT6 (Prop_lut6_I2_O)        0.124    31.434 r  oled/spi_word[39]_i_10/O
                         net (fo=2, routed)           0.905    32.339    oled/spi_word[39]_i_10_n_0
    SLICE_X8Y30          LUT6 (Prop_lut6_I0_O)        0.124    32.463 r  oled/spi_word[38]_i_6/O
                         net (fo=3, routed)           1.377    33.839    oled/spi_word[38]_i_6_n_0
    SLICE_X10Y32         LUT6 (Prop_lut6_I1_O)        0.124    33.963 r  oled/spi_word[36]_i_2/O
                         net (fo=1, routed)           0.494    34.458    oled/spi_word[36]_i_2_n_0
    SLICE_X10Y32         LUT3 (Prop_lut3_I2_O)        0.124    34.582 r  oled/spi_word[36]_i_1/O
                         net (fo=1, routed)           0.000    34.582    oled/spi_word[36]_i_1_n_0
    SLICE_X10Y32         FDRE                                         r  oled/spi_word_reg[36]/D
  -------------------------------------------------------------------    -------------------

Slack:                    inf
  Source:                 oled/frame_counter_reg[6]/C
                            (rising edge-triggered cell FDRE)
  Destination:            oled/spi_word_reg[31]/D
  Path Group:             (none)
  Path Type:              Max at Slow Process Corner
  Data Path Delay:        34.464ns  (logic 13.073ns (37.932%)  route 21.391ns (62.068%))
  Logic Levels:           31  (CARRY4=11 DSP48E1=2 FDRE=1 LUT1=1 LUT2=4 LUT4=1 LUT5=3 LUT6=8)

    Location             Delay type                Incr(ns)  Path(ns)    Netlist Resource(s)
  -------------------------------------------------------------------    -------------------
    SLICE_X1Y21          FDRE                         0.000     0.000 r  oled/frame_counter_reg[6]/C
    SLICE_X1Y21          FDRE (Prop_fdre_C_Q)         0.459     0.459 r  oled/frame_counter_reg[6]/Q
                         net (fo=69, routed)          3.742     4.201    oled/frame_counter_reg[6]
    SLICE_X8Y25          LUT2 (Prop_lut2_I1_O)        0.150     4.351 r  oled/oled_data3_i_82/O
                         net (fo=12, routed)          2.207     6.558    oled/pixel_index[2]
    SLICE_X8Y20          LUT6 (Prop_lut6_I3_O)        0.328     6.886 r  oled/oled_data3_i_75/O
                         net (fo=1, routed)           0.000     6.886    oled/oled_data3_i_75_n_0
    SLICE_X8Y20          CARRY4 (Prop_carry4_S[3]_CO[3])
                                                      0.376     7.262 r  oled/oled_data3_i_43__0/CO[3]
                         net (fo=1, routed)           0.000     7.262    oled/oled_data3_i_43__0_n_0
    SLICE_X8Y21          CARRY4 (Prop_carry4_CI_CO[3])
                                                      0.117     7.379 r  oled/oled_data3_i_19/CO[3]
                         net (fo=1, routed)           0.000     7.379    oled/oled_data3_i_19_n_0
    SLICE_X8Y22          CARRY4 (Prop_carry4_CI_O[1])
                                                      0.323     7.702 f  oled/oled_data3_i_11/O[1]
                         net (fo=15, routed)          1.022     8.725    oled/oled_data3_i_11_n_6
    SLICE_X11Y20         LUT1 (Prop_lut1_I0_O)        0.306     9.031 r  oled/oled_data3_i_61/O
                         net (fo=1, routed)           0.000     9.031    oled/oled_data3_i_61_n_0
    SLICE_X11Y20         CARRY4 (Prop_carry4_S[1]_CO[3])
                                                      0.550     9.581 r  oled/oled_data3_i_31/CO[3]
                         net (fo=1, routed)           0.000     9.581    oled/oled_data3_i_31_n_0
    SLICE_X11Y21         CARRY4 (Prop_carry4_CI_O[0])
                                                      0.222     9.803 r  oled/oled_data3_i_16/O[0]
                         net (fo=3, routed)           0.983    10.786    oled/oled_data3_i_16_n_7
    SLICE_X12Y20         LUT5 (Prop_lut5_I2_O)        0.299    11.085 r  oled/oled_data3_i_66/O
                         net (fo=1, routed)           0.000    11.085    oled/oled_data3_i_66_n_0
    SLICE_X12Y20         CARRY4 (Prop_carry4_S[3]_CO[3])
                                                      0.376    11.461 r  oled/oled_data3_i_36/CO[3]
                         net (fo=1, routed)           0.000    11.461    oled/oled_data3_i_36_n_0
    SLICE_X12Y21         CARRY4 (Prop_carry4_CI_CO[2])
                                                      0.229    11.690 r  oled/oled_data3_i_18/CO[2]
                         net (fo=8, routed)           1.270    12.960    oled/oled_data3_i_18_n_1
    SLICE_X7Y19          LUT6 (Prop_lut6_I2_O)        0.310    13.270 r  oled/oled_data3_i_13/O
                         net (fo=11, routed)          1.411    14.680    oled/oled_data3_i_13_n_0
    SLICE_X10Y16         LUT6 (Prop_lut6_I2_O)        0.124    14.804 r  oled/oled_data3_i_4/O
                         net (fo=10, routed)          1.468    16.272    task_1/A[6]
    DSP48_X0Y8           DSP48E1 (Prop_dsp48e1_A[9]_PCOUT[47])
                                                      4.036    20.308 r  task_1/oled_data3__0/PCOUT[47]
                         net (fo=1, routed)           0.002    20.310    task_1/oled_data3__0_n_106
    DSP48_X0Y9           DSP48E1 (Prop_dsp48e1_PCIN[47]_P[0])
                                                      1.518    21.828 r  task_1/oled_data3__1/P[0]
                         net (fo=2, routed)           1.338    23.166    task_1/oled_data3__1_n_105
    SLICE_X11Y15         LUT2 (Prop_lut2_I0_O)        0.124    23.290 r  task_1/spi_word[39]_i_277/O
                         net (fo=1, routed)           0.000    23.290    task_1/spi_word[39]_i_277_n_0
    SLICE_X11Y15         CARRY4 (Prop_carry4_S[1]_CO[3])
                                                      0.550    23.840 r  task_1/spi_word_reg[39]_i_256/CO[3]
                         net (fo=1, routed)           0.000    23.840    task_1/spi_word_reg[39]_i_256_n_0
    SLICE_X11Y16         CARRY4 (Prop_carry4_CI_O[1])
                                                      0.334    24.174 r  task_1/spi_word_reg[39]_i_227/O[1]
                         net (fo=1, routed)           0.834    25.008    task_1/spi_word_reg[39]_i_227_n_6
    SLICE_X12Y16         LUT2 (Prop_lut2_I1_O)        0.303    25.311 r  task_1/spi_word[39]_i_179/O
                         net (fo=1, routed)           0.000    25.311    task_1/spi_word[39]_i_179_n_0
    SLICE_X12Y16         CARRY4 (Prop_carry4_S[1]_CO[3])
                                                      0.533    25.844 r  task_1/spi_word_reg[39]_i_146/CO[3]
                         net (fo=1, routed)           0.000    25.844    task_1/spi_word_reg[39]_i_146_n_0
    SLICE_X12Y17         CARRY4 (Prop_carry4_CI_O[0])
                                                      0.219    26.063 f  task_1/spi_word_reg[39]_i_181/O[0]
                         net (fo=1, routed)           0.791    26.853    task_1/spi_word_reg[39]_i_181_n_7
    SLICE_X14Y17         LUT4 (Prop_lut4_I2_O)        0.295    27.148 f  task_1/spi_word[39]_i_149/O
                         net (fo=1, routed)           0.452    27.600    task_1/spi_word[39]_i_149_n_0
    SLICE_X14Y17         LUT5 (Prop_lut5_I4_O)        0.124    27.724 f  task_1/spi_word[39]_i_105/O
                         net (fo=1, routed)           0.646    28.371    task_1/spi_word[39]_i_105_n_0
    SLICE_X13Y12         LUT6 (Prop_lut6_I1_O)        0.124    28.495 f  task_1/spi_word[39]_i_55/O
                         net (fo=1, routed)           0.401    28.896    task_1/spi_word[39]_i_55_n_0
    SLICE_X13Y11         LUT5 (Prop_lut5_I4_O)        0.124    29.020 r  task_1/spi_word[39]_i_24/O
                         net (fo=3, routed)           0.899    29.919    oled/spi_word[33]_i_5_0
    SLICE_X7Y17          LUT6 (Prop_lut6_I5_O)        0.124    30.043 f  oled/spi_word[33]_i_7/O
                         net (fo=1, routed)           1.217    31.260    oled/spi_word[33]_i_7_n_0
    SLICE_X7Y30          LUT6 (Prop_lut6_I2_O)        0.124    31.384 r  oled/spi_word[33]_i_5/O
                         net (fo=2, routed)           1.074    32.458    oled/spi_word[33]_i_5_n_0
    SLICE_X8Y31          LUT2 (Prop_lut2_I1_O)        0.124    32.582 r  oled/spi_word[31]_i_6/O
                         net (fo=2, routed)           0.823    33.405    calculatornator/spi_word_reg[31]_2
    SLICE_X8Y33          LUT6 (Prop_lut6_I5_O)        0.124    33.529 r  calculatornator/spi_word[31]_i_3/O
                         net (fo=1, routed)           0.811    34.340    oled/oled_data[0]
    SLICE_X10Y33         LUT6 (Prop_lut6_I4_O)        0.124    34.464 r  oled/spi_word[31]_i_1/O
                         net (fo=1, routed)           0.000    34.464    oled/spi_word[31]_i_1_n_0
    SLICE_X10Y33         FDRE                                         r  oled/spi_word_reg[31]/D
  -------------------------------------------------------------------    -------------------





Min Delay Paths
--------------------------------------------------------------------------------------
Slack:                    inf
  Source:                 oled/FSM_onehot_state_reg[1]/C
                            (rising edge-triggered cell FDRE)
  Destination:            oled/FSM_onehot_state_reg[4]/D
  Path Group:             (none)
  Path Type:              Min at Fast Process Corner
  Data Path Delay:        0.268ns  (logic 0.146ns (54.449%)  route 0.122ns (45.551%))
  Logic Levels:           1  (FDRE=1)

    Location             Delay type                Incr(ns)  Path(ns)    Netlist Resource(s)
  -------------------------------------------------------------------    -------------------
    SLICE_X13Y29         FDRE                         0.000     0.000 r  oled/FSM_onehot_state_reg[1]/C
    SLICE_X13Y29         FDRE (Prop_fdre_C_Q)         0.146     0.146 r  oled/FSM_onehot_state_reg[1]/Q
                         net (fo=3, routed)           0.122     0.268    oled/FSM_onehot_state_reg_n_0_[1]
    SLICE_X13Y29         FDRE                                         r  oled/FSM_onehot_state_reg[4]/D
  -------------------------------------------------------------------    -------------------

Slack:                    inf
  Source:                 oled/spi_word_reg[7]/C
                            (rising edge-triggered cell FDRE)
  Destination:            oled/spi_word_reg[8]/D
  Path Group:             (none)
  Path Type:              Min at Fast Process Corner
  Data Path Delay:        0.271ns  (logic 0.191ns (70.453%)  route 0.080ns (29.547%))
  Logic Levels:           2  (FDRE=1 LUT6=1)

    Location             Delay type                Incr(ns)  Path(ns)    Netlist Resource(s)
  -------------------------------------------------------------------    -------------------
    SLICE_X13Y30         FDRE                         0.000     0.000 r  oled/spi_word_reg[7]/C
    SLICE_X13Y30         FDRE (Prop_fdre_C_Q)         0.146     0.146 r  oled/spi_word_reg[7]/Q
                         net (fo=1, routed)           0.080     0.226    oled/spi_word__0[7]
    SLICE_X12Y30         LUT6 (Prop_lut6_I5_O)        0.045     0.271 r  oled/spi_word[8]_i_1/O
                         net (fo=1, routed)           0.000     0.271    oled/spi_word[8]_i_1_n_0
    SLICE_X12Y30         FDRE                                         r  oled/spi_word_reg[8]/D
  -------------------------------------------------------------------    -------------------

Slack:                    inf
  Source:                 oled/FSM_onehot_state_reg[15]/C
                            (rising edge-triggered cell FDRE)
  Destination:            oled/FSM_onehot_state_reg[10]/D
  Path Group:             (none)
  Path Type:              Min at Fast Process Corner
  Data Path Delay:        0.271ns  (logic 0.146ns (53.784%)  route 0.125ns (46.216%))
  Logic Levels:           1  (FDRE=1)

    Location             Delay type                Incr(ns)  Path(ns)    Netlist Resource(s)
  -------------------------------------------------------------------    -------------------
    SLICE_X13Y27         FDRE                         0.000     0.000 r  oled/FSM_onehot_state_reg[15]/C
    SLICE_X13Y27         FDRE (Prop_fdre_C_Q)         0.146     0.146 r  oled/FSM_onehot_state_reg[15]/Q
                         net (fo=3, routed)           0.125     0.271    oled/FSM_onehot_state_reg_n_0_[15]
    SLICE_X13Y29         FDRE                                         r  oled/FSM_onehot_state_reg[10]/D
  -------------------------------------------------------------------    -------------------

Slack:                    inf
  Source:                 oled/spi_word_reg[16]/C
                            (rising edge-triggered cell FDRE)
  Destination:            oled/spi_word_reg[17]/D
  Path Group:             (none)
  Path Type:              Min at Fast Process Corner
  Data Path Delay:        0.278ns  (logic 0.191ns (68.679%)  route 0.087ns (31.321%))
  Logic Levels:           2  (FDRE=1 LUT4=1)

    Location             Delay type                Incr(ns)  Path(ns)    Netlist Resource(s)
  -------------------------------------------------------------------    -------------------
    SLICE_X11Y30         FDRE                         0.000     0.000 r  oled/spi_word_reg[16]/C
    SLICE_X11Y30         FDRE (Prop_fdre_C_Q)         0.146     0.146 r  oled/spi_word_reg[16]/Q
                         net (fo=1, routed)           0.087     0.233    oled/spi_word__0[16]
    SLICE_X10Y30         LUT4 (Prop_lut4_I3_O)        0.045     0.278 r  oled/spi_word[17]_i_1/O
                         net (fo=1, routed)           0.000     0.278    oled/spi_word[17]_i_1_n_0
    SLICE_X10Y30         FDRE                                         r  oled/spi_word_reg[17]/D
  -------------------------------------------------------------------    -------------------

Slack:                    inf
  Source:                 oled/spi_word_reg[30]/C
                            (rising edge-triggered cell FDRE)
  Destination:            oled/spi_word_reg[31]/D
  Path Group:             (none)
  Path Type:              Min at Fast Process Corner
  Data Path Delay:        0.282ns  (logic 0.191ns (67.706%)  route 0.091ns (32.294%))
  Logic Levels:           2  (FDRE=1 LUT6=1)

    Location             Delay type                Incr(ns)  Path(ns)    Netlist Resource(s)
  -------------------------------------------------------------------    -------------------
    SLICE_X11Y33         FDRE                         0.000     0.000 r  oled/spi_word_reg[30]/C
    SLICE_X11Y33         FDRE (Prop_fdre_C_Q)         0.146     0.146 r  oled/spi_word_reg[30]/Q
                         net (fo=1, routed)           0.091     0.237    oled/spi_word__0[30]
    SLICE_X10Y33         LUT6 (Prop_lut6_I0_O)        0.045     0.282 r  oled/spi_word[31]_i_1/O
                         net (fo=1, routed)           0.000     0.282    oled/spi_word[31]_i_1_n_0
    SLICE_X10Y33         FDRE                                         r  oled/spi_word_reg[31]/D
  -------------------------------------------------------------------    -------------------

Slack:                    inf
  Source:                 oled/spi_word_reg[29]/C
                            (rising edge-triggered cell FDRE)
  Destination:            oled/spi_word_reg[30]/D
  Path Group:             (none)
  Path Type:              Min at Fast Process Corner
  Data Path Delay:        0.294ns  (logic 0.212ns (72.083%)  route 0.082ns (27.917%))
  Logic Levels:           2  (FDRE=1 LUT6=1)

    Location             Delay type                Incr(ns)  Path(ns)    Netlist Resource(s)
  -------------------------------------------------------------------    -------------------
    SLICE_X10Y33         FDRE                         0.000     0.000 r  oled/spi_word_reg[29]/C
    SLICE_X10Y33         FDRE (Prop_fdre_C_Q)         0.167     0.167 r  oled/spi_word_reg[29]/Q
                         net (fo=1, routed)           0.082     0.249    oled/spi_word__0[29]
    SLICE_X11Y33         LUT6 (Prop_lut6_I0_O)        0.045     0.294 r  oled/spi_word[30]_i_1/O
                         net (fo=1, routed)           0.000     0.294    oled/spi_word[30]_i_1_n_0
    SLICE_X11Y33         FDRE                                         r  oled/spi_word_reg[30]/D
  -------------------------------------------------------------------    -------------------

Slack:                    inf
  Source:                 oled/FSM_onehot_state_reg[25]/C
                            (rising edge-triggered cell FDRE)
  Destination:            oled/FSM_onehot_state_reg[24]/D
  Path Group:             (none)
  Path Type:              Min at Fast Process Corner
  Data Path Delay:        0.298ns  (logic 0.167ns (56.043%)  route 0.131ns (43.957%))
  Logic Levels:           1  (FDRE=1)

    Location             Delay type                Incr(ns)  Path(ns)    Netlist Resource(s)
  -------------------------------------------------------------------    -------------------
    SLICE_X12Y28         FDRE                         0.000     0.000 r  oled/FSM_onehot_state_reg[25]/C
    SLICE_X12Y28         FDRE (Prop_fdre_C_Q)         0.167     0.167 r  oled/FSM_onehot_state_reg[25]/Q
                         net (fo=4, routed)           0.131     0.298    oled/FSM_onehot_state_reg_n_0_[25]
    SLICE_X12Y27         FDRE                                         r  oled/FSM_onehot_state_reg[24]/D
  -------------------------------------------------------------------    -------------------

Slack:                    inf
  Source:                 oled/spi_word_reg[20]/C
                            (rising edge-triggered cell FDRE)
  Destination:            oled/spi_word_reg[21]/D
  Path Group:             (none)
  Path Type:              Min at Fast Process Corner
  Data Path Delay:        0.306ns  (logic 0.249ns (81.304%)  route 0.057ns (18.696%))
  Logic Levels:           2  (FDRE=1 LUT4=1)

    Location             Delay type                Incr(ns)  Path(ns)    Netlist Resource(s)
  -------------------------------------------------------------------    -------------------
    SLICE_X10Y31         FDRE                         0.000     0.000 r  oled/spi_word_reg[20]/C
    SLICE_X10Y31         FDRE (Prop_fdre_C_Q)         0.151     0.151 r  oled/spi_word_reg[20]/Q
                         net (fo=1, routed)           0.057     0.208    oled/spi_word__0[20]
    SLICE_X10Y31         LUT4 (Prop_lut4_I0_O)        0.098     0.306 r  oled/spi_word[21]_i_1/O
                         net (fo=1, routed)           0.000     0.306    oled/spi_word[21]_i_1_n_0
    SLICE_X10Y31         FDRE                                         r  oled/spi_word_reg[21]/D
  -------------------------------------------------------------------    -------------------

Slack:                    inf
  Source:                 oled/FSM_onehot_state_reg[16]/C
                            (rising edge-triggered cell FDRE)
  Destination:            oled/FSM_onehot_state_reg[17]/D
  Path Group:             (none)
  Path Type:              Min at Fast Process Corner
  Data Path Delay:        0.337ns  (logic 0.146ns (43.350%)  route 0.191ns (56.650%))
  Logic Levels:           1  (FDRE=1)

    Location             Delay type                Incr(ns)  Path(ns)    Netlist Resource(s)
  -------------------------------------------------------------------    -------------------
    SLICE_X15Y27         FDRE                         0.000     0.000 r  oled/FSM_onehot_state_reg[16]/C
    SLICE_X15Y27         FDRE (Prop_fdre_C_Q)         0.146     0.146 r  oled/FSM_onehot_state_reg[16]/Q
                         net (fo=3, routed)           0.191     0.337    oled/FSM_onehot_state_reg_n_0_[16]
    SLICE_X15Y27         FDRE                                         r  oled/FSM_onehot_state_reg[17]/D
  -------------------------------------------------------------------    -------------------

Slack:                    inf
  Source:                 oled/FSM_onehot_state_reg[10]/C
                            (rising edge-triggered cell FDRE)
  Destination:            oled/FSM_onehot_state_reg[8]/D
  Path Group:             (none)
  Path Type:              Min at Fast Process Corner
  Data Path Delay:        0.337ns  (logic 0.146ns (43.266%)  route 0.191ns (56.734%))
  Logic Levels:           1  (FDRE=1)

    Location             Delay type                Incr(ns)  Path(ns)    Netlist Resource(s)
  -------------------------------------------------------------------    -------------------
    SLICE_X13Y29         FDRE                         0.000     0.000 r  oled/FSM_onehot_state_reg[10]/C
    SLICE_X13Y29         FDRE (Prop_fdre_C_Q)         0.146     0.146 r  oled/FSM_onehot_state_reg[10]/Q
                         net (fo=4, routed)           0.191     0.337    oled/p_2_in
    SLICE_X13Y29         FDRE                                         r  oled/FSM_onehot_state_reg[8]/D
  -------------------------------------------------------------------    -------------------





--------------------------------------------------------------------------------------
Path Group:  (none)
From Clock:  sys_clk_pin
  To Clock:  

Max Delay            17 Endpoints
Min Delay            17 Endpoints
--------------------------------------------------------------------------------------


Max Delay Paths
--------------------------------------------------------------------------------------
Slack:                    inf
  Source:                 calculatornator/result_reg[0]/C
                            (rising edge-triggered cell FDRE clocked by sys_clk_pin  {rise@0.000ns fall@5.000ns period=10.000ns})
  Destination:            oled/spi_word_reg[32]/D
  Path Group:             (none)
  Path Type:              Max at Slow Process Corner
  Data Path Delay:        27.718ns  (logic 8.803ns (31.759%)  route 18.915ns (68.241%))
  Logic Levels:           31  (CARRY4=11 LUT1=1 LUT2=1 LUT3=3 LUT4=2 LUT5=3 LUT6=10)
  Clock Uncertainty:      0.025ns  ((TSJ^2 + TIJ^2)^1/2 + DJ) / 2 + PE
    Total System Jitter     (TSJ):    0.050ns
    Total Input Jitter      (TIJ):    0.000ns
    Discrete Jitter          (DJ):    0.000ns
    Phase Error              (PE):    0.000ns

    Location             Delay type                Incr(ns)  Path(ns)    Netlist Resource(s)
  -------------------------------------------------------------------    -------------------
                         (clock sys_clk_pin rise edge)
                                                      0.000     0.000 r  
    W5                                                0.000     0.000 r  CLOCK (IN)
                         net (fo=0)                   0.000     0.000    CLOCK
    W5                   IBUF (Prop_ibuf_I_O)         1.458     1.458 r  CLOCK_IBUF_inst/O
                         net (fo=1, routed)           1.967     3.425    CLOCK_IBUF
    BUFGCTRL_X0Y0        BUFG (Prop_bufg_I_O)         0.096     3.521 r  CLOCK_IBUF_BUFG_inst/O
                         net (fo=240, routed)         1.635     5.156    calculatornator/CLOCK_IBUF_BUFG
    SLICE_X7Y46          FDRE                                         r  calculatornator/result_reg[0]/C
  -------------------------------------------------------------------    -------------------
    SLICE_X7Y46          FDRE (Prop_fdre_C_Q)         0.456     5.612 f  calculatornator/result_reg[0]/Q
                         net (fo=19, routed)          1.626     7.238    calculatornator/Q[0]
    SLICE_X14Y49         LUT1 (Prop_lut1_I0_O)        0.150     7.388 r  calculatornator/spi_word[31]_i_260/O
                         net (fo=1, routed)           0.516     7.903    calculatornator/spi_word[31]_i_260_n_0
    SLICE_X12Y49         CARRY4 (Prop_carry4_CYINIT_CO[3])
                                                      0.799     8.702 r  calculatornator/spi_word_reg[31]_i_173/CO[3]
                         net (fo=1, routed)           0.001     8.703    calculatornator/spi_word_reg[31]_i_173_n_0
    SLICE_X12Y50         CARRY4 (Prop_carry4_CI_O[0])
                                                      0.219     8.922 r  calculatornator/spi_word_reg[31]_i_325/O[0]
                         net (fo=7, routed)           1.001     9.923    calculatornator/display_result0[5]
    SLICE_X11Y49         LUT5 (Prop_lut5_I4_O)        0.295    10.218 r  calculatornator/spi_word[31]_i_558/O
                         net (fo=1, routed)           0.000    10.218    calculatornator/spi_word[31]_i_558_n_0
    SLICE_X11Y49         CARRY4 (Prop_carry4_S[1]_CO[3])
                                                      0.550    10.768 r  calculatornator/spi_word_reg[31]_i_540/CO[3]
                         net (fo=1, routed)           0.001    10.769    calculatornator/spi_word_reg[31]_i_540_n_0
    SLICE_X11Y50         CARRY4 (Prop_carry4_CI_O[2])
                                                      0.239    11.008 r  calculatornator/spi_word_reg[31]_i_510/O[2]
                         net (fo=2, routed)           0.956    11.963    calculatornator/spi_word_reg[31]_i_510_n_5
    SLICE_X11Y47         LUT6 (Prop_lut6_I2_O)        0.302    12.265 r  calculatornator/spi_word[31]_i_509/O
                         net (fo=2, routed)           1.033    13.298    calculatornator/spi_word[31]_i_509_n_0
    SLICE_X14Y50         LUT5 (Prop_lut5_I0_O)        0.124    13.422 r  calculatornator/spi_word[31]_i_442/O
                         net (fo=2, routed)           0.990    14.412    calculatornator/spi_word[31]_i_442_n_0
    SLICE_X13Y50         LUT6 (Prop_lut6_I0_O)        0.124    14.536 r  calculatornator/spi_word[31]_i_446/O
                         net (fo=1, routed)           0.000    14.536    calculatornator/spi_word[31]_i_446_n_0
    SLICE_X13Y50         CARRY4 (Prop_carry4_S[2]_CO[3])
                                                      0.398    14.934 r  calculatornator/spi_word_reg[31]_i_357/CO[3]
                         net (fo=1, routed)           0.000    14.934    calculatornator/spi_word_reg[31]_i_357_n_0
    SLICE_X13Y51         CARRY4 (Prop_carry4_CI_CO[3])
                                                      0.114    15.048 r  calculatornator/spi_word_reg[31]_i_281/CO[3]
                         net (fo=1, routed)           0.000    15.048    calculatornator/spi_word_reg[31]_i_281_n_0
    SLICE_X13Y52         CARRY4 (Prop_carry4_CI_CO[3])
                                                      0.114    15.162 r  calculatornator/spi_word_reg[31]_i_342/CO[3]
                         net (fo=1, routed)           0.000    15.162    calculatornator/spi_word_reg[31]_i_342_n_0
    SLICE_X13Y53         CARRY4 (Prop_carry4_CI_O[0])
                                                      0.222    15.384 r  calculatornator/spi_word_reg[31]_i_408/O[0]
                         net (fo=12, routed)          1.304    16.687    calculatornator/spi_word_reg[31]_i_408_n_7
    SLICE_X8Y51          LUT3 (Prop_lut3_I1_O)        0.321    17.008 r  calculatornator/spi_word[31]_i_431/O
                         net (fo=1, routed)           0.382    17.391    calculatornator/spi_word[31]_i_431_n_0
    SLICE_X9Y51          CARRY4 (Prop_carry4_DI[0]_O[2])
                                                      0.760    18.151 r  calculatornator/spi_word_reg[31]_i_347/O[2]
                         net (fo=3, routed)           1.160    19.311    calculatornator/spi_word_reg[31]_i_347_n_5
    SLICE_X14Y51         LUT4 (Prop_lut4_I0_O)        0.302    19.613 r  calculatornator/spi_word[31]_i_421/O
                         net (fo=1, routed)           0.615    20.228    calculatornator/spi_word[31]_i_421_n_0
    SLICE_X10Y51         CARRY4 (Prop_carry4_DI[1]_CO[3])
                                                      0.520    20.748 r  calculatornator/spi_word_reg[31]_i_344/CO[3]
                         net (fo=1, routed)           0.000    20.748    calculatornator/spi_word_reg[31]_i_344_n_0
    SLICE_X10Y52         CARRY4 (Prop_carry4_CI_CO[0])
                                                      0.254    21.002 r  calculatornator/spi_word_reg[31]_i_278/CO[0]
                         net (fo=4, routed)           0.848    21.850    calculatornator/spi_word_reg[31]_i_278_n_3
    SLICE_X8Y52          LUT4 (Prop_lut4_I3_O)        0.393    22.243 r  calculatornator/spi_word[31]_i_343/O
                         net (fo=3, routed)           0.481    22.724    calculatornator/spi_word[31]_i_343_n_0
    SLICE_X8Y52          LUT6 (Prop_lut6_I0_O)        0.328    23.052 r  calculatornator/spi_word[31]_i_409/O
                         net (fo=4, routed)           0.828    23.880    calculatornator/spi_word[31]_i_409_n_0
    SLICE_X8Y53          LUT2 (Prop_lut2_I0_O)        0.146    24.026 r  calculatornator/spi_word[31]_i_339/O
                         net (fo=3, routed)           0.481    24.507    calculatornator/spi_word[31]_i_339_n_0
    SLICE_X8Y53          LUT6 (Prop_lut6_I3_O)        0.328    24.835 r  calculatornator/spi_word[31]_i_273/O
                         net (fo=3, routed)           1.028    25.863    calculatornator/spi_word[31]_i_273_n_0
    SLICE_X10Y53         LUT6 (Prop_lut6_I2_O)        0.124    25.987 f  calculatornator/spi_word[31]_i_189/O
                         net (fo=7, routed)           1.083    27.070    oled/spi_word[31]_i_101_0
    SLICE_X11Y43         LUT3 (Prop_lut3_I0_O)        0.119    27.189 r  oled/spi_word[31]_i_197/O
                         net (fo=1, routed)           0.812    28.001    calculatornator/spi_word[31]_i_36_3
    SLICE_X11Y44         LUT6 (Prop_lut6_I5_O)        0.332    28.333 r  calculatornator/spi_word[31]_i_104/O
                         net (fo=1, routed)           0.149    28.482    calculatornator/spi_word[31]_i_104_n_0
    SLICE_X11Y44         LUT6 (Prop_lut6_I5_O)        0.124    28.606 r  calculatornator/spi_word[31]_i_36/O
                         net (fo=1, routed)           0.476    29.082    calculatornator/spi_word[31]_i_36_n_0
    SLICE_X13Y46         LUT6 (Prop_lut6_I5_O)        0.124    29.206 r  calculatornator/spi_word[31]_i_10/O
                         net (fo=1, routed)           0.604    29.810    calculatornator/spi_word[31]_i_10_n_0
    SLICE_X10Y44         LUT6 (Prop_lut6_I3_O)        0.124    29.934 r  calculatornator/spi_word[31]_i_5/O
                         net (fo=3, routed)           1.219    31.153    calculatornator/spi_word[31]_i_5_n_0
    SLICE_X9Y33          LUT5 (Prop_lut5_I1_O)        0.124    31.277 r  calculatornator/spi_word[34]_i_3/O
                         net (fo=4, routed)           0.644    31.921    oled/oled_data[1]
    SLICE_X10Y33         LUT6 (Prop_lut6_I2_O)        0.124    32.045 r  oled/spi_word[32]_i_2/O
                         net (fo=1, routed)           0.680    32.725    oled/spi_word[32]_i_2_n_0
    SLICE_X10Y33         LUT3 (Prop_lut3_I2_O)        0.150    32.875 r  oled/spi_word[32]_i_1/O
                         net (fo=1, routed)           0.000    32.875    oled/spi_word[32]_i_1_n_0
    SLICE_X10Y33         FDRE                                         r  oled/spi_word_reg[32]/D
  -------------------------------------------------------------------    -------------------

Slack:                    inf
  Source:                 calculatornator/result_reg[0]/C
                            (rising edge-triggered cell FDRE clocked by sys_clk_pin  {rise@0.000ns fall@5.000ns period=10.000ns})
  Destination:            oled/spi_word_reg[30]/D
  Path Group:             (none)
  Path Type:              Max at Slow Process Corner
  Data Path Delay:        27.600ns  (logic 8.777ns (31.801%)  route 18.823ns (68.199%))
  Logic Levels:           31  (CARRY4=11 LUT1=1 LUT2=1 LUT3=2 LUT4=3 LUT5=3 LUT6=10)
  Clock Uncertainty:      0.025ns  ((TSJ^2 + TIJ^2)^1/2 + DJ) / 2 + PE
    Total System Jitter     (TSJ):    0.050ns
    Total Input Jitter      (TIJ):    0.000ns
    Discrete Jitter          (DJ):    0.000ns
    Phase Error              (PE):    0.000ns

    Location             Delay type                Incr(ns)  Path(ns)    Netlist Resource(s)
  -------------------------------------------------------------------    -------------------
                         (clock sys_clk_pin rise edge)
                                                      0.000     0.000 r  
    W5                                                0.000     0.000 r  CLOCK (IN)
                         net (fo=0)                   0.000     0.000    CLOCK
    W5                   IBUF (Prop_ibuf_I_O)         1.458     1.458 r  CLOCK_IBUF_inst/O
                         net (fo=1, routed)           1.967     3.425    CLOCK_IBUF
    BUFGCTRL_X0Y0        BUFG (Prop_bufg_I_O)         0.096     3.521 r  CLOCK_IBUF_BUFG_inst/O
                         net (fo=240, routed)         1.635     5.156    calculatornator/CLOCK_IBUF_BUFG
    SLICE_X7Y46          FDRE                                         r  calculatornator/result_reg[0]/C
  -------------------------------------------------------------------    -------------------
    SLICE_X7Y46          FDRE (Prop_fdre_C_Q)         0.456     5.612 f  calculatornator/result_reg[0]/Q
                         net (fo=19, routed)          1.626     7.238    calculatornator/Q[0]
    SLICE_X14Y49         LUT1 (Prop_lut1_I0_O)        0.150     7.388 r  calculatornator/spi_word[31]_i_260/O
                         net (fo=1, routed)           0.516     7.903    calculatornator/spi_word[31]_i_260_n_0
    SLICE_X12Y49         CARRY4 (Prop_carry4_CYINIT_CO[3])
                                                      0.799     8.702 r  calculatornator/spi_word_reg[31]_i_173/CO[3]
                         net (fo=1, routed)           0.001     8.703    calculatornator/spi_word_reg[31]_i_173_n_0
    SLICE_X12Y50         CARRY4 (Prop_carry4_CI_O[0])
                                                      0.219     8.922 r  calculatornator/spi_word_reg[31]_i_325/O[0]
                         net (fo=7, routed)           1.001     9.923    calculatornator/display_result0[5]
    SLICE_X11Y49         LUT5 (Prop_lut5_I4_O)        0.295    10.218 r  calculatornator/spi_word[31]_i_558/O
                         net (fo=1, routed)           0.000    10.218    calculatornator/spi_word[31]_i_558_n_0
    SLICE_X11Y49         CARRY4 (Prop_carry4_S[1]_CO[3])
                                                      0.550    10.768 r  calculatornator/spi_word_reg[31]_i_540/CO[3]
                         net (fo=1, routed)           0.001    10.769    calculatornator/spi_word_reg[31]_i_540_n_0
    SLICE_X11Y50         CARRY4 (Prop_carry4_CI_O[2])
                                                      0.239    11.008 r  calculatornator/spi_word_reg[31]_i_510/O[2]
                         net (fo=2, routed)           0.956    11.963    calculatornator/spi_word_reg[31]_i_510_n_5
    SLICE_X11Y47         LUT6 (Prop_lut6_I2_O)        0.302    12.265 r  calculatornator/spi_word[31]_i_509/O
                         net (fo=2, routed)           1.033    13.298    calculatornator/spi_word[31]_i_509_n_0
    SLICE_X14Y50         LUT5 (Prop_lut5_I0_O)        0.124    13.422 r  calculatornator/spi_word[31]_i_442/O
                         net (fo=2, routed)           0.990    14.412    calculatornator/spi_word[31]_i_442_n_0
    SLICE_X13Y50         LUT6 (Prop_lut6_I0_O)        0.124    14.536 r  calculatornator/spi_word[31]_i_446/O
                         net (fo=1, routed)           0.000    14.536    calculatornator/spi_word[31]_i_446_n_0
    SLICE_X13Y50         CARRY4 (Prop_carry4_S[2]_CO[3])
                                                      0.398    14.934 r  calculatornator/spi_word_reg[31]_i_357/CO[3]
                         net (fo=1, routed)           0.000    14.934    calculatornator/spi_word_reg[31]_i_357_n_0
    SLICE_X13Y51         CARRY4 (Prop_carry4_CI_CO[3])
                                                      0.114    15.048 r  calculatornator/spi_word_reg[31]_i_281/CO[3]
                         net (fo=1, routed)           0.000    15.048    calculatornator/spi_word_reg[31]_i_281_n_0
    SLICE_X13Y52         CARRY4 (Prop_carry4_CI_CO[3])
                                                      0.114    15.162 r  calculatornator/spi_word_reg[31]_i_342/CO[3]
                         net (fo=1, routed)           0.000    15.162    calculatornator/spi_word_reg[31]_i_342_n_0
    SLICE_X13Y53         CARRY4 (Prop_carry4_CI_O[0])
                                                      0.222    15.384 r  calculatornator/spi_word_reg[31]_i_408/O[0]
                         net (fo=12, routed)          1.304    16.687    calculatornator/spi_word_reg[31]_i_408_n_7
    SLICE_X8Y51          LUT3 (Prop_lut3_I1_O)        0.321    17.008 r  calculatornator/spi_word[31]_i_431/O
                         net (fo=1, routed)           0.382    17.391    calculatornator/spi_word[31]_i_431_n_0
    SLICE_X9Y51          CARRY4 (Prop_carry4_DI[0]_O[2])
                                                      0.760    18.151 r  calculatornator/spi_word_reg[31]_i_347/O[2]
                         net (fo=3, routed)           1.160    19.311    calculatornator/spi_word_reg[31]_i_347_n_5
    SLICE_X14Y51         LUT4 (Prop_lut4_I0_O)        0.302    19.613 r  calculatornator/spi_word[31]_i_421/O
                         net (fo=1, routed)           0.615    20.228    calculatornator/spi_word[31]_i_421_n_0
    SLICE_X10Y51         CARRY4 (Prop_carry4_DI[1]_CO[3])
                                                      0.520    20.748 r  calculatornator/spi_word_reg[31]_i_344/CO[3]
                         net (fo=1, routed)           0.000    20.748    calculatornator/spi_word_reg[31]_i_344_n_0
    SLICE_X10Y52         CARRY4 (Prop_carry4_CI_CO[0])
                                                      0.254    21.002 r  calculatornator/spi_word_reg[31]_i_278/CO[0]
                         net (fo=4, routed)           0.848    21.850    calculatornator/spi_word_reg[31]_i_278_n_3
    SLICE_X8Y52          LUT4 (Prop_lut4_I3_O)        0.393    22.243 r  calculatornator/spi_word[31]_i_343/O
                         net (fo=3, routed)           0.481    22.724    calculatornator/spi_word[31]_i_343_n_0
    SLICE_X8Y52          LUT6 (Prop_lut6_I0_O)        0.328    23.052 r  calculatornator/spi_word[31]_i_409/O
                         net (fo=4, routed)           0.828    23.880    calculatornator/spi_word[31]_i_409_n_0
    SLICE_X8Y53          LUT2 (Prop_lut2_I0_O)        0.146    24.026 r  calculatornator/spi_word[31]_i_339/O
                         net (fo=3, routed)           0.481    24.507    calculatornator/spi_word[31]_i_339_n_0
    SLICE_X8Y53          LUT6 (Prop_lut6_I3_O)        0.328    24.835 r  calculatornator/spi_word[31]_i_273/O
                         net (fo=3, routed)           1.028    25.863    calculatornator/spi_word[31]_i_273_n_0
    SLICE_X10Y53         LUT6 (Prop_lut6_I2_O)        0.124    25.987 f  calculatornator/spi_word[31]_i_189/O
                         net (fo=7, routed)           1.083    27.070    oled/spi_word[31]_i_101_0
    SLICE_X11Y43         LUT3 (Prop_lut3_I0_O)        0.119    27.189 r  oled/spi_word[31]_i_197/O
                         net (fo=1, routed)           0.812    28.001    calculatornator/spi_word[31]_i_36_3
    SLICE_X11Y44         LUT6 (Prop_lut6_I5_O)        0.332    28.333 r  calculatornator/spi_word[31]_i_104/O
                         net (fo=1, routed)           0.149    28.482    calculatornator/spi_word[31]_i_104_n_0
    SLICE_X11Y44         LUT6 (Prop_lut6_I5_O)        0.124    28.606 r  calculatornator/spi_word[31]_i_36/O
                         net (fo=1, routed)           0.476    29.082    calculatornator/spi_word[31]_i_36_n_0
    SLICE_X13Y46         LUT6 (Prop_lut6_I5_O)        0.124    29.206 r  calculatornator/spi_word[31]_i_10/O
                         net (fo=1, routed)           0.604    29.810    calculatornator/spi_word[31]_i_10_n_0
    SLICE_X10Y44         LUT6 (Prop_lut6_I3_O)        0.124    29.934 r  calculatornator/spi_word[31]_i_5/O
                         net (fo=3, routed)           1.219    31.153    calculatornator/spi_word[31]_i_5_n_0
    SLICE_X9Y33          LUT5 (Prop_lut5_I1_O)        0.124    31.277 r  calculatornator/spi_word[34]_i_3/O
                         net (fo=4, routed)           0.798    32.075    oled/oled_data[1]
    SLICE_X11Y33         LUT4 (Prop_lut4_I2_O)        0.124    32.199 r  oled/spi_word[30]_i_3/O
                         net (fo=1, routed)           0.433    32.632    oled/spi_word[30]_i_3_n_0
    SLICE_X11Y33         LUT6 (Prop_lut6_I3_O)        0.124    32.756 r  oled/spi_word[30]_i_1/O
                         net (fo=1, routed)           0.000    32.756    oled/spi_word[30]_i_1_n_0
    SLICE_X11Y33         FDRE                                         r  oled/spi_word_reg[30]/D
  -------------------------------------------------------------------    -------------------

Slack:                    inf
  Source:                 calculatornator/result_reg[0]/C
                            (rising edge-triggered cell FDRE clocked by sys_clk_pin  {rise@0.000ns fall@5.000ns period=10.000ns})
  Destination:            oled/spi_word_reg[29]/D
  Path Group:             (none)
  Path Type:              Max at Slow Process Corner
  Data Path Delay:        27.547ns  (logic 8.777ns (31.862%)  route 18.770ns (68.138%))
  Logic Levels:           31  (CARRY4=11 LUT1=1 LUT2=1 LUT3=3 LUT4=2 LUT5=3 LUT6=10)
  Clock Uncertainty:      0.025ns  ((TSJ^2 + TIJ^2)^1/2 + DJ) / 2 + PE
    Total System Jitter     (TSJ):    0.050ns
    Total Input Jitter      (TIJ):    0.000ns
    Discrete Jitter          (DJ):    0.000ns
    Phase Error              (PE):    0.000ns

    Location             Delay type                Incr(ns)  Path(ns)    Netlist Resource(s)
  -------------------------------------------------------------------    -------------------
                         (clock sys_clk_pin rise edge)
                                                      0.000     0.000 r  
    W5                                                0.000     0.000 r  CLOCK (IN)
                         net (fo=0)                   0.000     0.000    CLOCK
    W5                   IBUF (Prop_ibuf_I_O)         1.458     1.458 r  CLOCK_IBUF_inst/O
                         net (fo=1, routed)           1.967     3.425    CLOCK_IBUF
    BUFGCTRL_X0Y0        BUFG (Prop_bufg_I_O)         0.096     3.521 r  CLOCK_IBUF_BUFG_inst/O
                         net (fo=240, routed)         1.635     5.156    calculatornator/CLOCK_IBUF_BUFG
    SLICE_X7Y46          FDRE                                         r  calculatornator/result_reg[0]/C
  -------------------------------------------------------------------    -------------------
    SLICE_X7Y46          FDRE (Prop_fdre_C_Q)         0.456     5.612 f  calculatornator/result_reg[0]/Q
                         net (fo=19, routed)          1.626     7.238    calculatornator/Q[0]
    SLICE_X14Y49         LUT1 (Prop_lut1_I0_O)        0.150     7.388 r  calculatornator/spi_word[31]_i_260/O
                         net (fo=1, routed)           0.516     7.903    calculatornator/spi_word[31]_i_260_n_0
    SLICE_X12Y49         CARRY4 (Prop_carry4_CYINIT_CO[3])
                                                      0.799     8.702 r  calculatornator/spi_word_reg[31]_i_173/CO[3]
                         net (fo=1, routed)           0.001     8.703    calculatornator/spi_word_reg[31]_i_173_n_0
    SLICE_X12Y50         CARRY4 (Prop_carry4_CI_O[0])
                                                      0.219     8.922 r  calculatornator/spi_word_reg[31]_i_325/O[0]
                         net (fo=7, routed)           1.001     9.923    calculatornator/display_result0[5]
    SLICE_X11Y49         LUT5 (Prop_lut5_I4_O)        0.295    10.218 r  calculatornator/spi_word[31]_i_558/O
                         net (fo=1, routed)           0.000    10.218    calculatornator/spi_word[31]_i_558_n_0
    SLICE_X11Y49         CARRY4 (Prop_carry4_S[1]_CO[3])
                                                      0.550    10.768 r  calculatornator/spi_word_reg[31]_i_540/CO[3]
                         net (fo=1, routed)           0.001    10.769    calculatornator/spi_word_reg[31]_i_540_n_0
    SLICE_X11Y50         CARRY4 (Prop_carry4_CI_O[2])
                                                      0.239    11.008 r  calculatornator/spi_word_reg[31]_i_510/O[2]
                         net (fo=2, routed)           0.956    11.963    calculatornator/spi_word_reg[31]_i_510_n_5
    SLICE_X11Y47         LUT6 (Prop_lut6_I2_O)        0.302    12.265 r  calculatornator/spi_word[31]_i_509/O
                         net (fo=2, routed)           1.033    13.298    calculatornator/spi_word[31]_i_509_n_0
    SLICE_X14Y50         LUT5 (Prop_lut5_I0_O)        0.124    13.422 r  calculatornator/spi_word[31]_i_442/O
                         net (fo=2, routed)           0.990    14.412    calculatornator/spi_word[31]_i_442_n_0
    SLICE_X13Y50         LUT6 (Prop_lut6_I0_O)        0.124    14.536 r  calculatornator/spi_word[31]_i_446/O
                         net (fo=1, routed)           0.000    14.536    calculatornator/spi_word[31]_i_446_n_0
    SLICE_X13Y50         CARRY4 (Prop_carry4_S[2]_CO[3])
                                                      0.398    14.934 r  calculatornator/spi_word_reg[31]_i_357/CO[3]
                         net (fo=1, routed)           0.000    14.934    calculatornator/spi_word_reg[31]_i_357_n_0
    SLICE_X13Y51         CARRY4 (Prop_carry4_CI_CO[3])
                                                      0.114    15.048 r  calculatornator/spi_word_reg[31]_i_281/CO[3]
                         net (fo=1, routed)           0.000    15.048    calculatornator/spi_word_reg[31]_i_281_n_0
    SLICE_X13Y52         CARRY4 (Prop_carry4_CI_CO[3])
                                                      0.114    15.162 r  calculatornator/spi_word_reg[31]_i_342/CO[3]
                         net (fo=1, routed)           0.000    15.162    calculatornator/spi_word_reg[31]_i_342_n_0
    SLICE_X13Y53         CARRY4 (Prop_carry4_CI_O[0])
                                                      0.222    15.384 r  calculatornator/spi_word_reg[31]_i_408/O[0]
                         net (fo=12, routed)          1.304    16.687    calculatornator/spi_word_reg[31]_i_408_n_7
    SLICE_X8Y51          LUT3 (Prop_lut3_I1_O)        0.321    17.008 r  calculatornator/spi_word[31]_i_431/O
                         net (fo=1, routed)           0.382    17.391    calculatornator/spi_word[31]_i_431_n_0
    SLICE_X9Y51          CARRY4 (Prop_carry4_DI[0]_O[2])
                                                      0.760    18.151 r  calculatornator/spi_word_reg[31]_i_347/O[2]
                         net (fo=3, routed)           1.160    19.311    calculatornator/spi_word_reg[31]_i_347_n_5
    SLICE_X14Y51         LUT4 (Prop_lut4_I0_O)        0.302    19.613 r  calculatornator/spi_word[31]_i_421/O
                         net (fo=1, routed)           0.615    20.228    calculatornator/spi_word[31]_i_421_n_0
    SLICE_X10Y51         CARRY4 (Prop_carry4_DI[1]_CO[3])
                                                      0.520    20.748 r  calculatornator/spi_word_reg[31]_i_344/CO[3]
                         net (fo=1, routed)           0.000    20.748    calculatornator/spi_word_reg[31]_i_344_n_0
    SLICE_X10Y52         CARRY4 (Prop_carry4_CI_CO[0])
                                                      0.254    21.002 r  calculatornator/spi_word_reg[31]_i_278/CO[0]
                         net (fo=4, routed)           0.848    21.850    calculatornator/spi_word_reg[31]_i_278_n_3
    SLICE_X8Y52          LUT4 (Prop_lut4_I3_O)        0.393    22.243 r  calculatornator/spi_word[31]_i_343/O
                         net (fo=3, routed)           0.481    22.724    calculatornator/spi_word[31]_i_343_n_0
    SLICE_X8Y52          LUT6 (Prop_lut6_I0_O)        0.328    23.052 r  calculatornator/spi_word[31]_i_409/O
                         net (fo=4, routed)           0.828    23.880    calculatornator/spi_word[31]_i_409_n_0
    SLICE_X8Y53          LUT2 (Prop_lut2_I0_O)        0.146    24.026 r  calculatornator/spi_word[31]_i_339/O
                         net (fo=3, routed)           0.481    24.507    calculatornator/spi_word[31]_i_339_n_0
    SLICE_X8Y53          LUT6 (Prop_lut6_I3_O)        0.328    24.835 r  calculatornator/spi_word[31]_i_273/O
                         net (fo=3, routed)           1.028    25.863    calculatornator/spi_word[31]_i_273_n_0
    SLICE_X10Y53         LUT6 (Prop_lut6_I2_O)        0.124    25.987 f  calculatornator/spi_word[31]_i_189/O
                         net (fo=7, routed)           1.083    27.070    oled/spi_word[31]_i_101_0
    SLICE_X11Y43         LUT3 (Prop_lut3_I0_O)        0.119    27.189 r  oled/spi_word[31]_i_197/O
                         net (fo=1, routed)           0.812    28.001    calculatornator/spi_word[31]_i_36_3
    SLICE_X11Y44         LUT6 (Prop_lut6_I5_O)        0.332    28.333 r  calculatornator/spi_word[31]_i_104/O
                         net (fo=1, routed)           0.149    28.482    calculatornator/spi_word[31]_i_104_n_0
    SLICE_X11Y44         LUT6 (Prop_lut6_I5_O)        0.124    28.606 r  calculatornator/spi_word[31]_i_36/O
                         net (fo=1, routed)           0.476    29.082    calculatornator/spi_word[31]_i_36_n_0
    SLICE_X13Y46         LUT6 (Prop_lut6_I5_O)        0.124    29.206 r  calculatornator/spi_word[31]_i_10/O
                         net (fo=1, routed)           0.604    29.810    calculatornator/spi_word[31]_i_10_n_0
    SLICE_X10Y44         LUT6 (Prop_lut6_I3_O)        0.124    29.934 r  calculatornator/spi_word[31]_i_5/O
                         net (fo=3, routed)           1.219    31.153    calculatornator/spi_word[31]_i_5_n_0
    SLICE_X9Y33          LUT5 (Prop_lut5_I1_O)        0.124    31.277 r  calculatornator/spi_word[34]_i_3/O
                         net (fo=4, routed)           0.695    31.972    oled/oled_data[1]
    SLICE_X10Y33         LUT6 (Prop_lut6_I0_O)        0.124    32.096 r  oled/spi_word[29]_i_2/O
                         net (fo=1, routed)           0.483    32.579    oled/spi_word[29]_i_2_n_0
    SLICE_X10Y33         LUT3 (Prop_lut3_I2_O)        0.124    32.703 r  oled/spi_word[29]_i_1/O
                         net (fo=1, routed)           0.000    32.703    oled/spi_word[29]_i_1_n_0
    SLICE_X10Y33         FDRE                                         r  oled/spi_word_reg[29]/D
  -------------------------------------------------------------------    -------------------

Slack:                    inf
  Source:                 calculatornator/result_reg[0]/C
                            (rising edge-triggered cell FDRE clocked by sys_clk_pin  {rise@0.000ns fall@5.000ns period=10.000ns})
  Destination:            oled/spi_word_reg[34]/D
  Path Group:             (none)
  Path Type:              Max at Slow Process Corner
  Data Path Delay:        27.215ns  (logic 8.777ns (32.251%)  route 18.438ns (67.749%))
  Logic Levels:           31  (CARRY4=11 LUT1=1 LUT2=1 LUT3=3 LUT4=2 LUT5=3 LUT6=10)
  Clock Uncertainty:      0.025ns  ((TSJ^2 + TIJ^2)^1/2 + DJ) / 2 + PE
    Total System Jitter     (TSJ):    0.050ns
    Total Input Jitter      (TIJ):    0.000ns
    Discrete Jitter          (DJ):    0.000ns
    Phase Error              (PE):    0.000ns

    Location             Delay type                Incr(ns)  Path(ns)    Netlist Resource(s)
  -------------------------------------------------------------------    -------------------
                         (clock sys_clk_pin rise edge)
                                                      0.000     0.000 r  
    W5                                                0.000     0.000 r  CLOCK (IN)
                         net (fo=0)                   0.000     0.000    CLOCK
    W5                   IBUF (Prop_ibuf_I_O)         1.458     1.458 r  CLOCK_IBUF_inst/O
                         net (fo=1, routed)           1.967     3.425    CLOCK_IBUF
    BUFGCTRL_X0Y0        BUFG (Prop_bufg_I_O)         0.096     3.521 r  CLOCK_IBUF_BUFG_inst/O
                         net (fo=240, routed)         1.635     5.156    calculatornator/CLOCK_IBUF_BUFG
    SLICE_X7Y46          FDRE                                         r  calculatornator/result_reg[0]/C
  -------------------------------------------------------------------    -------------------
    SLICE_X7Y46          FDRE (Prop_fdre_C_Q)         0.456     5.612 f  calculatornator/result_reg[0]/Q
                         net (fo=19, routed)          1.626     7.238    calculatornator/Q[0]
    SLICE_X14Y49         LUT1 (Prop_lut1_I0_O)        0.150     7.388 r  calculatornator/spi_word[31]_i_260/O
                         net (fo=1, routed)           0.516     7.903    calculatornator/spi_word[31]_i_260_n_0
    SLICE_X12Y49         CARRY4 (Prop_carry4_CYINIT_CO[3])
                                                      0.799     8.702 r  calculatornator/spi_word_reg[31]_i_173/CO[3]
                         net (fo=1, routed)           0.001     8.703    calculatornator/spi_word_reg[31]_i_173_n_0
    SLICE_X12Y50         CARRY4 (Prop_carry4_CI_O[0])
                                                      0.219     8.922 r  calculatornator/spi_word_reg[31]_i_325/O[0]
                         net (fo=7, routed)           1.001     9.923    calculatornator/display_result0[5]
    SLICE_X11Y49         LUT5 (Prop_lut5_I4_O)        0.295    10.218 r  calculatornator/spi_word[31]_i_558/O
                         net (fo=1, routed)           0.000    10.218    calculatornator/spi_word[31]_i_558_n_0
    SLICE_X11Y49         CARRY4 (Prop_carry4_S[1]_CO[3])
                                                      0.550    10.768 r  calculatornator/spi_word_reg[31]_i_540/CO[3]
                         net (fo=1, routed)           0.001    10.769    calculatornator/spi_word_reg[31]_i_540_n_0
    SLICE_X11Y50         CARRY4 (Prop_carry4_CI_O[2])
                                                      0.239    11.008 r  calculatornator/spi_word_reg[31]_i_510/O[2]
                         net (fo=2, routed)           0.956    11.963    calculatornator/spi_word_reg[31]_i_510_n_5
    SLICE_X11Y47         LUT6 (Prop_lut6_I2_O)        0.302    12.265 r  calculatornator/spi_word[31]_i_509/O
                         net (fo=2, routed)           1.033    13.298    calculatornator/spi_word[31]_i_509_n_0
    SLICE_X14Y50         LUT5 (Prop_lut5_I0_O)        0.124    13.422 r  calculatornator/spi_word[31]_i_442/O
                         net (fo=2, routed)           0.990    14.412    calculatornator/spi_word[31]_i_442_n_0
    SLICE_X13Y50         LUT6 (Prop_lut6_I0_O)        0.124    14.536 r  calculatornator/spi_word[31]_i_446/O
                         net (fo=1, routed)           0.000    14.536    calculatornator/spi_word[31]_i_446_n_0
    SLICE_X13Y50         CARRY4 (Prop_carry4_S[2]_CO[3])
                                                      0.398    14.934 r  calculatornator/spi_word_reg[31]_i_357/CO[3]
                         net (fo=1, routed)           0.000    14.934    calculatornator/spi_word_reg[31]_i_357_n_0
    SLICE_X13Y51         CARRY4 (Prop_carry4_CI_CO[3])
                                                      0.114    15.048 r  calculatornator/spi_word_reg[31]_i_281/CO[3]
                         net (fo=1, routed)           0.000    15.048    calculatornator/spi_word_reg[31]_i_281_n_0
    SLICE_X13Y52         CARRY4 (Prop_carry4_CI_CO[3])
                                                      0.114    15.162 r  calculatornator/spi_word_reg[31]_i_342/CO[3]
                         net (fo=1, routed)           0.000    15.162    calculatornator/spi_word_reg[31]_i_342_n_0
    SLICE_X13Y53         CARRY4 (Prop_carry4_CI_O[0])
                                                      0.222    15.384 r  calculatornator/spi_word_reg[31]_i_408/O[0]
                         net (fo=12, routed)          1.304    16.687    calculatornator/spi_word_reg[31]_i_408_n_7
    SLICE_X8Y51          LUT3 (Prop_lut3_I1_O)        0.321    17.008 r  calculatornator/spi_word[31]_i_431/O
                         net (fo=1, routed)           0.382    17.391    calculatornator/spi_word[31]_i_431_n_0
    SLICE_X9Y51          CARRY4 (Prop_carry4_DI[0]_O[2])
                                                      0.760    18.151 r  calculatornator/spi_word_reg[31]_i_347/O[2]
                         net (fo=3, routed)           1.160    19.311    calculatornator/spi_word_reg[31]_i_347_n_5
    SLICE_X14Y51         LUT4 (Prop_lut4_I0_O)        0.302    19.613 r  calculatornator/spi_word[31]_i_421/O
                         net (fo=1, routed)           0.615    20.228    calculatornator/spi_word[31]_i_421_n_0
    SLICE_X10Y51         CARRY4 (Prop_carry4_DI[1]_CO[3])
                                                      0.520    20.748 r  calculatornator/spi_word_reg[31]_i_344/CO[3]
                         net (fo=1, routed)           0.000    20.748    calculatornator/spi_word_reg[31]_i_344_n_0
    SLICE_X10Y52         CARRY4 (Prop_carry4_CI_CO[0])
                                                      0.254    21.002 r  calculatornator/spi_word_reg[31]_i_278/CO[0]
                         net (fo=4, routed)           0.848    21.850    calculatornator/spi_word_reg[31]_i_278_n_3
    SLICE_X8Y52          LUT4 (Prop_lut4_I3_O)        0.393    22.243 r  calculatornator/spi_word[31]_i_343/O
                         net (fo=3, routed)           0.481    22.724    calculatornator/spi_word[31]_i_343_n_0
    SLICE_X8Y52          LUT6 (Prop_lut6_I0_O)        0.328    23.052 r  calculatornator/spi_word[31]_i_409/O
                         net (fo=4, routed)           0.828    23.880    calculatornator/spi_word[31]_i_409_n_0
    SLICE_X8Y53          LUT2 (Prop_lut2_I0_O)        0.146    24.026 r  calculatornator/spi_word[31]_i_339/O
                         net (fo=3, routed)           0.481    24.507    calculatornator/spi_word[31]_i_339_n_0
    SLICE_X8Y53          LUT6 (Prop_lut6_I3_O)        0.328    24.835 r  calculatornator/spi_word[31]_i_273/O
                         net (fo=3, routed)           1.028    25.863    calculatornator/spi_word[31]_i_273_n_0
    SLICE_X10Y53         LUT6 (Prop_lut6_I2_O)        0.124    25.987 f  calculatornator/spi_word[31]_i_189/O
                         net (fo=7, routed)           1.083    27.070    oled/spi_word[31]_i_101_0
    SLICE_X11Y43         LUT3 (Prop_lut3_I0_O)        0.119    27.189 r  oled/spi_word[31]_i_197/O
                         net (fo=1, routed)           0.812    28.001    calculatornator/spi_word[31]_i_36_3
    SLICE_X11Y44         LUT6 (Prop_lut6_I5_O)        0.332    28.333 r  calculatornator/spi_word[31]_i_104/O
                         net (fo=1, routed)           0.149    28.482    calculatornator/spi_word[31]_i_104_n_0
    SLICE_X11Y44         LUT6 (Prop_lut6_I5_O)        0.124    28.606 r  calculatornator/spi_word[31]_i_36/O
                         net (fo=1, routed)           0.476    29.082    calculatornator/spi_word[31]_i_36_n_0
    SLICE_X13Y46         LUT6 (Prop_lut6_I5_O)        0.124    29.206 r  calculatornator/spi_word[31]_i_10/O
                         net (fo=1, routed)           0.604    29.810    calculatornator/spi_word[31]_i_10_n_0
    SLICE_X10Y44         LUT6 (Prop_lut6_I3_O)        0.124    29.934 r  calculatornator/spi_word[31]_i_5/O
                         net (fo=3, routed)           1.219    31.153    calculatornator/spi_word[31]_i_5_n_0
    SLICE_X9Y33          LUT5 (Prop_lut5_I1_O)        0.124    31.277 r  calculatornator/spi_word[34]_i_3/O
                         net (fo=4, routed)           0.445    31.722    oled/oled_data[1]
    SLICE_X9Y33          LUT6 (Prop_lut6_I0_O)        0.124    31.846 r  oled/spi_word[34]_i_2/O
                         net (fo=1, routed)           0.401    32.247    oled/spi_word[34]_i_2_n_0
    SLICE_X9Y32          LUT3 (Prop_lut3_I2_O)        0.124    32.371 r  oled/spi_word[34]_i_1/O
                         net (fo=1, routed)           0.000    32.371    oled/spi_word[34]_i_1_n_0
    SLICE_X9Y32          FDRE                                         r  oled/spi_word_reg[34]/D
  -------------------------------------------------------------------    -------------------

Slack:                    inf
  Source:                 calculatornator/result_reg[0]/C
                            (rising edge-triggered cell FDRE clocked by sys_clk_pin  {rise@0.000ns fall@5.000ns period=10.000ns})
  Destination:            oled/spi_word_reg[33]/D
  Path Group:             (none)
  Path Type:              Max at Slow Process Corner
  Data Path Delay:        27.133ns  (logic 8.777ns (32.348%)  route 18.356ns (67.652%))
  Logic Levels:           31  (CARRY4=11 LUT1=1 LUT2=1 LUT3=2 LUT4=2 LUT5=3 LUT6=11)
  Clock Uncertainty:      0.025ns  ((TSJ^2 + TIJ^2)^1/2 + DJ) / 2 + PE
    Total System Jitter     (TSJ):    0.050ns
    Total Input Jitter      (TIJ):    0.000ns
    Discrete Jitter          (DJ):    0.000ns
    Phase Error              (PE):    0.000ns

    Location             Delay type                Incr(ns)  Path(ns)    Netlist Resource(s)
  -------------------------------------------------------------------    -------------------
                         (clock sys_clk_pin rise edge)
                                                      0.000     0.000 r  
    W5                                                0.000     0.000 r  CLOCK (IN)
                         net (fo=0)                   0.000     0.000    CLOCK
    W5                   IBUF (Prop_ibuf_I_O)         1.458     1.458 r  CLOCK_IBUF_inst/O
                         net (fo=1, routed)           1.967     3.425    CLOCK_IBUF
    BUFGCTRL_X0Y0        BUFG (Prop_bufg_I_O)         0.096     3.521 r  CLOCK_IBUF_BUFG_inst/O
                         net (fo=240, routed)         1.635     5.156    calculatornator/CLOCK_IBUF_BUFG
    SLICE_X7Y46          FDRE                                         r  calculatornator/result_reg[0]/C
  -------------------------------------------------------------------    -------------------
    SLICE_X7Y46          FDRE (Prop_fdre_C_Q)         0.456     5.612 f  calculatornator/result_reg[0]/Q
                         net (fo=19, routed)          1.626     7.238    calculatornator/Q[0]
    SLICE_X14Y49         LUT1 (Prop_lut1_I0_O)        0.150     7.388 r  calculatornator/spi_word[31]_i_260/O
                         net (fo=1, routed)           0.516     7.903    calculatornator/spi_word[31]_i_260_n_0
    SLICE_X12Y49         CARRY4 (Prop_carry4_CYINIT_CO[3])
                                                      0.799     8.702 r  calculatornator/spi_word_reg[31]_i_173/CO[3]
                         net (fo=1, routed)           0.001     8.703    calculatornator/spi_word_reg[31]_i_173_n_0
    SLICE_X12Y50         CARRY4 (Prop_carry4_CI_O[0])
                                                      0.219     8.922 r  calculatornator/spi_word_reg[31]_i_325/O[0]
                         net (fo=7, routed)           1.001     9.923    calculatornator/display_result0[5]
    SLICE_X11Y49         LUT5 (Prop_lut5_I4_O)        0.295    10.218 r  calculatornator/spi_word[31]_i_558/O
                         net (fo=1, routed)           0.000    10.218    calculatornator/spi_word[31]_i_558_n_0
    SLICE_X11Y49         CARRY4 (Prop_carry4_S[1]_CO[3])
                                                      0.550    10.768 r  calculatornator/spi_word_reg[31]_i_540/CO[3]
                         net (fo=1, routed)           0.001    10.769    calculatornator/spi_word_reg[31]_i_540_n_0
    SLICE_X11Y50         CARRY4 (Prop_carry4_CI_O[2])
                                                      0.239    11.008 r  calculatornator/spi_word_reg[31]_i_510/O[2]
                         net (fo=2, routed)           0.956    11.963    calculatornator/spi_word_reg[31]_i_510_n_5
    SLICE_X11Y47         LUT6 (Prop_lut6_I2_O)        0.302    12.265 r  calculatornator/spi_word[31]_i_509/O
                         net (fo=2, routed)           1.033    13.298    calculatornator/spi_word[31]_i_509_n_0
    SLICE_X14Y50         LUT5 (Prop_lut5_I0_O)        0.124    13.422 r  calculatornator/spi_word[31]_i_442/O
                         net (fo=2, routed)           0.990    14.412    calculatornator/spi_word[31]_i_442_n_0
    SLICE_X13Y50         LUT6 (Prop_lut6_I0_O)        0.124    14.536 r  calculatornator/spi_word[31]_i_446/O
                         net (fo=1, routed)           0.000    14.536    calculatornator/spi_word[31]_i_446_n_0
    SLICE_X13Y50         CARRY4 (Prop_carry4_S[2]_CO[3])
                                                      0.398    14.934 r  calculatornator/spi_word_reg[31]_i_357/CO[3]
                         net (fo=1, routed)           0.000    14.934    calculatornator/spi_word_reg[31]_i_357_n_0
    SLICE_X13Y51         CARRY4 (Prop_carry4_CI_CO[3])
                                                      0.114    15.048 r  calculatornator/spi_word_reg[31]_i_281/CO[3]
                         net (fo=1, routed)           0.000    15.048    calculatornator/spi_word_reg[31]_i_281_n_0
    SLICE_X13Y52         CARRY4 (Prop_carry4_CI_CO[3])
                                                      0.114    15.162 r  calculatornator/spi_word_reg[31]_i_342/CO[3]
                         net (fo=1, routed)           0.000    15.162    calculatornator/spi_word_reg[31]_i_342_n_0
    SLICE_X13Y53         CARRY4 (Prop_carry4_CI_O[0])
                                                      0.222    15.384 r  calculatornator/spi_word_reg[31]_i_408/O[0]
                         net (fo=12, routed)          1.304    16.687    calculatornator/spi_word_reg[31]_i_408_n_7
    SLICE_X8Y51          LUT3 (Prop_lut3_I1_O)        0.321    17.008 r  calculatornator/spi_word[31]_i_431/O
                         net (fo=1, routed)           0.382    17.391    calculatornator/spi_word[31]_i_431_n_0
    SLICE_X9Y51          CARRY4 (Prop_carry4_DI[0]_O[2])
                                                      0.760    18.151 r  calculatornator/spi_word_reg[31]_i_347/O[2]
                         net (fo=3, routed)           1.160    19.311    calculatornator/spi_word_reg[31]_i_347_n_5
    SLICE_X14Y51         LUT4 (Prop_lut4_I0_O)        0.302    19.613 r  calculatornator/spi_word[31]_i_421/O
                         net (fo=1, routed)           0.615    20.228    calculatornator/spi_word[31]_i_421_n_0
    SLICE_X10Y51         CARRY4 (Prop_carry4_DI[1]_CO[3])
                                                      0.520    20.748 r  calculatornator/spi_word_reg[31]_i_344/CO[3]
                         net (fo=1, routed)           0.000    20.748    calculatornator/spi_word_reg[31]_i_344_n_0
    SLICE_X10Y52         CARRY4 (Prop_carry4_CI_CO[0])
                                                      0.254    21.002 r  calculatornator/spi_word_reg[31]_i_278/CO[0]
                         net (fo=4, routed)           0.848    21.850    calculatornator/spi_word_reg[31]_i_278_n_3
    SLICE_X8Y52          LUT4 (Prop_lut4_I3_O)        0.393    22.243 r  calculatornator/spi_word[31]_i_343/O
                         net (fo=3, routed)           0.481    22.724    calculatornator/spi_word[31]_i_343_n_0
    SLICE_X8Y52          LUT6 (Prop_lut6_I0_O)        0.328    23.052 r  calculatornator/spi_word[31]_i_409/O
                         net (fo=4, routed)           0.828    23.880    calculatornator/spi_word[31]_i_409_n_0
    SLICE_X8Y53          LUT2 (Prop_lut2_I0_O)        0.146    24.026 r  calculatornator/spi_word[31]_i_339/O
                         net (fo=3, routed)           0.481    24.507    calculatornator/spi_word[31]_i_339_n_0
    SLICE_X8Y53          LUT6 (Prop_lut6_I3_O)        0.328    24.835 r  calculatornator/spi_word[31]_i_273/O
                         net (fo=3, routed)           1.028    25.863    calculatornator/spi_word[31]_i_273_n_0
    SLICE_X10Y53         LUT6 (Prop_lut6_I2_O)        0.124    25.987 f  calculatornator/spi_word[31]_i_189/O
                         net (fo=7, routed)           1.083    27.070    oled/spi_word[31]_i_101_0
    SLICE_X11Y43         LUT3 (Prop_lut3_I0_O)        0.119    27.189 r  oled/spi_word[31]_i_197/O
                         net (fo=1, routed)           0.812    28.001    calculatornator/spi_word[31]_i_36_3
    SLICE_X11Y44         LUT6 (Prop_lut6_I5_O)        0.332    28.333 r  calculatornator/spi_word[31]_i_104/O
                         net (fo=1, routed)           0.149    28.482    calculatornator/spi_word[31]_i_104_n_0
    SLICE_X11Y44         LUT6 (Prop_lut6_I5_O)        0.124    28.606 r  calculatornator/spi_word[31]_i_36/O
                         net (fo=1, routed)           0.476    29.082    calculatornator/spi_word[31]_i_36_n_0
    SLICE_X13Y46         LUT6 (Prop_lut6_I5_O)        0.124    29.206 r  calculatornator/spi_word[31]_i_10/O
                         net (fo=1, routed)           0.604    29.810    calculatornator/spi_word[31]_i_10_n_0
    SLICE_X10Y44         LUT6 (Prop_lut6_I3_O)        0.124    29.934 r  calculatornator/spi_word[31]_i_5/O
                         net (fo=3, routed)           1.035    30.969    calculatornator/spi_word[31]_i_5_n_0
    SLICE_X8Y33          LUT6 (Prop_lut6_I4_O)        0.124    31.093 r  calculatornator/spi_word[33]_i_6/O
                         net (fo=1, routed)           0.797    31.890    oled/spi_word_reg[33]_0
    SLICE_X9Y32          LUT6 (Prop_lut6_I2_O)        0.124    32.014 r  oled/spi_word[33]_i_3/O
                         net (fo=1, routed)           0.151    32.166    oled/spi_word[33]_i_3_n_0
    SLICE_X9Y32          LUT5 (Prop_lut5_I3_O)        0.124    32.290 r  oled/spi_word[33]_i_1/O
                         net (fo=1, routed)           0.000    32.290    oled/spi_word[33]_i_1_n_0
    SLICE_X9Y32          FDRE                                         r  oled/spi_word_reg[33]/D
  -------------------------------------------------------------------    -------------------

Slack:                    inf
  Source:                 calculatornator/result_reg[0]/C
                            (rising edge-triggered cell FDRE clocked by sys_clk_pin  {rise@0.000ns fall@5.000ns period=10.000ns})
  Destination:            oled/spi_word_reg[31]/D
  Path Group:             (none)
  Path Type:              Max at Slow Process Corner
  Data Path Delay:        26.752ns  (logic 8.653ns (32.345%)  route 18.099ns (67.655%))
  Logic Levels:           30  (CARRY4=11 LUT1=1 LUT2=1 LUT3=2 LUT4=2 LUT5=2 LUT6=11)
  Clock Uncertainty:      0.025ns  ((TSJ^2 + TIJ^2)^1/2 + DJ) / 2 + PE
    Total System Jitter     (TSJ):    0.050ns
    Total Input Jitter      (TIJ):    0.000ns
    Discrete Jitter          (DJ):    0.000ns
    Phase Error              (PE):    0.000ns

    Location             Delay type                Incr(ns)  Path(ns)    Netlist Resource(s)
  -------------------------------------------------------------------    -------------------
                         (clock sys_clk_pin rise edge)
                                                      0.000     0.000 r  
    W5                                                0.000     0.000 r  CLOCK (IN)
                         net (fo=0)                   0.000     0.000    CLOCK
    W5                   IBUF (Prop_ibuf_I_O)         1.458     1.458 r  CLOCK_IBUF_inst/O
                         net (fo=1, routed)           1.967     3.425    CLOCK_IBUF
    BUFGCTRL_X0Y0        BUFG (Prop_bufg_I_O)         0.096     3.521 r  CLOCK_IBUF_BUFG_inst/O
                         net (fo=240, routed)         1.635     5.156    calculatornator/CLOCK_IBUF_BUFG
    SLICE_X7Y46          FDRE                                         r  calculatornator/result_reg[0]/C
  -------------------------------------------------------------------    -------------------
    SLICE_X7Y46          FDRE (Prop_fdre_C_Q)         0.456     5.612 f  calculatornator/result_reg[0]/Q
                         net (fo=19, routed)          1.626     7.238    calculatornator/Q[0]
    SLICE_X14Y49         LUT1 (Prop_lut1_I0_O)        0.150     7.388 r  calculatornator/spi_word[31]_i_260/O
                         net (fo=1, routed)           0.516     7.903    calculatornator/spi_word[31]_i_260_n_0
    SLICE_X12Y49         CARRY4 (Prop_carry4_CYINIT_CO[3])
                                                      0.799     8.702 r  calculatornator/spi_word_reg[31]_i_173/CO[3]
                         net (fo=1, routed)           0.001     8.703    calculatornator/spi_word_reg[31]_i_173_n_0
    SLICE_X12Y50         CARRY4 (Prop_carry4_CI_O[0])
                                                      0.219     8.922 r  calculatornator/spi_word_reg[31]_i_325/O[0]
                         net (fo=7, routed)           1.001     9.923    calculatornator/display_result0[5]
    SLICE_X11Y49         LUT5 (Prop_lut5_I4_O)        0.295    10.218 r  calculatornator/spi_word[31]_i_558/O
                         net (fo=1, routed)           0.000    10.218    calculatornator/spi_word[31]_i_558_n_0
    SLICE_X11Y49         CARRY4 (Prop_carry4_S[1]_CO[3])
                                                      0.550    10.768 r  calculatornator/spi_word_reg[31]_i_540/CO[3]
                         net (fo=1, routed)           0.001    10.769    calculatornator/spi_word_reg[31]_i_540_n_0
    SLICE_X11Y50         CARRY4 (Prop_carry4_CI_O[2])
                                                      0.239    11.008 r  calculatornator/spi_word_reg[31]_i_510/O[2]
                         net (fo=2, routed)           0.956    11.963    calculatornator/spi_word_reg[31]_i_510_n_5
    SLICE_X11Y47         LUT6 (Prop_lut6_I2_O)        0.302    12.265 r  calculatornator/spi_word[31]_i_509/O
                         net (fo=2, routed)           1.033    13.298    calculatornator/spi_word[31]_i_509_n_0
    SLICE_X14Y50         LUT5 (Prop_lut5_I0_O)        0.124    13.422 r  calculatornator/spi_word[31]_i_442/O
                         net (fo=2, routed)           0.990    14.412    calculatornator/spi_word[31]_i_442_n_0
    SLICE_X13Y50         LUT6 (Prop_lut6_I0_O)        0.124    14.536 r  calculatornator/spi_word[31]_i_446/O
                         net (fo=1, routed)           0.000    14.536    calculatornator/spi_word[31]_i_446_n_0
    SLICE_X13Y50         CARRY4 (Prop_carry4_S[2]_CO[3])
                                                      0.398    14.934 r  calculatornator/spi_word_reg[31]_i_357/CO[3]
                         net (fo=1, routed)           0.000    14.934    calculatornator/spi_word_reg[31]_i_357_n_0
    SLICE_X13Y51         CARRY4 (Prop_carry4_CI_CO[3])
                                                      0.114    15.048 r  calculatornator/spi_word_reg[31]_i_281/CO[3]
                         net (fo=1, routed)           0.000    15.048    calculatornator/spi_word_reg[31]_i_281_n_0
    SLICE_X13Y52         CARRY4 (Prop_carry4_CI_CO[3])
                                                      0.114    15.162 r  calculatornator/spi_word_reg[31]_i_342/CO[3]
                         net (fo=1, routed)           0.000    15.162    calculatornator/spi_word_reg[31]_i_342_n_0
    SLICE_X13Y53         CARRY4 (Prop_carry4_CI_O[0])
                                                      0.222    15.384 r  calculatornator/spi_word_reg[31]_i_408/O[0]
                         net (fo=12, routed)          1.304    16.687    calculatornator/spi_word_reg[31]_i_408_n_7
    SLICE_X8Y51          LUT3 (Prop_lut3_I1_O)        0.321    17.008 r  calculatornator/spi_word[31]_i_431/O
                         net (fo=1, routed)           0.382    17.391    calculatornator/spi_word[31]_i_431_n_0
    SLICE_X9Y51          CARRY4 (Prop_carry4_DI[0]_O[2])
                                                      0.760    18.151 r  calculatornator/spi_word_reg[31]_i_347/O[2]
                         net (fo=3, routed)           1.160    19.311    calculatornator/spi_word_reg[31]_i_347_n_5
    SLICE_X14Y51         LUT4 (Prop_lut4_I0_O)        0.302    19.613 r  calculatornator/spi_word[31]_i_421/O
                         net (fo=1, routed)           0.615    20.228    calculatornator/spi_word[31]_i_421_n_0
    SLICE_X10Y51         CARRY4 (Prop_carry4_DI[1]_CO[3])
                                                      0.520    20.748 r  calculatornator/spi_word_reg[31]_i_344/CO[3]
                         net (fo=1, routed)           0.000    20.748    calculatornator/spi_word_reg[31]_i_344_n_0
    SLICE_X10Y52         CARRY4 (Prop_carry4_CI_CO[0])
                                                      0.254    21.002 r  calculatornator/spi_word_reg[31]_i_278/CO[0]
                         net (fo=4, routed)           0.848    21.850    calculatornator/spi_word_reg[31]_i_278_n_3
    SLICE_X8Y52          LUT4 (Prop_lut4_I3_O)        0.393    22.243 r  calculatornator/spi_word[31]_i_343/O
                         net (fo=3, routed)           0.481    22.724    calculatornator/spi_word[31]_i_343_n_0
    SLICE_X8Y52          LUT6 (Prop_lut6_I0_O)        0.328    23.052 r  calculatornator/spi_word[31]_i_409/O
                         net (fo=4, routed)           0.828    23.880    calculatornator/spi_word[31]_i_409_n_0
    SLICE_X8Y53          LUT2 (Prop_lut2_I0_O)        0.146    24.026 r  calculatornator/spi_word[31]_i_339/O
                         net (fo=3, routed)           0.481    24.507    calculatornator/spi_word[31]_i_339_n_0
    SLICE_X8Y53          LUT6 (Prop_lut6_I3_O)        0.328    24.835 r  calculatornator/spi_word[31]_i_273/O
                         net (fo=3, routed)           1.028    25.863    calculatornator/spi_word[31]_i_273_n_0
    SLICE_X10Y53         LUT6 (Prop_lut6_I2_O)        0.124    25.987 f  calculatornator/spi_word[31]_i_189/O
                         net (fo=7, routed)           1.083    27.070    oled/spi_word[31]_i_101_0
    SLICE_X11Y43         LUT3 (Prop_lut3_I0_O)        0.119    27.189 r  oled/spi_word[31]_i_197/O
                         net (fo=1, routed)           0.812    28.001    calculatornator/spi_word[31]_i_36_3
    SLICE_X11Y44         LUT6 (Prop_lut6_I5_O)        0.332    28.333 r  calculatornator/spi_word[31]_i_104/O
                         net (fo=1, routed)           0.149    28.482    calculatornator/spi_word[31]_i_104_n_0
    SLICE_X11Y44         LUT6 (Prop_lut6_I5_O)        0.124    28.606 r  calculatornator/spi_word[31]_i_36/O
                         net (fo=1, routed)           0.476    29.082    calculatornator/spi_word[31]_i_36_n_0
    SLICE_X13Y46         LUT6 (Prop_lut6_I5_O)        0.124    29.206 r  calculatornator/spi_word[31]_i_10/O
                         net (fo=1, routed)           0.604    29.810    calculatornator/spi_word[31]_i_10_n_0
    SLICE_X10Y44         LUT6 (Prop_lut6_I3_O)        0.124    29.934 r  calculatornator/spi_word[31]_i_5/O
                         net (fo=3, routed)           0.915    30.849    calculatornator/spi_word[31]_i_5_n_0
    SLICE_X8Y33          LUT6 (Prop_lut6_I1_O)        0.124    30.973 r  calculatornator/spi_word[31]_i_3/O
                         net (fo=1, routed)           0.811    31.785    oled/oled_data[0]
    SLICE_X10Y33         LUT6 (Prop_lut6_I4_O)        0.124    31.909 r  oled/spi_word[31]_i_1/O
                         net (fo=1, routed)           0.000    31.909    oled/spi_word[31]_i_1_n_0
    SLICE_X10Y33         FDRE                                         r  oled/spi_word_reg[31]/D
  -------------------------------------------------------------------    -------------------

Slack:                    inf
  Source:                 clk_6_25/SLOW_CLOCK_reg/C
                            (rising edge-triggered cell FDRE clocked by sys_clk_pin  {rise@0.000ns fall@5.000ns period=10.000ns})
  Destination:            JB[3]
                            (output port)
  Path Group:             (none)
  Path Type:              Max at Slow Process Corner
  Data Path Delay:        9.219ns  (logic 4.083ns (44.289%)  route 5.136ns (55.711%))
  Logic Levels:           2  (LUT2=1 OBUF=1)
  Clock Uncertainty:      0.025ns  ((TSJ^2 + TIJ^2)^1/2 + DJ) / 2 + PE
    Total System Jitter     (TSJ):    0.050ns
    Total Input Jitter      (TIJ):    0.000ns
    Discrete Jitter          (DJ):    0.000ns
    Phase Error              (PE):    0.000ns

    Location             Delay type                Incr(ns)  Path(ns)    Netlist Resource(s)
  -------------------------------------------------------------------    -------------------
                         (clock sys_clk_pin rise edge)
                                                      0.000     0.000 r  
    W5                                                0.000     0.000 r  CLOCK (IN)
                         net (fo=0)                   0.000     0.000    CLOCK
    W5                   IBUF (Prop_ibuf_I_O)         1.458     1.458 r  CLOCK_IBUF_inst/O
                         net (fo=1, routed)           1.967     3.425    CLOCK_IBUF
    BUFGCTRL_X0Y0        BUFG (Prop_bufg_I_O)         0.096     3.521 r  CLOCK_IBUF_BUFG_inst/O
                         net (fo=240, routed)         1.567     5.088    clk_6_25/CLOCK_IBUF_BUFG
    SLICE_X29Y47         FDRE                                         r  clk_6_25/SLOW_CLOCK_reg/C
  -------------------------------------------------------------------    -------------------
    SLICE_X29Y47         FDRE (Prop_fdre_C_Q)         0.456     5.544 r  clk_6_25/SLOW_CLOCK_reg/Q
                         net (fo=3, routed)           1.266     6.811    clk_6_25/clk6p25m
    SLICE_X29Y47         LUT2 (Prop_lut2_I0_O)        0.124     6.935 r  clk_6_25/JB_OBUF[3]_inst_i_1/O
                         net (fo=1, routed)           3.870    10.805    JB_OBUF[3]
    B16                  OBUF (Prop_obuf_I_O)         3.503    14.308 r  JB_OBUF[3]_inst/O
                         net (fo=0)                   0.000    14.308    JB[3]
    B16                                                               r  JB[3] (OUT)
  -------------------------------------------------------------------    -------------------

Slack:                    inf
  Source:                 task_3/blue_x_reg[5]/C
                            (rising edge-triggered cell FDRE clocked by sys_clk_pin  {rise@0.000ns fall@5.000ns period=10.000ns})
  Destination:            oled/spi_word_reg[26]/D
  Path Group:             (none)
  Path Type:              Max at Slow Process Corner
  Data Path Delay:        8.695ns  (logic 2.204ns (25.349%)  route 6.491ns (74.651%))
  Logic Levels:           8  (CARRY4=1 LUT3=2 LUT4=1 LUT5=2 LUT6=2)
  Clock Uncertainty:      0.025ns  ((TSJ^2 + TIJ^2)^1/2 + DJ) / 2 + PE
    Total System Jitter     (TSJ):    0.050ns
    Total Input Jitter      (TIJ):    0.000ns
    Discrete Jitter          (DJ):    0.000ns
    Phase Error              (PE):    0.000ns

    Location             Delay type                Incr(ns)  Path(ns)    Netlist Resource(s)
  -------------------------------------------------------------------    -------------------
                         (clock sys_clk_pin rise edge)
                                                      0.000     0.000 r  
    W5                                                0.000     0.000 r  CLOCK (IN)
                         net (fo=0)                   0.000     0.000    CLOCK
    W5                   IBUF (Prop_ibuf_I_O)         1.458     1.458 r  CLOCK_IBUF_inst/O
                         net (fo=1, routed)           1.967     3.425    CLOCK_IBUF
    BUFGCTRL_X0Y0        BUFG (Prop_bufg_I_O)         0.096     3.521 r  CLOCK_IBUF_BUFG_inst/O
                         net (fo=240, routed)         1.625     5.146    task_3/CLOCK_IBUF_BUFG
    SLICE_X0Y29          FDRE                                         r  task_3/blue_x_reg[5]/C
  -------------------------------------------------------------------    -------------------
    SLICE_X0Y29          FDRE (Prop_fdre_C_Q)         0.456     5.602 f  task_3/blue_x_reg[5]/Q
                         net (fo=10, routed)          1.153     6.755    oled/Q[5]
    SLICE_X2Y30          LUT6 (Prop_lut6_I0_O)        0.124     6.879 r  oled/spi_word[38]_i_24/O
                         net (fo=1, routed)           0.190     7.069    oled/spi_word[38]_i_24_n_0
    SLICE_X3Y30          CARRY4 (Prop_carry4_DI[2]_CO[3])
                                                      0.398     7.467 r  oled/spi_word_reg[38]_i_11/CO[3]
                         net (fo=1, routed)           1.097     8.563    oled/task_3/oled_data35_in
    SLICE_X4Y28          LUT5 (Prop_lut5_I3_O)        0.124     8.687 r  oled/spi_word[38]_i_7/O
                         net (fo=2, routed)           0.953     9.641    oled/oled_data_task3[14]
    SLICE_X8Y31          LUT4 (Prop_lut4_I1_O)        0.124     9.765 r  oled/spi_word[31]_i_13/O
                         net (fo=2, routed)           0.463    10.228    oled/spi_word[31]_i_13_n_0
    SLICE_X8Y31          LUT5 (Prop_lut5_I2_O)        0.150    10.378 r  oled/spi_word[28]_i_3/O
                         net (fo=4, routed)           1.146    11.523    oled/spi_word[28]_i_3_n_0
    SLICE_X12Y33         LUT3 (Prop_lut3_I2_O)        0.350    11.873 r  oled/spi_word[27]_i_4/O
                         net (fo=2, routed)           0.823    12.696    oled/spi_word[27]_i_4_n_0
    SLICE_X12Y31         LUT6 (Prop_lut6_I1_O)        0.328    13.024 r  oled/spi_word[26]_i_2/O
                         net (fo=1, routed)           0.666    13.691    oled/spi_word[26]_i_2_n_0
    SLICE_X12Y31         LUT3 (Prop_lut3_I2_O)        0.150    13.841 r  oled/spi_word[26]_i_1/O
                         net (fo=1, routed)           0.000    13.841    oled/spi_word[26]_i_1_n_0
    SLICE_X12Y31         FDRE                                         r  oled/spi_word_reg[26]/D
  -------------------------------------------------------------------    -------------------

Slack:                    inf
  Source:                 task_3/blue_x_reg[5]/C
                            (rising edge-triggered cell FDRE clocked by sys_clk_pin  {rise@0.000ns fall@5.000ns period=10.000ns})
  Destination:            oled/spi_word_reg[27]/D
  Path Group:             (none)
  Path Type:              Max at Slow Process Corner
  Data Path Delay:        8.232ns  (logic 2.178ns (26.456%)  route 6.054ns (73.544%))
  Logic Levels:           8  (CARRY4=1 LUT3=2 LUT4=1 LUT5=2 LUT6=2)
  Clock Uncertainty:      0.025ns  ((TSJ^2 + TIJ^2)^1/2 + DJ) / 2 + PE
    Total System Jitter     (TSJ):    0.050ns
    Total Input Jitter      (TIJ):    0.000ns
    Discrete Jitter          (DJ):    0.000ns
    Phase Error              (PE):    0.000ns

    Location             Delay type                Incr(ns)  Path(ns)    Netlist Resource(s)
  -------------------------------------------------------------------    -------------------
                         (clock sys_clk_pin rise edge)
                                                      0.000     0.000 r  
    W5                                                0.000     0.000 r  CLOCK (IN)
                         net (fo=0)                   0.000     0.000    CLOCK
    W5                   IBUF (Prop_ibuf_I_O)         1.458     1.458 r  CLOCK_IBUF_inst/O
                         net (fo=1, routed)           1.967     3.425    CLOCK_IBUF
    BUFGCTRL_X0Y0        BUFG (Prop_bufg_I_O)         0.096     3.521 r  CLOCK_IBUF_BUFG_inst/O
                         net (fo=240, routed)         1.625     5.146    task_3/CLOCK_IBUF_BUFG
    SLICE_X0Y29          FDRE                                         r  task_3/blue_x_reg[5]/C
  -------------------------------------------------------------------    -------------------
    SLICE_X0Y29          FDRE (Prop_fdre_C_Q)         0.456     5.602 f  task_3/blue_x_reg[5]/Q
                         net (fo=10, routed)          1.153     6.755    oled/Q[5]
    SLICE_X2Y30          LUT6 (Prop_lut6_I0_O)        0.124     6.879 r  oled/spi_word[38]_i_24/O
                         net (fo=1, routed)           0.190     7.069    oled/spi_word[38]_i_24_n_0
    SLICE_X3Y30          CARRY4 (Prop_carry4_DI[2]_CO[3])
                                                      0.398     7.467 r  oled/spi_word_reg[38]_i_11/CO[3]
                         net (fo=1, routed)           1.097     8.563    oled/task_3/oled_data35_in
    SLICE_X4Y28          LUT5 (Prop_lut5_I3_O)        0.124     8.687 r  oled/spi_word[38]_i_7/O
                         net (fo=2, routed)           0.953     9.641    oled/oled_data_task3[14]
    SLICE_X8Y31          LUT4 (Prop_lut4_I1_O)        0.124     9.765 r  oled/spi_word[31]_i_13/O
                         net (fo=2, routed)           0.463    10.228    oled/spi_word[31]_i_13_n_0
    SLICE_X8Y31          LUT5 (Prop_lut5_I2_O)        0.150    10.378 r  oled/spi_word[28]_i_3/O
                         net (fo=4, routed)           1.146    11.523    oled/spi_word[28]_i_3_n_0
    SLICE_X12Y33         LUT3 (Prop_lut3_I2_O)        0.350    11.873 r  oled/spi_word[27]_i_4/O
                         net (fo=2, routed)           0.584    12.457    oled/spi_word[27]_i_4_n_0
    SLICE_X13Y31         LUT6 (Prop_lut6_I3_O)        0.328    12.785 r  oled/spi_word[27]_i_2/O
                         net (fo=1, routed)           0.469    13.255    oled/spi_word[27]_i_2_n_0
    SLICE_X13Y31         LUT3 (Prop_lut3_I2_O)        0.124    13.379 r  oled/spi_word[27]_i_1/O
                         net (fo=1, routed)           0.000    13.379    oled/spi_word[27]_i_1_n_0
    SLICE_X13Y31         FDRE                                         r  oled/spi_word_reg[27]/D
  -------------------------------------------------------------------    -------------------

Slack:                    inf
  Source:                 task_3/blue_x_reg[5]/C
                            (rising edge-triggered cell FDRE clocked by sys_clk_pin  {rise@0.000ns fall@5.000ns period=10.000ns})
  Destination:            oled/spi_word_reg[24]/D
  Path Group:             (none)
  Path Type:              Max at Slow Process Corner
  Data Path Delay:        7.746ns  (logic 1.828ns (23.598%)  route 5.918ns (76.402%))
  Logic Levels:           7  (CARRY4=1 LUT3=1 LUT4=1 LUT5=2 LUT6=2)
  Clock Uncertainty:      0.025ns  ((TSJ^2 + TIJ^2)^1/2 + DJ) / 2 + PE
    Total System Jitter     (TSJ):    0.050ns
    Total Input Jitter      (TIJ):    0.000ns
    Discrete Jitter          (DJ):    0.000ns
    Phase Error              (PE):    0.000ns

    Location             Delay type                Incr(ns)  Path(ns)    Netlist Resource(s)
  -------------------------------------------------------------------    -------------------
                         (clock sys_clk_pin rise edge)
                                                      0.000     0.000 r  
    W5                                                0.000     0.000 r  CLOCK (IN)
                         net (fo=0)                   0.000     0.000    CLOCK
    W5                   IBUF (Prop_ibuf_I_O)         1.458     1.458 r  CLOCK_IBUF_inst/O
                         net (fo=1, routed)           1.967     3.425    CLOCK_IBUF
    BUFGCTRL_X0Y0        BUFG (Prop_bufg_I_O)         0.096     3.521 r  CLOCK_IBUF_BUFG_inst/O
                         net (fo=240, routed)         1.625     5.146    task_3/CLOCK_IBUF_BUFG
    SLICE_X0Y29          FDRE                                         r  task_3/blue_x_reg[5]/C
  -------------------------------------------------------------------    -------------------
    SLICE_X0Y29          FDRE (Prop_fdre_C_Q)         0.456     5.602 f  task_3/blue_x_reg[5]/Q
                         net (fo=10, routed)          1.153     6.755    oled/Q[5]
    SLICE_X2Y30          LUT6 (Prop_lut6_I0_O)        0.124     6.879 r  oled/spi_word[38]_i_24/O
                         net (fo=1, routed)           0.190     7.069    oled/spi_word[38]_i_24_n_0
    SLICE_X3Y30          CARRY4 (Prop_carry4_DI[2]_CO[3])
                                                      0.398     7.467 r  oled/spi_word_reg[38]_i_11/CO[3]
                         net (fo=1, routed)           1.097     8.563    oled/task_3/oled_data35_in
    SLICE_X4Y28          LUT5 (Prop_lut5_I3_O)        0.124     8.687 r  oled/spi_word[38]_i_7/O
                         net (fo=2, routed)           0.953     9.641    oled/oled_data_task3[14]
    SLICE_X8Y31          LUT4 (Prop_lut4_I1_O)        0.124     9.765 r  oled/spi_word[31]_i_13/O
                         net (fo=2, routed)           0.463    10.228    oled/spi_word[31]_i_13_n_0
    SLICE_X8Y31          LUT5 (Prop_lut5_I2_O)        0.150    10.378 r  oled/spi_word[28]_i_3/O
                         net (fo=4, routed)           1.344    11.722    oled/spi_word[28]_i_3_n_0
    SLICE_X12Y33         LUT6 (Prop_lut6_I0_O)        0.328    12.050 r  oled/spi_word[24]_i_2/O
                         net (fo=1, routed)           0.719    12.769    oled/spi_word[24]_i_2_n_0
    SLICE_X12Y31         LUT3 (Prop_lut3_I2_O)        0.124    12.893 r  oled/spi_word[24]_i_1/O
                         net (fo=1, routed)           0.000    12.893    oled/spi_word[24]_i_1_n_0
    SLICE_X12Y31         FDRE                                         r  oled/spi_word_reg[24]/D
  -------------------------------------------------------------------    -------------------





Min Delay Paths
--------------------------------------------------------------------------------------
Slack:                    inf
  Source:                 calculatornator/FSM_sequential_state_reg[0]/C
                            (rising edge-triggered cell FDRE clocked by sys_clk_pin  {rise@0.000ns fall@5.000ns period=10.000ns})
  Destination:            oled/spi_word_reg[31]/D
  Path Group:             (none)
  Path Type:              Min at Fast Process Corner
  Data Path Delay:        0.755ns  (logic 0.254ns (33.657%)  route 0.501ns (66.342%))
  Logic Levels:           2  (LUT6=2)
  Clock Uncertainty:      0.025ns  ((TSJ^2 + TIJ^2)^1/2 + DJ) / 2 + PE
    Total System Jitter     (TSJ):    0.050ns
    Total Input Jitter      (TIJ):    0.000ns
    Discrete Jitter          (DJ):    0.000ns
    Phase Error              (PE):    0.000ns

    Location             Delay type                Incr(ns)  Path(ns)    Netlist Resource(s)
  -------------------------------------------------------------------    -------------------
                         (clock sys_clk_pin rise edge)
                                                      0.000     0.000 r  
    W5                                                0.000     0.000 r  CLOCK (IN)
                         net (fo=0)                   0.000     0.000    CLOCK
    W5                   IBUF (Prop_ibuf_I_O)         0.226     0.226 r  CLOCK_IBUF_inst/O
                         net (fo=1, routed)           0.631     0.858    CLOCK_IBUF
    BUFGCTRL_X0Y0        BUFG (Prop_bufg_I_O)         0.026     0.884 r  CLOCK_IBUF_BUFG_inst/O
                         net (fo=240, routed)         0.562     1.445    calculatornator/CLOCK_IBUF_BUFG
    SLICE_X8Y35          FDRE                                         r  calculatornator/FSM_sequential_state_reg[0]/C
  -------------------------------------------------------------------    -------------------
    SLICE_X8Y35          FDRE (Prop_fdre_C_Q)         0.164     1.609 r  calculatornator/FSM_sequential_state_reg[0]/Q
                         net (fo=17, routed)          0.224     1.833    calculatornator/state[0]
    SLICE_X8Y33          LUT6 (Prop_lut6_I0_O)        0.045     1.878 r  calculatornator/spi_word[31]_i_3/O
                         net (fo=1, routed)           0.277     2.155    oled/oled_data[0]
    SLICE_X10Y33         LUT6 (Prop_lut6_I4_O)        0.045     2.200 r  oled/spi_word[31]_i_1/O
                         net (fo=1, routed)           0.000     2.200    oled/spi_word[31]_i_1_n_0
    SLICE_X10Y33         FDRE                                         r  oled/spi_word_reg[31]/D
  -------------------------------------------------------------------    -------------------

Slack:                    inf
  Source:                 calculatornator/FSM_sequential_state_reg[0]/C
                            (rising edge-triggered cell FDRE clocked by sys_clk_pin  {rise@0.000ns fall@5.000ns period=10.000ns})
  Destination:            oled/spi_word_reg[34]/D
  Path Group:             (none)
  Path Type:              Min at Fast Process Corner
  Data Path Delay:        0.797ns  (logic 0.299ns (37.530%)  route 0.498ns (62.470%))
  Logic Levels:           3  (LUT3=1 LUT5=1 LUT6=1)
  Clock Uncertainty:      0.025ns  ((TSJ^2 + TIJ^2)^1/2 + DJ) / 2 + PE
    Total System Jitter     (TSJ):    0.050ns
    Total Input Jitter      (TIJ):    0.000ns
    Discrete Jitter          (DJ):    0.000ns
    Phase Error              (PE):    0.000ns

    Location             Delay type                Incr(ns)  Path(ns)    Netlist Resource(s)
  -------------------------------------------------------------------    -------------------
                         (clock sys_clk_pin rise edge)
                                                      0.000     0.000 r  
    W5                                                0.000     0.000 r  CLOCK (IN)
                         net (fo=0)                   0.000     0.000    CLOCK
    W5                   IBUF (Prop_ibuf_I_O)         0.226     0.226 r  CLOCK_IBUF_inst/O
                         net (fo=1, routed)           0.631     0.858    CLOCK_IBUF
    BUFGCTRL_X0Y0        BUFG (Prop_bufg_I_O)         0.026     0.884 r  CLOCK_IBUF_BUFG_inst/O
                         net (fo=240, routed)         0.562     1.445    calculatornator/CLOCK_IBUF_BUFG
    SLICE_X8Y35          FDRE                                         r  calculatornator/FSM_sequential_state_reg[0]/C
  -------------------------------------------------------------------    -------------------
    SLICE_X8Y35          FDRE (Prop_fdre_C_Q)         0.164     1.609 r  calculatornator/FSM_sequential_state_reg[0]/Q
                         net (fo=17, routed)          0.216     1.825    calculatornator/state[0]
    SLICE_X9Y33          LUT5 (Prop_lut5_I0_O)        0.045     1.870 r  calculatornator/spi_word[34]_i_3/O
                         net (fo=4, routed)           0.147     2.017    oled/oled_data[1]
    SLICE_X9Y33          LUT6 (Prop_lut6_I0_O)        0.045     2.062 r  oled/spi_word[34]_i_2/O
                         net (fo=1, routed)           0.135     2.197    oled/spi_word[34]_i_2_n_0
    SLICE_X9Y32          LUT3 (Prop_lut3_I2_O)        0.045     2.242 r  oled/spi_word[34]_i_1/O
                         net (fo=1, routed)           0.000     2.242    oled/spi_word[34]_i_1_n_0
    SLICE_X9Y32          FDRE                                         r  oled/spi_word_reg[34]/D
  -------------------------------------------------------------------    -------------------

Slack:                    inf
  Source:                 mode_reg[0]/C
                            (rising edge-triggered cell FDRE clocked by sys_clk_pin  {rise@0.000ns fall@5.000ns period=10.000ns})
  Destination:            oled/spi_word_reg[33]/D
  Path Group:             (none)
  Path Type:              Min at Fast Process Corner
  Data Path Delay:        0.778ns  (logic 0.276ns (35.481%)  route 0.502ns (64.519%))
  Logic Levels:           3  (LUT5=1 LUT6=2)
  Clock Uncertainty:      0.025ns  ((TSJ^2 + TIJ^2)^1/2 + DJ) / 2 + PE
    Total System Jitter     (TSJ):    0.050ns
    Total Input Jitter      (TIJ):    0.000ns
    Discrete Jitter          (DJ):    0.000ns
    Phase Error              (PE):    0.000ns

    Location             Delay type                Incr(ns)  Path(ns)    Netlist Resource(s)
  -------------------------------------------------------------------    -------------------
                         (clock sys_clk_pin rise edge)
                                                      0.000     0.000 r  
    W5                                                0.000     0.000 r  CLOCK (IN)
                         net (fo=0)                   0.000     0.000    CLOCK
    W5                   IBUF (Prop_ibuf_I_O)         0.226     0.226 r  CLOCK_IBUF_inst/O
                         net (fo=1, routed)           0.631     0.858    CLOCK_IBUF
    BUFGCTRL_X0Y0        BUFG (Prop_bufg_I_O)         0.026     0.884 r  CLOCK_IBUF_BUFG_inst/O
                         net (fo=240, routed)         0.586     1.469    CLOCK_IBUF_BUFG
    SLICE_X7Y31          FDRE                                         r  mode_reg[0]/C
  -------------------------------------------------------------------    -------------------
    SLICE_X7Y31          FDRE (Prop_fdre_C_Q)         0.141     1.610 r  mode_reg[0]/Q
                         net (fo=23, routed)          0.187     1.797    oled/mode[2]_i_2_0
    SLICE_X7Y30          LUT6 (Prop_lut6_I3_O)        0.045     1.842 r  oled/spi_word[33]_i_5/O
                         net (fo=2, routed)           0.264     2.107    oled/spi_word[33]_i_5_n_0
    SLICE_X9Y32          LUT6 (Prop_lut6_I1_O)        0.045     2.152 r  oled/spi_word[33]_i_3/O
                         net (fo=1, routed)           0.050     2.202    oled/spi_word[33]_i_3_n_0
    SLICE_X9Y32          LUT5 (Prop_lut5_I3_O)        0.045     2.247 r  oled/spi_word[33]_i_1/O
                         net (fo=1, routed)           0.000     2.247    oled/spi_word[33]_i_1_n_0
    SLICE_X9Y32          FDRE                                         r  oled/spi_word_reg[33]/D
  -------------------------------------------------------------------    -------------------

Slack:                    inf
  Source:                 calculatornator/FSM_sequential_state_reg[0]/C
                            (rising edge-triggered cell FDRE clocked by sys_clk_pin  {rise@0.000ns fall@5.000ns period=10.000ns})
  Destination:            oled/spi_word_reg[29]/D
  Path Group:             (none)
  Path Type:              Min at Fast Process Corner
  Data Path Delay:        0.928ns  (logic 0.299ns (32.208%)  route 0.629ns (67.792%))
  Logic Levels:           3  (LUT3=1 LUT5=1 LUT6=1)
  Clock Uncertainty:      0.025ns  ((TSJ^2 + TIJ^2)^1/2 + DJ) / 2 + PE
    Total System Jitter     (TSJ):    0.050ns
    Total Input Jitter      (TIJ):    0.000ns
    Discrete Jitter          (DJ):    0.000ns
    Phase Error              (PE):    0.000ns

    Location             Delay type                Incr(ns)  Path(ns)    Netlist Resource(s)
  -------------------------------------------------------------------    -------------------
                         (clock sys_clk_pin rise edge)
                                                      0.000     0.000 r  
    W5                                                0.000     0.000 r  CLOCK (IN)
                         net (fo=0)                   0.000     0.000    CLOCK
    W5                   IBUF (Prop_ibuf_I_O)         0.226     0.226 r  CLOCK_IBUF_inst/O
                         net (fo=1, routed)           0.631     0.858    CLOCK_IBUF
    BUFGCTRL_X0Y0        BUFG (Prop_bufg_I_O)         0.026     0.884 r  CLOCK_IBUF_BUFG_inst/O
                         net (fo=240, routed)         0.562     1.445    calculatornator/CLOCK_IBUF_BUFG
    SLICE_X8Y35          FDRE                                         r  calculatornator/FSM_sequential_state_reg[0]/C
  -------------------------------------------------------------------    -------------------
    SLICE_X8Y35          FDRE (Prop_fdre_C_Q)         0.164     1.609 r  calculatornator/FSM_sequential_state_reg[0]/Q
                         net (fo=17, routed)          0.216     1.825    calculatornator/state[0]
    SLICE_X9Y33          LUT5 (Prop_lut5_I0_O)        0.045     1.870 r  calculatornator/spi_word[34]_i_3/O
                         net (fo=4, routed)           0.254     2.123    oled/oled_data[1]
    SLICE_X10Y33         LUT6 (Prop_lut6_I0_O)        0.045     2.168 r  oled/spi_word[29]_i_2/O
                         net (fo=1, routed)           0.160     2.328    oled/spi_word[29]_i_2_n_0
    SLICE_X10Y33         LUT3 (Prop_lut3_I2_O)        0.045     2.373 r  oled/spi_word[29]_i_1/O
                         net (fo=1, routed)           0.000     2.373    oled/spi_word[29]_i_1_n_0
    SLICE_X10Y33         FDRE                                         r  oled/spi_word_reg[29]/D
  -------------------------------------------------------------------    -------------------

Slack:                    inf
  Source:                 calculatornator/FSM_sequential_state_reg[0]/C
                            (rising edge-triggered cell FDRE clocked by sys_clk_pin  {rise@0.000ns fall@5.000ns period=10.000ns})
  Destination:            oled/spi_word_reg[30]/D
  Path Group:             (none)
  Path Type:              Min at Fast Process Corner
  Data Path Delay:        0.937ns  (logic 0.299ns (31.927%)  route 0.638ns (68.073%))
  Logic Levels:           3  (LUT4=1 LUT5=1 LUT6=1)
  Clock Uncertainty:      0.025ns  ((TSJ^2 + TIJ^2)^1/2 + DJ) / 2 + PE
    Total System Jitter     (TSJ):    0.050ns
    Total Input Jitter      (TIJ):    0.000ns
    Discrete Jitter          (DJ):    0.000ns
    Phase Error              (PE):    0.000ns

    Location             Delay type                Incr(ns)  Path(ns)    Netlist Resource(s)
  -------------------------------------------------------------------    -------------------
                         (clock sys_clk_pin rise edge)
                                                      0.000     0.000 r  
    W5                                                0.000     0.000 r  CLOCK (IN)
                         net (fo=0)                   0.000     0.000    CLOCK
    W5                   IBUF (Prop_ibuf_I_O)         0.226     0.226 r  CLOCK_IBUF_inst/O
                         net (fo=1, routed)           0.631     0.858    CLOCK_IBUF
    BUFGCTRL_X0Y0        BUFG (Prop_bufg_I_O)         0.026     0.884 r  CLOCK_IBUF_BUFG_inst/O
                         net (fo=240, routed)         0.562     1.445    calculatornator/CLOCK_IBUF_BUFG
    SLICE_X8Y35          FDRE                                         r  calculatornator/FSM_sequential_state_reg[0]/C
  -------------------------------------------------------------------    -------------------
    SLICE_X8Y35          FDRE (Prop_fdre_C_Q)         0.164     1.609 r  calculatornator/FSM_sequential_state_reg[0]/Q
                         net (fo=17, routed)          0.216     1.825    calculatornator/state[0]
    SLICE_X9Y33          LUT5 (Prop_lut5_I0_O)        0.045     1.870 r  calculatornator/spi_word[34]_i_3/O
                         net (fo=4, routed)           0.287     2.157    oled/oled_data[1]
    SLICE_X11Y33         LUT4 (Prop_lut4_I2_O)        0.045     2.202 r  oled/spi_word[30]_i_3/O
                         net (fo=1, routed)           0.135     2.337    oled/spi_word[30]_i_3_n_0
    SLICE_X11Y33         LUT6 (Prop_lut6_I3_O)        0.045     2.382 r  oled/spi_word[30]_i_1/O
                         net (fo=1, routed)           0.000     2.382    oled/spi_word[30]_i_1_n_0
    SLICE_X11Y33         FDRE                                         r  oled/spi_word_reg[30]/D
  -------------------------------------------------------------------    -------------------

Slack:                    inf
  Source:                 calculatornator/FSM_sequential_state_reg[0]/C
                            (rising edge-triggered cell FDRE clocked by sys_clk_pin  {rise@0.000ns fall@5.000ns period=10.000ns})
  Destination:            oled/spi_word_reg[32]/D
  Path Group:             (none)
  Path Type:              Min at Fast Process Corner
  Data Path Delay:        0.956ns  (logic 0.298ns (31.168%)  route 0.658ns (68.832%))
  Logic Levels:           3  (LUT3=1 LUT5=1 LUT6=1)
  Clock Uncertainty:      0.025ns  ((TSJ^2 + TIJ^2)^1/2 + DJ) / 2 + PE
    Total System Jitter     (TSJ):    0.050ns
    Total Input Jitter      (TIJ):    0.000ns
    Discrete Jitter          (DJ):    0.000ns
    Phase Error              (PE):    0.000ns

    Location             Delay type                Incr(ns)  Path(ns)    Netlist Resource(s)
  -------------------------------------------------------------------    -------------------
                         (clock sys_clk_pin rise edge)
                                                      0.000     0.000 r  
    W5                                                0.000     0.000 r  CLOCK (IN)
                         net (fo=0)                   0.000     0.000    CLOCK
    W5                   IBUF (Prop_ibuf_I_O)         0.226     0.226 r  CLOCK_IBUF_inst/O
                         net (fo=1, routed)           0.631     0.858    CLOCK_IBUF
    BUFGCTRL_X0Y0        BUFG (Prop_bufg_I_O)         0.026     0.884 r  CLOCK_IBUF_BUFG_inst/O
                         net (fo=240, routed)         0.562     1.445    calculatornator/CLOCK_IBUF_BUFG
    SLICE_X8Y35          FDRE                                         r  calculatornator/FSM_sequential_state_reg[0]/C
  -------------------------------------------------------------------    -------------------
    SLICE_X8Y35          FDRE (Prop_fdre_C_Q)         0.164     1.609 r  calculatornator/FSM_sequential_state_reg[0]/Q
                         net (fo=17, routed)          0.216     1.825    calculatornator/state[0]
    SLICE_X9Y33          LUT5 (Prop_lut5_I0_O)        0.045     1.870 r  calculatornator/spi_word[34]_i_3/O
                         net (fo=4, routed)           0.214     2.083    oled/oled_data[1]
    SLICE_X10Y33         LUT6 (Prop_lut6_I2_O)        0.045     2.128 r  oled/spi_word[32]_i_2/O
                         net (fo=1, routed)           0.229     2.357    oled/spi_word[32]_i_2_n_0
    SLICE_X10Y33         LUT3 (Prop_lut3_I2_O)        0.044     2.401 r  oled/spi_word[32]_i_1/O
                         net (fo=1, routed)           0.000     2.401    oled/spi_word[32]_i_1_n_0
    SLICE_X10Y33         FDRE                                         r  oled/spi_word_reg[32]/D
  -------------------------------------------------------------------    -------------------

Slack:                    inf
  Source:                 mode_reg[0]/C
                            (rising edge-triggered cell FDRE clocked by sys_clk_pin  {rise@0.000ns fall@5.000ns period=10.000ns})
  Destination:            oled/spi_word_reg[39]/D
  Path Group:             (none)
  Path Type:              Min at Fast Process Corner
  Data Path Delay:        1.057ns  (logic 0.276ns (26.101%)  route 0.781ns (73.899%))
  Logic Levels:           3  (LUT6=3)
  Clock Uncertainty:      0.025ns  ((TSJ^2 + TIJ^2)^1/2 + DJ) / 2 + PE
    Total System Jitter     (TSJ):    0.050ns
    Total Input Jitter      (TIJ):    0.000ns
    Discrete Jitter          (DJ):    0.000ns
    Phase Error              (PE):    0.000ns

    Location             Delay type                Incr(ns)  Path(ns)    Netlist Resource(s)
  -------------------------------------------------------------------    -------------------
                         (clock sys_clk_pin rise edge)
                                                      0.000     0.000 r  
    W5                                                0.000     0.000 r  CLOCK (IN)
                         net (fo=0)                   0.000     0.000    CLOCK
    W5                   IBUF (Prop_ibuf_I_O)         0.226     0.226 r  CLOCK_IBUF_inst/O
                         net (fo=1, routed)           0.631     0.858    CLOCK_IBUF
    BUFGCTRL_X0Y0        BUFG (Prop_bufg_I_O)         0.026     0.884 r  CLOCK_IBUF_BUFG_inst/O
                         net (fo=240, routed)         0.586     1.469    CLOCK_IBUF_BUFG
    SLICE_X7Y31          FDRE                                         r  mode_reg[0]/C
  -------------------------------------------------------------------    -------------------
    SLICE_X7Y31          FDRE (Prop_fdre_C_Q)         0.141     1.610 r  mode_reg[0]/Q
                         net (fo=23, routed)          0.191     1.801    oled/mode[2]_i_2_0
    SLICE_X6Y30          LUT6 (Prop_lut6_I4_O)        0.045     1.846 r  oled/spi_word[39]_i_10/O
                         net (fo=2, routed)           0.393     2.239    oled/spi_word[39]_i_10_n_0
    SLICE_X10Y31         LUT6 (Prop_lut6_I1_O)        0.045     2.284 r  oled/spi_word[39]_i_7/O
                         net (fo=1, routed)           0.197     2.482    oled/spi_word[39]_i_7_n_0
    SLICE_X11Y33         LUT6 (Prop_lut6_I5_O)        0.045     2.527 r  oled/spi_word[39]_i_2/O
                         net (fo=1, routed)           0.000     2.527    oled/spi_word[39]_i_2_n_0
    SLICE_X11Y33         FDRE                                         r  oled/spi_word_reg[39]/D
  -------------------------------------------------------------------    -------------------

Slack:                    inf
  Source:                 mode_reg[2]/C
                            (rising edge-triggered cell FDRE clocked by sys_clk_pin  {rise@0.000ns fall@5.000ns period=10.000ns})
  Destination:            oled/spi_word_reg[38]/D
  Path Group:             (none)
  Path Type:              Min at Fast Process Corner
  Data Path Delay:        1.182ns  (logic 0.339ns (28.678%)  route 0.843ns (71.322%))
  Logic Levels:           3  (LUT3=1 LUT6=2)
  Clock Uncertainty:      0.025ns  ((TSJ^2 + TIJ^2)^1/2 + DJ) / 2 + PE
    Total System Jitter     (TSJ):    0.050ns
    Total Input Jitter      (TIJ):    0.000ns
    Discrete Jitter          (DJ):    0.000ns
    Phase Error              (PE):    0.000ns

    Location             Delay type                Incr(ns)  Path(ns)    Netlist Resource(s)
  -------------------------------------------------------------------    -------------------
                         (clock sys_clk_pin rise edge)
                                                      0.000     0.000 r  
    W5                                                0.000     0.000 r  CLOCK (IN)
                         net (fo=0)                   0.000     0.000    CLOCK
    W5                   IBUF (Prop_ibuf_I_O)         0.226     0.226 r  CLOCK_IBUF_inst/O
                         net (fo=1, routed)           0.631     0.858    CLOCK_IBUF
    BUFGCTRL_X0Y0        BUFG (Prop_bufg_I_O)         0.026     0.884 r  CLOCK_IBUF_BUFG_inst/O
                         net (fo=240, routed)         0.586     1.469    CLOCK_IBUF_BUFG
    SLICE_X7Y31          FDRE                                         r  mode_reg[2]/C
  -------------------------------------------------------------------    -------------------
    SLICE_X7Y31          FDRE (Prop_fdre_C_Q)         0.141     1.610 f  mode_reg[2]/Q
                         net (fo=23, routed)          0.430     2.040    oled/mode[2]_i_2
    SLICE_X8Y30          LUT6 (Prop_lut6_I2_O)        0.045     2.085 r  oled/spi_word[38]_i_6/O
                         net (fo=3, routed)           0.345     2.430    oled/spi_word[38]_i_6_n_0
    SLICE_X11Y32         LUT3 (Prop_lut3_I1_O)        0.046     2.476 r  oled/spi_word[38]_i_4/O
                         net (fo=2, routed)           0.068     2.544    oled/spi_word[38]_i_4_n_0
    SLICE_X11Y32         LUT6 (Prop_lut6_I3_O)        0.107     2.651 r  oled/spi_word[38]_i_1/O
                         net (fo=1, routed)           0.000     2.651    oled/spi_word[38]_i_1_n_0
    SLICE_X11Y32         FDRE                                         r  oled/spi_word_reg[38]/D
  -------------------------------------------------------------------    -------------------

Slack:                    inf
  Source:                 mode_reg[2]/C
                            (rising edge-triggered cell FDRE clocked by sys_clk_pin  {rise@0.000ns fall@5.000ns period=10.000ns})
  Destination:            oled/spi_word_reg[35]/D
  Path Group:             (none)
  Path Type:              Min at Fast Process Corner
  Data Path Delay:        1.291ns  (logic 0.275ns (21.304%)  route 1.016ns (78.696%))
  Logic Levels:           3  (LUT3=1 LUT6=2)
  Clock Uncertainty:      0.025ns  ((TSJ^2 + TIJ^2)^1/2 + DJ) / 2 + PE
    Total System Jitter     (TSJ):    0.050ns
    Total Input Jitter      (TIJ):    0.000ns
    Discrete Jitter          (DJ):    0.000ns
    Phase Error              (PE):    0.000ns

    Location             Delay type                Incr(ns)  Path(ns)    Netlist Resource(s)
  -------------------------------------------------------------------    -------------------
                         (clock sys_clk_pin rise edge)
                                                      0.000     0.000 r  
    W5                                                0.000     0.000 r  CLOCK (IN)
                         net (fo=0)                   0.000     0.000    CLOCK
    W5                   IBUF (Prop_ibuf_I_O)         0.226     0.226 r  CLOCK_IBUF_inst/O
                         net (fo=1, routed)           0.631     0.858    CLOCK_IBUF
    BUFGCTRL_X0Y0        BUFG (Prop_bufg_I_O)         0.026     0.884 r  CLOCK_IBUF_BUFG_inst/O
                         net (fo=240, routed)         0.586     1.469    CLOCK_IBUF_BUFG
    SLICE_X7Y31          FDRE                                         r  mode_reg[2]/C
  -------------------------------------------------------------------    -------------------
    SLICE_X7Y31          FDRE (Prop_fdre_C_Q)         0.141     1.610 f  mode_reg[2]/Q
                         net (fo=23, routed)          0.430     2.040    oled/mode[2]_i_2
    SLICE_X8Y30          LUT6 (Prop_lut6_I2_O)        0.045     2.085 r  oled/spi_word[38]_i_6/O
                         net (fo=3, routed)           0.365     2.450    oled/spi_word[38]_i_6_n_0
    SLICE_X9Y32          LUT6 (Prop_lut6_I0_O)        0.045     2.495 r  oled/spi_word[35]_i_2/O
                         net (fo=1, routed)           0.221     2.716    oled/spi_word[35]_i_2_n_0
    SLICE_X9Y32          LUT3 (Prop_lut3_I2_O)        0.044     2.760 r  oled/spi_word[35]_i_1/O
                         net (fo=1, routed)           0.000     2.760    oled/spi_word[35]_i_1_n_0
    SLICE_X9Y32          FDRE                                         r  oled/spi_word_reg[35]/D
  -------------------------------------------------------------------    -------------------

Slack:                    inf
  Source:                 mode_reg[2]/C
                            (rising edge-triggered cell FDRE clocked by sys_clk_pin  {rise@0.000ns fall@5.000ns period=10.000ns})
  Destination:            oled/spi_word_reg[36]/D
  Path Group:             (none)
  Path Type:              Min at Fast Process Corner
  Data Path Delay:        1.366ns  (logic 0.276ns (20.205%)  route 1.090ns (79.795%))
  Logic Levels:           3  (LUT3=1 LUT6=2)
  Clock Uncertainty:      0.025ns  ((TSJ^2 + TIJ^2)^1/2 + DJ) / 2 + PE
    Total System Jitter     (TSJ):    0.050ns
    Total Input Jitter      (TIJ):    0.000ns
    Discrete Jitter          (DJ):    0.000ns
    Phase Error              (PE):    0.000ns

    Location             Delay type                Incr(ns)  Path(ns)    Netlist Resource(s)
  -------------------------------------------------------------------    -------------------
                         (clock sys_clk_pin rise edge)
                                                      0.000     0.000 r  
    W5                                                0.000     0.000 r  CLOCK (IN)
                         net (fo=0)                   0.000     0.000    CLOCK
    W5                   IBUF (Prop_ibuf_I_O)         0.226     0.226 r  CLOCK_IBUF_inst/O
                         net (fo=1, routed)           0.631     0.858    CLOCK_IBUF
    BUFGCTRL_X0Y0        BUFG (Prop_bufg_I_O)         0.026     0.884 r  CLOCK_IBUF_BUFG_inst/O
                         net (fo=240, routed)         0.586     1.469    CLOCK_IBUF_BUFG
    SLICE_X7Y31          FDRE                                         r  mode_reg[2]/C
  -------------------------------------------------------------------    -------------------
    SLICE_X7Y31          FDRE (Prop_fdre_C_Q)         0.141     1.610 f  mode_reg[2]/Q
                         net (fo=23, routed)          0.430     2.040    oled/mode[2]_i_2
    SLICE_X8Y30          LUT6 (Prop_lut6_I2_O)        0.045     2.085 r  oled/spi_word[38]_i_6/O
                         net (fo=3, routed)           0.496     2.581    oled/spi_word[38]_i_6_n_0
    SLICE_X10Y32         LUT6 (Prop_lut6_I1_O)        0.045     2.626 r  oled/spi_word[36]_i_2/O
                         net (fo=1, routed)           0.164     2.790    oled/spi_word[36]_i_2_n_0
    SLICE_X10Y32         LUT3 (Prop_lut3_I2_O)        0.045     2.835 r  oled/spi_word[36]_i_1/O
                         net (fo=1, routed)           0.000     2.835    oled/spi_word[36]_i_1_n_0
    SLICE_X10Y32         FDRE                                         r  oled/spi_word_reg[36]/D
  -------------------------------------------------------------------    -------------------





--------------------------------------------------------------------------------------
Path Group:  (none)
From Clock:  
  To Clock:  sys_clk_pin

Max Delay           277 Endpoints
Min Delay           277 Endpoints
--------------------------------------------------------------------------------------


Max Delay Paths
--------------------------------------------------------------------------------------
Slack:                    inf
  Source:                 sw[2]
                            (input port)
  Destination:            calculatornator/result_reg[7]/D
                            (rising edge-triggered cell FDRE clocked by sys_clk_pin  {rise@0.000ns fall@5.000ns period=10.000ns})
  Path Group:             (none)
  Path Type:              Setup (Max at Slow Process Corner)
  Data Path Delay:        47.149ns  (logic 22.986ns (48.751%)  route 24.163ns (51.249%))
  Logic Levels:           88  (CARRY4=67 IBUF=1 LUT1=1 LUT2=4 LUT3=5 LUT4=2 LUT5=3 LUT6=5)
  Clock Path Skew:        4.859ns (DCD - SCD + CPR)
    Destination Clock Delay (DCD):    4.859ns
    Source Clock Delay      (SCD):    0.000ns
    Clock Pessimism Removal (CPR):    0.000ns
  Clock Uncertainty:      0.025ns  ((TSJ^2 + TIJ^2)^1/2 + DJ) / 2 + PE
    Total System Jitter     (TSJ):    0.050ns
    Total Input Jitter      (TIJ):    0.000ns
    Discrete Jitter          (DJ):    0.000ns
    Phase Error              (PE):    0.000ns

    Location             Delay type                Incr(ns)  Path(ns)    Netlist Resource(s)
  -------------------------------------------------------------------    -------------------
    W16                                               0.000     0.000 r  sw[2] (IN)
                         net (fo=0)                   0.000     0.000    sw[2]
    W16                  IBUF (Prop_ibuf_I_O)         1.464     1.464 r  sw_IBUF[2]_inst/O
                         net (fo=49, routed)          2.335     3.798    calculatornator/sw_IBUF[2]
    SLICE_X0Y34          LUT4 (Prop_lut4_I0_O)        0.124     3.922 r  calculatornator/result[15]_i_4/O
                         net (fo=6, routed)           1.658     5.581    calculatornator/sw[2]
    SLICE_X1Y40          LUT4 (Prop_lut4_I1_O)        0.124     5.705 r  calculatornator/result[15]_i_49/O
                         net (fo=26, routed)          1.285     6.990    calculatornator/result[15]_i_27_n_0
    SLICE_X1Y40          CARRY4 (Prop_carry4_DI[1]_CO[3])
                                                      0.507     7.497 r  calculatornator/result_reg[15]_i_13/CO[3]
                         net (fo=1, routed)           0.000     7.497    calculatornator/result_reg[15]_i_13_n_0
    SLICE_X1Y41          CARRY4 (Prop_carry4_CI_CO[0])
                                                      0.271     7.768 r  calculatornator/result_reg[15]_i_10/CO[0]
                         net (fo=14, routed)          1.059     8.826    calculatornator/result_reg[15]_i_10_n_3
    SLICE_X0Y39          LUT2 (Prop_lut2_I1_O)        0.373     9.199 r  calculatornator/result[14]_i_16/O
                         net (fo=1, routed)           0.000     9.199    calculatornator/result[14]_i_16_n_0
    SLICE_X0Y39          CARRY4 (Prop_carry4_S[1]_CO[3])
                                                      0.550     9.749 r  calculatornator/result_reg[14]_i_7/CO[3]
                         net (fo=1, routed)           0.000     9.749    calculatornator/result_reg[14]_i_7_n_0
    SLICE_X0Y40          CARRY4 (Prop_carry4_CI_CO[3])
                                                      0.114     9.863 r  calculatornator/result_reg[14]_i_4/CO[3]
                         net (fo=1, routed)           0.000     9.863    calculatornator/result_reg[14]_i_4_n_0
    SLICE_X0Y41          CARRY4 (Prop_carry4_CI_CO[2])
                                                      0.228    10.091 r  calculatornator/result_reg[14]_i_2/CO[2]
                         net (fo=16, routed)          1.380    11.471    calculatornator/result_reg[14]_i_2_n_1
    SLICE_X0Y36          LUT5 (Prop_lut5_I0_O)        0.313    11.784 r  calculatornator/result[13]_i_15/O
                         net (fo=1, routed)           0.000    11.784    calculatornator/result[13]_i_15_n_0
    SLICE_X0Y36          CARRY4 (Prop_carry4_S[2]_CO[3])
                                                      0.398    12.182 r  calculatornator/result_reg[13]_i_8/CO[3]
                         net (fo=1, routed)           0.000    12.182    calculatornator/result_reg[13]_i_8_n_0
    SLICE_X0Y37          CARRY4 (Prop_carry4_CI_CO[3])
                                                      0.114    12.296 r  calculatornator/result_reg[13]_i_4/CO[3]
                         net (fo=1, routed)           0.000    12.296    calculatornator/result_reg[13]_i_4_n_0
    SLICE_X0Y38          CARRY4 (Prop_carry4_CI_CO[3])
                                                      0.114    12.410 r  calculatornator/result_reg[13]_i_2/CO[3]
                         net (fo=18, routed)          1.496    13.906    calculatornator/result_reg[13]_i_2_n_0
    SLICE_X3Y36          LUT6 (Prop_lut6_I0_O)        0.124    14.030 r  calculatornator/result[12]_i_21/O
                         net (fo=1, routed)           0.000    14.030    calculatornator/result[12]_i_21_n_0
    SLICE_X3Y36          CARRY4 (Prop_carry4_S[3]_CO[3])
                                                      0.401    14.431 r  calculatornator/result_reg[12]_i_15/CO[3]
                         net (fo=1, routed)           0.000    14.431    calculatornator/result_reg[12]_i_15_n_0
    SLICE_X3Y37          CARRY4 (Prop_carry4_CI_CO[3])
                                                      0.114    14.545 r  calculatornator/result_reg[12]_i_6/CO[3]
                         net (fo=1, routed)           0.000    14.545    calculatornator/result_reg[12]_i_6_n_0
    SLICE_X3Y38          CARRY4 (Prop_carry4_CI_CO[3])
                                                      0.114    14.659 r  calculatornator/result_reg[12]_i_4/CO[3]
                         net (fo=1, routed)           0.000    14.659    calculatornator/result_reg[12]_i_4_n_0
    SLICE_X3Y39          CARRY4 (Prop_carry4_CI_CO[0])
                                                      0.271    14.930 r  calculatornator/result_reg[12]_i_2/CO[0]
                         net (fo=20, routed)          1.558    16.489    calculatornator/result_reg[12]_i_2_n_3
    SLICE_X1Y35          LUT6 (Prop_lut6_I0_O)        0.373    16.862 r  calculatornator/result[11]_i_57/O
                         net (fo=1, routed)           0.000    16.862    calculatornator/result[11]_i_57_n_0
    SLICE_X1Y35          CARRY4 (Prop_carry4_S[3]_CO[3])
                                                      0.401    17.263 r  calculatornator/result_reg[11]_i_24/CO[3]
                         net (fo=1, routed)           0.000    17.263    calculatornator/result_reg[11]_i_24_n_0
    SLICE_X1Y36          CARRY4 (Prop_carry4_CI_CO[3])
                                                      0.114    17.377 r  calculatornator/result_reg[11]_i_15/CO[3]
                         net (fo=1, routed)           0.000    17.377    calculatornator/result_reg[11]_i_15_n_0
    SLICE_X1Y37          CARRY4 (Prop_carry4_CI_CO[3])
                                                      0.114    17.491 r  calculatornator/result_reg[11]_i_5/CO[3]
                         net (fo=1, routed)           0.000    17.491    calculatornator/result_reg[11]_i_5_n_0
    SLICE_X1Y38          CARRY4 (Prop_carry4_CI_CO[1])
                                                      0.157    17.648 r  calculatornator/result_reg[11]_i_2/CO[1]
                         net (fo=22, routed)          1.688    19.335    calculatornator/result_reg[11]_i_2_n_2
    SLICE_X3Y32          LUT2 (Prop_lut2_I1_O)        0.329    19.664 r  calculatornator/result[10]_i_20/O
                         net (fo=1, routed)           0.000    19.664    calculatornator/result[10]_i_20_n_0
    SLICE_X3Y32          CARRY4 (Prop_carry4_S[1]_CO[3])
                                                      0.550    20.214 r  calculatornator/result_reg[10]_i_12/CO[3]
                         net (fo=1, routed)           0.000    20.214    calculatornator/result_reg[10]_i_12_n_0
    SLICE_X3Y33          CARRY4 (Prop_carry4_CI_CO[3])
                                                      0.114    20.328 r  calculatornator/result_reg[10]_i_7/CO[3]
                         net (fo=1, routed)           0.000    20.328    calculatornator/result_reg[10]_i_7_n_0
    SLICE_X3Y34          CARRY4 (Prop_carry4_CI_CO[3])
                                                      0.114    20.442 r  calculatornator/result_reg[10]_i_4/CO[3]
                         net (fo=1, routed)           0.000    20.442    calculatornator/result_reg[10]_i_4_n_0
    SLICE_X3Y35          CARRY4 (Prop_carry4_CI_CO[2])
                                                      0.228    20.670 r  calculatornator/result_reg[10]_i_2/CO[2]
                         net (fo=24, routed)          1.783    22.453    calculatornator/result_reg[10]_i_2_n_1
    SLICE_X4Y36          LUT2 (Prop_lut2_I0_O)        0.313    22.766 r  calculatornator/result[9]_i_11/O
                         net (fo=1, routed)           0.000    22.766    calculatornator/result[9]_i_11_n_0
    SLICE_X4Y36          CARRY4 (Prop_carry4_S[1]_CO[3])
                                                      0.550    23.316 r  calculatornator/result_reg[9]_i_4/CO[3]
                         net (fo=1, routed)           0.000    23.316    calculatornator/result_reg[9]_i_4_n_0
    SLICE_X4Y37          CARRY4 (Prop_carry4_CI_CO[3])
                                                      0.114    23.430 r  calculatornator/result_reg[9]_i_2/CO[3]
                         net (fo=26, routed)          1.710    25.140    calculatornator/result_reg[9]_i_2_n_0
    SLICE_X2Y34          LUT2 (Prop_lut2_I1_O)        0.124    25.264 r  calculatornator/result[8]_i_28/O
                         net (fo=1, routed)           0.000    25.264    calculatornator/result[8]_i_28_n_0
    SLICE_X2Y34          CARRY4 (Prop_carry4_S[1]_CO[3])
                                                      0.533    25.797 r  calculatornator/result_reg[8]_i_20/CO[3]
                         net (fo=1, routed)           0.000    25.797    calculatornator/result_reg[8]_i_20_n_0
    SLICE_X2Y35          CARRY4 (Prop_carry4_CI_CO[3])
                                                      0.117    25.914 r  calculatornator/result_reg[8]_i_15/CO[3]
                         net (fo=1, routed)           0.000    25.914    calculatornator/result_reg[8]_i_15_n_0
    SLICE_X2Y36          CARRY4 (Prop_carry4_CI_CO[3])
                                                      0.117    26.031 r  calculatornator/result_reg[8]_i_6/CO[3]
                         net (fo=1, routed)           0.000    26.031    calculatornator/result_reg[8]_i_6_n_0
    SLICE_X2Y37          CARRY4 (Prop_carry4_CI_CO[3])
                                                      0.117    26.148 r  calculatornator/result_reg[8]_i_4/CO[3]
                         net (fo=1, routed)           0.000    26.148    calculatornator/result_reg[8]_i_4_n_0
    SLICE_X2Y38          CARRY4 (Prop_carry4_CI_CO[0])
                                                      0.254    26.402 r  calculatornator/result_reg[8]_i_2/CO[0]
                         net (fo=28, routed)          1.747    28.149    calculatornator/result_reg[8]_i_2_n_3
    SLICE_X6Y32          LUT5 (Prop_lut5_I3_O)        0.367    28.516 r  calculatornator/result[7]_i_44/O
                         net (fo=1, routed)           0.000    28.516    calculatornator/result[7]_i_44_n_0
    SLICE_X6Y32          CARRY4 (Prop_carry4_S[1]_CO[3])
                                                      0.533    29.049 r  calculatornator/result_reg[7]_i_36/CO[3]
                         net (fo=1, routed)           0.000    29.049    calculatornator/result_reg[7]_i_36_n_0
    SLICE_X6Y33          CARRY4 (Prop_carry4_CI_CO[3])
                                                      0.117    29.166 r  calculatornator/result_reg[7]_i_31/CO[3]
                         net (fo=1, routed)           0.000    29.166    calculatornator/result_reg[7]_i_31_n_0
    SLICE_X6Y34          CARRY4 (Prop_carry4_CI_CO[3])
                                                      0.117    29.283 r  calculatornator/result_reg[7]_i_26/CO[3]
                         net (fo=1, routed)           0.000    29.283    calculatornator/result_reg[7]_i_26_n_0
    SLICE_X6Y35          CARRY4 (Prop_carry4_CI_CO[3])
                                                      0.117    29.400 r  calculatornator/result_reg[7]_i_24/CO[3]
                         net (fo=1, routed)           0.000    29.400    calculatornator/result_reg[7]_i_24_n_0
    SLICE_X6Y36          CARRY4 (Prop_carry4_CI_CO[1])
                                                      0.157    29.557 r  calculatornator/result_reg[7]_i_23/CO[1]
                         net (fo=29, routed)          0.751    30.308    calculatornator/result_reg[7]_i_23_n_2
    SLICE_X5Y32          LUT3 (Prop_lut3_I0_O)        0.332    30.640 r  calculatornator/result[6]_i_24/O
                         net (fo=1, routed)           0.000    30.640    calculatornator/result[6]_i_24_n_0
    SLICE_X5Y32          CARRY4 (Prop_carry4_S[1]_CO[3])
                                                      0.550    31.190 r  calculatornator/result_reg[6]_i_17/CO[3]
                         net (fo=1, routed)           0.000    31.190    calculatornator/result_reg[6]_i_17_n_0
    SLICE_X5Y33          CARRY4 (Prop_carry4_CI_CO[3])
                                                      0.114    31.304 r  calculatornator/result_reg[6]_i_12/CO[3]
                         net (fo=1, routed)           0.000    31.304    calculatornator/result_reg[6]_i_12_n_0
    SLICE_X5Y34          CARRY4 (Prop_carry4_CI_CO[3])
                                                      0.114    31.418 r  calculatornator/result_reg[6]_i_7/CO[3]
                         net (fo=1, routed)           0.000    31.418    calculatornator/result_reg[6]_i_7_n_0
    SLICE_X5Y35          CARRY4 (Prop_carry4_CI_CO[3])
                                                      0.114    31.532 r  calculatornator/result_reg[6]_i_4/CO[3]
                         net (fo=1, routed)           0.000    31.532    calculatornator/result_reg[6]_i_4_n_0
    SLICE_X5Y36          CARRY4 (Prop_carry4_CI_CO[1])
                                                      0.157    31.689 r  calculatornator/result_reg[6]_i_3/CO[1]
                         net (fo=29, routed)          0.545    32.234    calculatornator/result10_in[6]
    SLICE_X5Y37          LUT3 (Prop_lut3_I0_O)        0.329    32.563 r  calculatornator/result[5]_i_24/O
                         net (fo=1, routed)           0.000    32.563    calculatornator/result[5]_i_24_n_0
    SLICE_X5Y37          CARRY4 (Prop_carry4_S[1]_CO[3])
                                                      0.550    33.113 r  calculatornator/result_reg[5]_i_17/CO[3]
                         net (fo=1, routed)           0.000    33.113    calculatornator/result_reg[5]_i_17_n_0
    SLICE_X5Y38          CARRY4 (Prop_carry4_CI_CO[3])
                                                      0.114    33.227 r  calculatornator/result_reg[5]_i_12/CO[3]
                         net (fo=1, routed)           0.000    33.227    calculatornator/result_reg[5]_i_12_n_0
    SLICE_X5Y39          CARRY4 (Prop_carry4_CI_CO[3])
                                                      0.114    33.341 r  calculatornator/result_reg[5]_i_7/CO[3]
                         net (fo=1, routed)           0.000    33.341    calculatornator/result_reg[5]_i_7_n_0
    SLICE_X5Y40          CARRY4 (Prop_carry4_CI_CO[3])
                                                      0.114    33.455 r  calculatornator/result_reg[5]_i_4/CO[3]
                         net (fo=1, routed)           0.000    33.455    calculatornator/result_reg[5]_i_4_n_0
    SLICE_X5Y41          CARRY4 (Prop_carry4_CI_CO[1])
                                                      0.157    33.612 r  calculatornator/result_reg[5]_i_3/CO[1]
                         net (fo=29, routed)          0.845    34.457    calculatornator/result10_in[5]
    SLICE_X7Y37          LUT3 (Prop_lut3_I0_O)        0.329    34.786 r  calculatornator/result[4]_i_26/O
                         net (fo=1, routed)           0.000    34.786    calculatornator/result[4]_i_26_n_0
    SLICE_X7Y37          CARRY4 (Prop_carry4_S[1]_CO[3])
                                                      0.550    35.336 r  calculatornator/result_reg[4]_i_18/CO[3]
                         net (fo=1, routed)           0.000    35.336    calculatornator/result_reg[4]_i_18_n_0
    SLICE_X7Y38          CARRY4 (Prop_carry4_CI_CO[3])
                                                      0.114    35.450 r  calculatornator/result_reg[4]_i_13/CO[3]
                         net (fo=1, routed)           0.000    35.450    calculatornator/result_reg[4]_i_13_n_0
    SLICE_X7Y39          CARRY4 (Prop_carry4_CI_CO[3])
                                                      0.114    35.564 r  calculatornator/result_reg[4]_i_5/CO[3]
                         net (fo=1, routed)           0.000    35.564    calculatornator/result_reg[4]_i_5_n_0
    SLICE_X7Y40          CARRY4 (Prop_carry4_CI_CO[1])
                                                      0.157    35.721 r  calculatornator/result_reg[4]_i_3/CO[1]
                         net (fo=29, routed)          0.611    36.332    calculatornator/result10_in[4]
    SLICE_X6Y41          LUT3 (Prop_lut3_I0_O)        0.329    36.661 r  calculatornator/result[3]_i_40/O
                         net (fo=1, routed)           0.000    36.661    calculatornator/result[3]_i_40_n_0
    SLICE_X6Y41          CARRY4 (Prop_carry4_S[1]_CO[3])
                                                      0.533    37.194 r  calculatornator/result_reg[3]_i_32/CO[3]
                         net (fo=1, routed)           0.000    37.194    calculatornator/result_reg[3]_i_32_n_0
    SLICE_X6Y42          CARRY4 (Prop_carry4_CI_CO[3])
                                                      0.117    37.311 r  calculatornator/result_reg[3]_i_26/CO[3]
                         net (fo=1, routed)           0.000    37.311    calculatornator/result_reg[3]_i_26_n_0
    SLICE_X6Y43          CARRY4 (Prop_carry4_CI_CO[3])
                                                      0.117    37.428 r  calculatornator/result_reg[3]_i_16/CO[3]
                         net (fo=1, routed)           0.000    37.428    calculatornator/result_reg[3]_i_16_n_0
    SLICE_X6Y44          CARRY4 (Prop_carry4_CI_CO[1])
                                                      0.157    37.585 r  calculatornator/result_reg[3]_i_14/CO[1]
                         net (fo=29, routed)          0.723    38.308    calculatornator/result10_in[3]
    SLICE_X7Y41          LUT6 (Prop_lut6_I0_O)        0.332    38.640 r  calculatornator/result[2]_i_33/O
                         net (fo=1, routed)           0.000    38.640    calculatornator/result[2]_i_33_n_0
    SLICE_X7Y41          CARRY4 (Prop_carry4_S[1]_CO[3])
                                                      0.550    39.190 r  calculatornator/result_reg[2]_i_26/CO[3]
                         net (fo=1, routed)           0.000    39.190    calculatornator/result_reg[2]_i_26_n_0
    SLICE_X7Y42          CARRY4 (Prop_carry4_CI_CO[3])
                                                      0.114    39.304 r  calculatornator/result_reg[2]_i_21/CO[3]
                         net (fo=1, routed)           0.000    39.304    calculatornator/result_reg[2]_i_21_n_0
    SLICE_X7Y43          CARRY4 (Prop_carry4_CI_CO[3])
                                                      0.114    39.418 r  calculatornator/result_reg[2]_i_16/CO[3]
                         net (fo=1, routed)           0.000    39.418    calculatornator/result_reg[2]_i_16_n_0
    SLICE_X7Y44          CARRY4 (Prop_carry4_CI_CO[3])
                                                      0.114    39.532 r  calculatornator/result_reg[2]_i_13/CO[3]
                         net (fo=1, routed)           0.000    39.532    calculatornator/result_reg[2]_i_13_n_0
    SLICE_X7Y45          CARRY4 (Prop_carry4_CI_CO[1])
                                                      0.157    39.689 r  calculatornator/result_reg[2]_i_11/CO[1]
                         net (fo=29, routed)          0.735    40.425    calculatornator/result10_in[2]
    SLICE_X5Y42          LUT5 (Prop_lut5_I0_O)        0.329    40.754 r  calculatornator/result[1]_i_25/O
                         net (fo=1, routed)           0.000    40.754    calculatornator/result[1]_i_25_n_0
    SLICE_X5Y42          CARRY4 (Prop_carry4_S[1]_CO[3])
                                                      0.550    41.304 r  calculatornator/result_reg[1]_i_17/CO[3]
                         net (fo=1, routed)           0.000    41.304    calculatornator/result_reg[1]_i_17_n_0
    SLICE_X5Y43          CARRY4 (Prop_carry4_CI_CO[3])
                                                      0.114    41.418 r  calculatornator/result_reg[1]_i_12/CO[3]
                         net (fo=1, routed)           0.000    41.418    calculatornator/result_reg[1]_i_12_n_0
    SLICE_X5Y44          CARRY4 (Prop_carry4_CI_CO[3])
                                                      0.114    41.532 r  calculatornator/result_reg[1]_i_7/CO[3]
                         net (fo=1, routed)           0.000    41.532    calculatornator/result_reg[1]_i_7_n_0
    SLICE_X5Y45          CARRY4 (Prop_carry4_CI_CO[3])
                                                      0.114    41.646 r  calculatornator/result_reg[1]_i_4/CO[3]
                         net (fo=1, routed)           0.000    41.646    calculatornator/result_reg[1]_i_4_n_0
    SLICE_X5Y46          CARRY4 (Prop_carry4_CI_CO[1])
                                                      0.157    41.803 r  calculatornator/result_reg[1]_i_3/CO[1]
                         net (fo=29, routed)          0.886    42.688    calculatornator/result10_in[1]
    SLICE_X4Y42          LUT3 (Prop_lut3_I0_O)        0.329    43.017 r  calculatornator/result[0]_i_23/O
                         net (fo=1, routed)           0.000    43.017    calculatornator/result[0]_i_23_n_0
    SLICE_X4Y42          CARRY4 (Prop_carry4_S[0]_CO[3])
                                                      0.532    43.549 r  calculatornator/result_reg[0]_i_15/CO[3]
                         net (fo=1, routed)           0.000    43.549    calculatornator/result_reg[0]_i_15_n_0
    SLICE_X4Y43          CARRY4 (Prop_carry4_CI_CO[3])
                                                      0.114    43.663 r  calculatornator/result_reg[0]_i_10/CO[3]
                         net (fo=1, routed)           0.000    43.663    calculatornator/result_reg[0]_i_10_n_0
    SLICE_X4Y44          CARRY4 (Prop_carry4_CI_CO[3])
                                                      0.114    43.777 r  calculatornator/result_reg[0]_i_5/CO[3]
                         net (fo=1, routed)           0.000    43.777    calculatornator/result_reg[0]_i_5_n_0
    SLICE_X4Y45          CARRY4 (Prop_carry4_CI_CO[3])
                                                      0.114    43.891 r  calculatornator/result_reg[0]_i_3/CO[3]
                         net (fo=1, routed)           0.000    43.891    calculatornator/result_reg[0]_i_3_n_0
    SLICE_X4Y46          CARRY4 (Prop_carry4_CI_CO[0])
                                                      0.271    44.162 f  calculatornator/result_reg[0]_i_2/CO[0]
                         net (fo=2, routed)           0.309    44.471    calculatornator/result10_in[0]
    SLICE_X5Y47          LUT1 (Prop_lut1_I0_O)        0.373    44.844 r  calculatornator/result[4]_i_8/O
                         net (fo=1, routed)           0.336    45.180    calculatornator/result[4]_i_8_n_0
    SLICE_X4Y48          CARRY4 (Prop_carry4_CYINIT_CO[3])
                                                      0.580    45.760 r  calculatornator/result_reg[4]_i_4/CO[3]
                         net (fo=1, routed)           0.000    45.760    calculatornator/result_reg[4]_i_4_n_0
    SLICE_X4Y49          CARRY4 (Prop_carry4_CI_O[2])
                                                      0.239    45.999 r  calculatornator/result_reg[8]_i_5/O[2]
                         net (fo=1, routed)           0.440    46.439    calculatornator/result1[7]
    SLICE_X5Y47          LUT6 (Prop_lut6_I1_O)        0.302    46.741 r  calculatornator/result[7]_i_5/O
                         net (fo=1, routed)           0.284    47.025    calculatornator/result[7]_i_5_n_0
    SLICE_X7Y47          LUT6 (Prop_lut6_I5_O)        0.124    47.149 r  calculatornator/result[7]_i_1/O
                         net (fo=1, routed)           0.000    47.149    calculatornator/p_2_in[7]
    SLICE_X7Y47          FDRE                                         r  calculatornator/result_reg[7]/D
  -------------------------------------------------------------------    -------------------

                         (clock sys_clk_pin rise edge)
                                                      0.000     0.000 r  
    W5                                                0.000     0.000 r  CLOCK (IN)
                         net (fo=0)                   0.000     0.000    CLOCK
    W5                   IBUF (Prop_ibuf_I_O)         1.388     1.388 r  CLOCK_IBUF_inst/O
                         net (fo=1, routed)           1.862     3.250    CLOCK_IBUF
    BUFGCTRL_X0Y0        BUFG (Prop_bufg_I_O)         0.091     3.341 r  CLOCK_IBUF_BUFG_inst/O
                         net (fo=240, routed)         1.518     4.859    calculatornator/CLOCK_IBUF_BUFG
    SLICE_X7Y47          FDRE                                         r  calculatornator/result_reg[7]/C

Slack:                    inf
  Source:                 sw[2]
                            (input port)
  Destination:            calculatornator/result_reg[12]/D
                            (rising edge-triggered cell FDRE clocked by sys_clk_pin  {rise@0.000ns fall@5.000ns period=10.000ns})
  Path Group:             (none)
  Path Type:              Setup (Max at Slow Process Corner)
  Data Path Delay:        47.095ns  (logic 23.178ns (49.215%)  route 23.917ns (50.785%))
  Logic Levels:           89  (CARRY4=68 IBUF=1 LUT1=1 LUT2=4 LUT3=5 LUT4=2 LUT5=3 LUT6=5)
  Clock Path Skew:        4.851ns (DCD - SCD + CPR)
    Destination Clock Delay (DCD):    4.851ns
    Source Clock Delay      (SCD):    0.000ns
    Clock Pessimism Removal (CPR):    0.000ns
  Clock Uncertainty:      0.025ns  ((TSJ^2 + TIJ^2)^1/2 + DJ) / 2 + PE
    Total System Jitter     (TSJ):    0.050ns
    Total Input Jitter      (TIJ):    0.000ns
    Discrete Jitter          (DJ):    0.000ns
    Phase Error              (PE):    0.000ns

    Location             Delay type                Incr(ns)  Path(ns)    Netlist Resource(s)
  -------------------------------------------------------------------    -------------------
    W16                                               0.000     0.000 r  sw[2] (IN)
                         net (fo=0)                   0.000     0.000    sw[2]
    W16                  IBUF (Prop_ibuf_I_O)         1.464     1.464 r  sw_IBUF[2]_inst/O
                         net (fo=49, routed)          2.335     3.798    calculatornator/sw_IBUF[2]
    SLICE_X0Y34          LUT4 (Prop_lut4_I0_O)        0.124     3.922 r  calculatornator/result[15]_i_4/O
                         net (fo=6, routed)           1.658     5.581    calculatornator/sw[2]
    SLICE_X1Y40          LUT4 (Prop_lut4_I1_O)        0.124     5.705 r  calculatornator/result[15]_i_49/O
                         net (fo=26, routed)          1.285     6.990    calculatornator/result[15]_i_27_n_0
    SLICE_X1Y40          CARRY4 (Prop_carry4_DI[1]_CO[3])
                                                      0.507     7.497 r  calculatornator/result_reg[15]_i_13/CO[3]
                         net (fo=1, routed)           0.000     7.497    calculatornator/result_reg[15]_i_13_n_0
    SLICE_X1Y41          CARRY4 (Prop_carry4_CI_CO[0])
                                                      0.271     7.768 r  calculatornator/result_reg[15]_i_10/CO[0]
                         net (fo=14, routed)          1.059     8.826    calculatornator/result_reg[15]_i_10_n_3
    SLICE_X0Y39          LUT2 (Prop_lut2_I1_O)        0.373     9.199 r  calculatornator/result[14]_i_16/O
                         net (fo=1, routed)           0.000     9.199    calculatornator/result[14]_i_16_n_0
    SLICE_X0Y39          CARRY4 (Prop_carry4_S[1]_CO[3])
                                                      0.550     9.749 r  calculatornator/result_reg[14]_i_7/CO[3]
                         net (fo=1, routed)           0.000     9.749    calculatornator/result_reg[14]_i_7_n_0
    SLICE_X0Y40          CARRY4 (Prop_carry4_CI_CO[3])
                                                      0.114     9.863 r  calculatornator/result_reg[14]_i_4/CO[3]
                         net (fo=1, routed)           0.000     9.863    calculatornator/result_reg[14]_i_4_n_0
    SLICE_X0Y41          CARRY4 (Prop_carry4_CI_CO[2])
                                                      0.228    10.091 r  calculatornator/result_reg[14]_i_2/CO[2]
                         net (fo=16, routed)          1.380    11.471    calculatornator/result_reg[14]_i_2_n_1
    SLICE_X0Y36          LUT5 (Prop_lut5_I0_O)        0.313    11.784 r  calculatornator/result[13]_i_15/O
                         net (fo=1, routed)           0.000    11.784    calculatornator/result[13]_i_15_n_0
    SLICE_X0Y36          CARRY4 (Prop_carry4_S[2]_CO[3])
                                                      0.398    12.182 r  calculatornator/result_reg[13]_i_8/CO[3]
                         net (fo=1, routed)           0.000    12.182    calculatornator/result_reg[13]_i_8_n_0
    SLICE_X0Y37          CARRY4 (Prop_carry4_CI_CO[3])
                                                      0.114    12.296 r  calculatornator/result_reg[13]_i_4/CO[3]
                         net (fo=1, routed)           0.000    12.296    calculatornator/result_reg[13]_i_4_n_0
    SLICE_X0Y38          CARRY4 (Prop_carry4_CI_CO[3])
                                                      0.114    12.410 r  calculatornator/result_reg[13]_i_2/CO[3]
                         net (fo=18, routed)          1.496    13.906    calculatornator/result_reg[13]_i_2_n_0
    SLICE_X3Y36          LUT6 (Prop_lut6_I0_O)        0.124    14.030 r  calculatornator/result[12]_i_21/O
                         net (fo=1, routed)           0.000    14.030    calculatornator/result[12]_i_21_n_0
    SLICE_X3Y36          CARRY4 (Prop_carry4_S[3]_CO[3])
                                                      0.401    14.431 r  calculatornator/result_reg[12]_i_15/CO[3]
                         net (fo=1, routed)           0.000    14.431    calculatornator/result_reg[12]_i_15_n_0
    SLICE_X3Y37          CARRY4 (Prop_carry4_CI_CO[3])
                                                      0.114    14.545 r  calculatornator/result_reg[12]_i_6/CO[3]
                         net (fo=1, routed)           0.000    14.545    calculatornator/result_reg[12]_i_6_n_0
    SLICE_X3Y38          CARRY4 (Prop_carry4_CI_CO[3])
                                                      0.114    14.659 r  calculatornator/result_reg[12]_i_4/CO[3]
                         net (fo=1, routed)           0.000    14.659    calculatornator/result_reg[12]_i_4_n_0
    SLICE_X3Y39          CARRY4 (Prop_carry4_CI_CO[0])
                                                      0.271    14.930 r  calculatornator/result_reg[12]_i_2/CO[0]
                         net (fo=20, routed)          1.558    16.489    calculatornator/result_reg[12]_i_2_n_3
    SLICE_X1Y35          LUT6 (Prop_lut6_I0_O)        0.373    16.862 r  calculatornator/result[11]_i_57/O
                         net (fo=1, routed)           0.000    16.862    calculatornator/result[11]_i_57_n_0
    SLICE_X1Y35          CARRY4 (Prop_carry4_S[3]_CO[3])
                                                      0.401    17.263 r  calculatornator/result_reg[11]_i_24/CO[3]
                         net (fo=1, routed)           0.000    17.263    calculatornator/result_reg[11]_i_24_n_0
    SLICE_X1Y36          CARRY4 (Prop_carry4_CI_CO[3])
                                                      0.114    17.377 r  calculatornator/result_reg[11]_i_15/CO[3]
                         net (fo=1, routed)           0.000    17.377    calculatornator/result_reg[11]_i_15_n_0
    SLICE_X1Y37          CARRY4 (Prop_carry4_CI_CO[3])
                                                      0.114    17.491 r  calculatornator/result_reg[11]_i_5/CO[3]
                         net (fo=1, routed)           0.000    17.491    calculatornator/result_reg[11]_i_5_n_0
    SLICE_X1Y38          CARRY4 (Prop_carry4_CI_CO[1])
                                                      0.157    17.648 r  calculatornator/result_reg[11]_i_2/CO[1]
                         net (fo=22, routed)          1.688    19.335    calculatornator/result_reg[11]_i_2_n_2
    SLICE_X3Y32          LUT2 (Prop_lut2_I1_O)        0.329    19.664 r  calculatornator/result[10]_i_20/O
                         net (fo=1, routed)           0.000    19.664    calculatornator/result[10]_i_20_n_0
    SLICE_X3Y32          CARRY4 (Prop_carry4_S[1]_CO[3])
                                                      0.550    20.214 r  calculatornator/result_reg[10]_i_12/CO[3]
                         net (fo=1, routed)           0.000    20.214    calculatornator/result_reg[10]_i_12_n_0
    SLICE_X3Y33          CARRY4 (Prop_carry4_CI_CO[3])
                                                      0.114    20.328 r  calculatornator/result_reg[10]_i_7/CO[3]
                         net (fo=1, routed)           0.000    20.328    calculatornator/result_reg[10]_i_7_n_0
    SLICE_X3Y34          CARRY4 (Prop_carry4_CI_CO[3])
                                                      0.114    20.442 r  calculatornator/result_reg[10]_i_4/CO[3]
                         net (fo=1, routed)           0.000    20.442    calculatornator/result_reg[10]_i_4_n_0
    SLICE_X3Y35          CARRY4 (Prop_carry4_CI_CO[2])
                                                      0.228    20.670 r  calculatornator/result_reg[10]_i_2/CO[2]
                         net (fo=24, routed)          1.783    22.453    calculatornator/result_reg[10]_i_2_n_1
    SLICE_X4Y36          LUT2 (Prop_lut2_I0_O)        0.313    22.766 r  calculatornator/result[9]_i_11/O
                         net (fo=1, routed)           0.000    22.766    calculatornator/result[9]_i_11_n_0
    SLICE_X4Y36          CARRY4 (Prop_carry4_S[1]_CO[3])
                                                      0.550    23.316 r  calculatornator/result_reg[9]_i_4/CO[3]
                         net (fo=1, routed)           0.000    23.316    calculatornator/result_reg[9]_i_4_n_0
    SLICE_X4Y37          CARRY4 (Prop_carry4_CI_CO[3])
                                                      0.114    23.430 r  calculatornator/result_reg[9]_i_2/CO[3]
                         net (fo=26, routed)          1.710    25.140    calculatornator/result_reg[9]_i_2_n_0
    SLICE_X2Y34          LUT2 (Prop_lut2_I1_O)        0.124    25.264 r  calculatornator/result[8]_i_28/O
                         net (fo=1, routed)           0.000    25.264    calculatornator/result[8]_i_28_n_0
    SLICE_X2Y34          CARRY4 (Prop_carry4_S[1]_CO[3])
                                                      0.533    25.797 r  calculatornator/result_reg[8]_i_20/CO[3]
                         net (fo=1, routed)           0.000    25.797    calculatornator/result_reg[8]_i_20_n_0
    SLICE_X2Y35          CARRY4 (Prop_carry4_CI_CO[3])
                                                      0.117    25.914 r  calculatornator/result_reg[8]_i_15/CO[3]
                         net (fo=1, routed)           0.000    25.914    calculatornator/result_reg[8]_i_15_n_0
    SLICE_X2Y36          CARRY4 (Prop_carry4_CI_CO[3])
                                                      0.117    26.031 r  calculatornator/result_reg[8]_i_6/CO[3]
                         net (fo=1, routed)           0.000    26.031    calculatornator/result_reg[8]_i_6_n_0
    SLICE_X2Y37          CARRY4 (Prop_carry4_CI_CO[3])
                                                      0.117    26.148 r  calculatornator/result_reg[8]_i_4/CO[3]
                         net (fo=1, routed)           0.000    26.148    calculatornator/result_reg[8]_i_4_n_0
    SLICE_X2Y38          CARRY4 (Prop_carry4_CI_CO[0])
                                                      0.254    26.402 r  calculatornator/result_reg[8]_i_2/CO[0]
                         net (fo=28, routed)          1.747    28.149    calculatornator/result_reg[8]_i_2_n_3
    SLICE_X6Y32          LUT5 (Prop_lut5_I3_O)        0.367    28.516 r  calculatornator/result[7]_i_44/O
                         net (fo=1, routed)           0.000    28.516    calculatornator/result[7]_i_44_n_0
    SLICE_X6Y32          CARRY4 (Prop_carry4_S[1]_CO[3])
                                                      0.533    29.049 r  calculatornator/result_reg[7]_i_36/CO[3]
                         net (fo=1, routed)           0.000    29.049    calculatornator/result_reg[7]_i_36_n_0
    SLICE_X6Y33          CARRY4 (Prop_carry4_CI_CO[3])
                                                      0.117    29.166 r  calculatornator/result_reg[7]_i_31/CO[3]
                         net (fo=1, routed)           0.000    29.166    calculatornator/result_reg[7]_i_31_n_0
    SLICE_X6Y34          CARRY4 (Prop_carry4_CI_CO[3])
                                                      0.117    29.283 r  calculatornator/result_reg[7]_i_26/CO[3]
                         net (fo=1, routed)           0.000    29.283    calculatornator/result_reg[7]_i_26_n_0
    SLICE_X6Y35          CARRY4 (Prop_carry4_CI_CO[3])
                                                      0.117    29.400 r  calculatornator/result_reg[7]_i_24/CO[3]
                         net (fo=1, routed)           0.000    29.400    calculatornator/result_reg[7]_i_24_n_0
    SLICE_X6Y36          CARRY4 (Prop_carry4_CI_CO[1])
                                                      0.157    29.557 r  calculatornator/result_reg[7]_i_23/CO[1]
                         net (fo=29, routed)          0.751    30.308    calculatornator/result_reg[7]_i_23_n_2
    SLICE_X5Y32          LUT3 (Prop_lut3_I0_O)        0.332    30.640 r  calculatornator/result[6]_i_24/O
                         net (fo=1, routed)           0.000    30.640    calculatornator/result[6]_i_24_n_0
    SLICE_X5Y32          CARRY4 (Prop_carry4_S[1]_CO[3])
                                                      0.550    31.190 r  calculatornator/result_reg[6]_i_17/CO[3]
                         net (fo=1, routed)           0.000    31.190    calculatornator/result_reg[6]_i_17_n_0
    SLICE_X5Y33          CARRY4 (Prop_carry4_CI_CO[3])
                                                      0.114    31.304 r  calculatornator/result_reg[6]_i_12/CO[3]
                         net (fo=1, routed)           0.000    31.304    calculatornator/result_reg[6]_i_12_n_0
    SLICE_X5Y34          CARRY4 (Prop_carry4_CI_CO[3])
                                                      0.114    31.418 r  calculatornator/result_reg[6]_i_7/CO[3]
                         net (fo=1, routed)           0.000    31.418    calculatornator/result_reg[6]_i_7_n_0
    SLICE_X5Y35          CARRY4 (Prop_carry4_CI_CO[3])
                                                      0.114    31.532 r  calculatornator/result_reg[6]_i_4/CO[3]
                         net (fo=1, routed)           0.000    31.532    calculatornator/result_reg[6]_i_4_n_0
    SLICE_X5Y36          CARRY4 (Prop_carry4_CI_CO[1])
                                                      0.157    31.689 r  calculatornator/result_reg[6]_i_3/CO[1]
                         net (fo=29, routed)          0.545    32.234    calculatornator/result10_in[6]
    SLICE_X5Y37          LUT3 (Prop_lut3_I0_O)        0.329    32.563 r  calculatornator/result[5]_i_24/O
                         net (fo=1, routed)           0.000    32.563    calculatornator/result[5]_i_24_n_0
    SLICE_X5Y37          CARRY4 (Prop_carry4_S[1]_CO[3])
                                                      0.550    33.113 r  calculatornator/result_reg[5]_i_17/CO[3]
                         net (fo=1, routed)           0.000    33.113    calculatornator/result_reg[5]_i_17_n_0
    SLICE_X5Y38          CARRY4 (Prop_carry4_CI_CO[3])
                                                      0.114    33.227 r  calculatornator/result_reg[5]_i_12/CO[3]
                         net (fo=1, routed)           0.000    33.227    calculatornator/result_reg[5]_i_12_n_0
    SLICE_X5Y39          CARRY4 (Prop_carry4_CI_CO[3])
                                                      0.114    33.341 r  calculatornator/result_reg[5]_i_7/CO[3]
                         net (fo=1, routed)           0.000    33.341    calculatornator/result_reg[5]_i_7_n_0
    SLICE_X5Y40          CARRY4 (Prop_carry4_CI_CO[3])
                                                      0.114    33.455 r  calculatornator/result_reg[5]_i_4/CO[3]
                         net (fo=1, routed)           0.000    33.455    calculatornator/result_reg[5]_i_4_n_0
    SLICE_X5Y41          CARRY4 (Prop_carry4_CI_CO[1])
                                                      0.157    33.612 r  calculatornator/result_reg[5]_i_3/CO[1]
                         net (fo=29, routed)          0.845    34.457    calculatornator/result10_in[5]
    SLICE_X7Y37          LUT3 (Prop_lut3_I0_O)        0.329    34.786 r  calculatornator/result[4]_i_26/O
                         net (fo=1, routed)           0.000    34.786    calculatornator/result[4]_i_26_n_0
    SLICE_X7Y37          CARRY4 (Prop_carry4_S[1]_CO[3])
                                                      0.550    35.336 r  calculatornator/result_reg[4]_i_18/CO[3]
                         net (fo=1, routed)           0.000    35.336    calculatornator/result_reg[4]_i_18_n_0
    SLICE_X7Y38          CARRY4 (Prop_carry4_CI_CO[3])
                                                      0.114    35.450 r  calculatornator/result_reg[4]_i_13/CO[3]
                         net (fo=1, routed)           0.000    35.450    calculatornator/result_reg[4]_i_13_n_0
    SLICE_X7Y39          CARRY4 (Prop_carry4_CI_CO[3])
                                                      0.114    35.564 r  calculatornator/result_reg[4]_i_5/CO[3]
                         net (fo=1, routed)           0.000    35.564    calculatornator/result_reg[4]_i_5_n_0
    SLICE_X7Y40          CARRY4 (Prop_carry4_CI_CO[1])
                                                      0.157    35.721 r  calculatornator/result_reg[4]_i_3/CO[1]
                         net (fo=29, routed)          0.611    36.332    calculatornator/result10_in[4]
    SLICE_X6Y41          LUT3 (Prop_lut3_I0_O)        0.329    36.661 r  calculatornator/result[3]_i_40/O
                         net (fo=1, routed)           0.000    36.661    calculatornator/result[3]_i_40_n_0
    SLICE_X6Y41          CARRY4 (Prop_carry4_S[1]_CO[3])
                                                      0.533    37.194 r  calculatornator/result_reg[3]_i_32/CO[3]
                         net (fo=1, routed)           0.000    37.194    calculatornator/result_reg[3]_i_32_n_0
    SLICE_X6Y42          CARRY4 (Prop_carry4_CI_CO[3])
                                                      0.117    37.311 r  calculatornator/result_reg[3]_i_26/CO[3]
                         net (fo=1, routed)           0.000    37.311    calculatornator/result_reg[3]_i_26_n_0
    SLICE_X6Y43          CARRY4 (Prop_carry4_CI_CO[3])
                                                      0.117    37.428 r  calculatornator/result_reg[3]_i_16/CO[3]
                         net (fo=1, routed)           0.000    37.428    calculatornator/result_reg[3]_i_16_n_0
    SLICE_X6Y44          CARRY4 (Prop_carry4_CI_CO[1])
                                                      0.157    37.585 r  calculatornator/result_reg[3]_i_14/CO[1]
                         net (fo=29, routed)          0.723    38.308    calculatornator/result10_in[3]
    SLICE_X7Y41          LUT6 (Prop_lut6_I0_O)        0.332    38.640 r  calculatornator/result[2]_i_33/O
                         net (fo=1, routed)           0.000    38.640    calculatornator/result[2]_i_33_n_0
    SLICE_X7Y41          CARRY4 (Prop_carry4_S[1]_CO[3])
                                                      0.550    39.190 r  calculatornator/result_reg[2]_i_26/CO[3]
                         net (fo=1, routed)           0.000    39.190    calculatornator/result_reg[2]_i_26_n_0
    SLICE_X7Y42          CARRY4 (Prop_carry4_CI_CO[3])
                                                      0.114    39.304 r  calculatornator/result_reg[2]_i_21/CO[3]
                         net (fo=1, routed)           0.000    39.304    calculatornator/result_reg[2]_i_21_n_0
    SLICE_X7Y43          CARRY4 (Prop_carry4_CI_CO[3])
                                                      0.114    39.418 r  calculatornator/result_reg[2]_i_16/CO[3]
                         net (fo=1, routed)           0.000    39.418    calculatornator/result_reg[2]_i_16_n_0
    SLICE_X7Y44          CARRY4 (Prop_carry4_CI_CO[3])
                                                      0.114    39.532 r  calculatornator/result_reg[2]_i_13/CO[3]
                         net (fo=1, routed)           0.000    39.532    calculatornator/result_reg[2]_i_13_n_0
    SLICE_X7Y45          CARRY4 (Prop_carry4_CI_CO[1])
                                                      0.157    39.689 r  calculatornator/result_reg[2]_i_11/CO[1]
                         net (fo=29, routed)          0.735    40.425    calculatornator/result10_in[2]
    SLICE_X5Y42          LUT5 (Prop_lut5_I0_O)        0.329    40.754 r  calculatornator/result[1]_i_25/O
                         net (fo=1, routed)           0.000    40.754    calculatornator/result[1]_i_25_n_0
    SLICE_X5Y42          CARRY4 (Prop_carry4_S[1]_CO[3])
                                                      0.550    41.304 r  calculatornator/result_reg[1]_i_17/CO[3]
                         net (fo=1, routed)           0.000    41.304    calculatornator/result_reg[1]_i_17_n_0
    SLICE_X5Y43          CARRY4 (Prop_carry4_CI_CO[3])
                                                      0.114    41.418 r  calculatornator/result_reg[1]_i_12/CO[3]
                         net (fo=1, routed)           0.000    41.418    calculatornator/result_reg[1]_i_12_n_0
    SLICE_X5Y44          CARRY4 (Prop_carry4_CI_CO[3])
                                                      0.114    41.532 r  calculatornator/result_reg[1]_i_7/CO[3]
                         net (fo=1, routed)           0.000    41.532    calculatornator/result_reg[1]_i_7_n_0
    SLICE_X5Y45          CARRY4 (Prop_carry4_CI_CO[3])
                                                      0.114    41.646 r  calculatornator/result_reg[1]_i_4/CO[3]
                         net (fo=1, routed)           0.000    41.646    calculatornator/result_reg[1]_i_4_n_0
    SLICE_X5Y46          CARRY4 (Prop_carry4_CI_CO[1])
                                                      0.157    41.803 r  calculatornator/result_reg[1]_i_3/CO[1]
                         net (fo=29, routed)          0.886    42.688    calculatornator/result10_in[1]
    SLICE_X4Y42          LUT3 (Prop_lut3_I0_O)        0.329    43.017 r  calculatornator/result[0]_i_23/O
                         net (fo=1, routed)           0.000    43.017    calculatornator/result[0]_i_23_n_0
    SLICE_X4Y42          CARRY4 (Prop_carry4_S[0]_CO[3])
                                                      0.532    43.549 r  calculatornator/result_reg[0]_i_15/CO[3]
                         net (fo=1, routed)           0.000    43.549    calculatornator/result_reg[0]_i_15_n_0
    SLICE_X4Y43          CARRY4 (Prop_carry4_CI_CO[3])
                                                      0.114    43.663 r  calculatornator/result_reg[0]_i_10/CO[3]
                         net (fo=1, routed)           0.000    43.663    calculatornator/result_reg[0]_i_10_n_0
    SLICE_X4Y44          CARRY4 (Prop_carry4_CI_CO[3])
                                                      0.114    43.777 r  calculatornator/result_reg[0]_i_5/CO[3]
                         net (fo=1, routed)           0.000    43.777    calculatornator/result_reg[0]_i_5_n_0
    SLICE_X4Y45          CARRY4 (Prop_carry4_CI_CO[3])
                                                      0.114    43.891 r  calculatornator/result_reg[0]_i_3/CO[3]
                         net (fo=1, routed)           0.000    43.891    calculatornator/result_reg[0]_i_3_n_0
    SLICE_X4Y46          CARRY4 (Prop_carry4_CI_CO[0])
                                                      0.271    44.162 f  calculatornator/result_reg[0]_i_2/CO[0]
                         net (fo=2, routed)           0.309    44.471    calculatornator/result10_in[0]
    SLICE_X5Y47          LUT1 (Prop_lut1_I0_O)        0.373    44.844 r  calculatornator/result[4]_i_8/O
                         net (fo=1, routed)           0.336    45.180    calculatornator/result[4]_i_8_n_0
    SLICE_X4Y48          CARRY4 (Prop_carry4_CYINIT_CO[3])
                                                      0.580    45.760 r  calculatornator/result_reg[4]_i_4/CO[3]
                         net (fo=1, routed)           0.000    45.760    calculatornator/result_reg[4]_i_4_n_0
    SLICE_X4Y49          CARRY4 (Prop_carry4_CI_CO[3])
                                                      0.114    45.874 r  calculatornator/result_reg[8]_i_5/CO[3]
                         net (fo=1, routed)           0.001    45.874    calculatornator/result_reg[8]_i_5_n_0
    SLICE_X4Y50          CARRY4 (Prop_carry4_CI_O[3])
                                                      0.313    46.187 r  calculatornator/result_reg[12]_i_5/O[3]
                         net (fo=1, routed)           0.316    46.503    calculatornator/result1[12]
    SLICE_X2Y50          LUT6 (Prop_lut6_I0_O)        0.306    46.809 r  calculatornator/result[12]_i_3/O
                         net (fo=1, routed)           0.162    46.971    calculatornator/result[12]_i_3_n_0
    SLICE_X2Y50          LUT6 (Prop_lut6_I5_O)        0.124    47.095 r  calculatornator/result[12]_i_1/O
                         net (fo=1, routed)           0.000    47.095    calculatornator/p_2_in[12]
    SLICE_X2Y50          FDRE                                         r  calculatornator/result_reg[12]/D
  -------------------------------------------------------------------    -------------------

                         (clock sys_clk_pin rise edge)
                                                      0.000     0.000 r  
    W5                                                0.000     0.000 r  CLOCK (IN)
                         net (fo=0)                   0.000     0.000    CLOCK
    W5                   IBUF (Prop_ibuf_I_O)         1.388     1.388 r  CLOCK_IBUF_inst/O
                         net (fo=1, routed)           1.862     3.250    CLOCK_IBUF
    BUFGCTRL_X0Y0        BUFG (Prop_bufg_I_O)         0.091     3.341 r  CLOCK_IBUF_BUFG_inst/O
                         net (fo=240, routed)         1.510     4.851    calculatornator/CLOCK_IBUF_BUFG
    SLICE_X2Y50          FDRE                                         r  calculatornator/result_reg[12]/C

Slack:                    inf
  Source:                 sw[2]
                            (input port)
  Destination:            calculatornator/result_reg[14]/D
                            (rising edge-triggered cell FDRE clocked by sys_clk_pin  {rise@0.000ns fall@5.000ns period=10.000ns})
  Path Group:             (none)
  Path Type:              Setup (Max at Slow Process Corner)
  Data Path Delay:        47.059ns  (logic 23.186ns (49.270%)  route 23.873ns (50.730%))
  Logic Levels:           89  (CARRY4=69 IBUF=1 LUT1=1 LUT2=4 LUT3=5 LUT4=2 LUT5=4 LUT6=3)
  Clock Path Skew:        4.849ns (DCD - SCD + CPR)
    Destination Clock Delay (DCD):    4.849ns
    Source Clock Delay      (SCD):    0.000ns
    Clock Pessimism Removal (CPR):    0.000ns
  Clock Uncertainty:      0.025ns  ((TSJ^2 + TIJ^2)^1/2 + DJ) / 2 + PE
    Total System Jitter     (TSJ):    0.050ns
    Total Input Jitter      (TIJ):    0.000ns
    Discrete Jitter          (DJ):    0.000ns
    Phase Error              (PE):    0.000ns

    Location             Delay type                Incr(ns)  Path(ns)    Netlist Resource(s)
  -------------------------------------------------------------------    -------------------
    W16                                               0.000     0.000 r  sw[2] (IN)
                         net (fo=0)                   0.000     0.000    sw[2]
    W16                  IBUF (Prop_ibuf_I_O)         1.464     1.464 r  sw_IBUF[2]_inst/O
                         net (fo=49, routed)          2.335     3.798    calculatornator/sw_IBUF[2]
    SLICE_X0Y34          LUT4 (Prop_lut4_I0_O)        0.124     3.922 r  calculatornator/result[15]_i_4/O
                         net (fo=6, routed)           1.658     5.581    calculatornator/sw[2]
    SLICE_X1Y40          LUT4 (Prop_lut4_I1_O)        0.124     5.705 r  calculatornator/result[15]_i_49/O
                         net (fo=26, routed)          1.285     6.990    calculatornator/result[15]_i_27_n_0
    SLICE_X1Y40          CARRY4 (Prop_carry4_DI[1]_CO[3])
                                                      0.507     7.497 r  calculatornator/result_reg[15]_i_13/CO[3]
                         net (fo=1, routed)           0.000     7.497    calculatornator/result_reg[15]_i_13_n_0
    SLICE_X1Y41          CARRY4 (Prop_carry4_CI_CO[0])
                                                      0.271     7.768 r  calculatornator/result_reg[15]_i_10/CO[0]
                         net (fo=14, routed)          1.059     8.826    calculatornator/result_reg[15]_i_10_n_3
    SLICE_X0Y39          LUT2 (Prop_lut2_I1_O)        0.373     9.199 r  calculatornator/result[14]_i_16/O
                         net (fo=1, routed)           0.000     9.199    calculatornator/result[14]_i_16_n_0
    SLICE_X0Y39          CARRY4 (Prop_carry4_S[1]_CO[3])
                                                      0.550     9.749 r  calculatornator/result_reg[14]_i_7/CO[3]
                         net (fo=1, routed)           0.000     9.749    calculatornator/result_reg[14]_i_7_n_0
    SLICE_X0Y40          CARRY4 (Prop_carry4_CI_CO[3])
                                                      0.114     9.863 r  calculatornator/result_reg[14]_i_4/CO[3]
                         net (fo=1, routed)           0.000     9.863    calculatornator/result_reg[14]_i_4_n_0
    SLICE_X0Y41          CARRY4 (Prop_carry4_CI_CO[2])
                                                      0.228    10.091 r  calculatornator/result_reg[14]_i_2/CO[2]
                         net (fo=16, routed)          1.380    11.471    calculatornator/result_reg[14]_i_2_n_1
    SLICE_X0Y36          LUT5 (Prop_lut5_I0_O)        0.313    11.784 r  calculatornator/result[13]_i_15/O
                         net (fo=1, routed)           0.000    11.784    calculatornator/result[13]_i_15_n_0
    SLICE_X0Y36          CARRY4 (Prop_carry4_S[2]_CO[3])
                                                      0.398    12.182 r  calculatornator/result_reg[13]_i_8/CO[3]
                         net (fo=1, routed)           0.000    12.182    calculatornator/result_reg[13]_i_8_n_0
    SLICE_X0Y37          CARRY4 (Prop_carry4_CI_CO[3])
                                                      0.114    12.296 r  calculatornator/result_reg[13]_i_4/CO[3]
                         net (fo=1, routed)           0.000    12.296    calculatornator/result_reg[13]_i_4_n_0
    SLICE_X0Y38          CARRY4 (Prop_carry4_CI_CO[3])
                                                      0.114    12.410 r  calculatornator/result_reg[13]_i_2/CO[3]
                         net (fo=18, routed)          1.496    13.906    calculatornator/result_reg[13]_i_2_n_0
    SLICE_X3Y36          LUT6 (Prop_lut6_I0_O)        0.124    14.030 r  calculatornator/result[12]_i_21/O
                         net (fo=1, routed)           0.000    14.030    calculatornator/result[12]_i_21_n_0
    SLICE_X3Y36          CARRY4 (Prop_carry4_S[3]_CO[3])
                                                      0.401    14.431 r  calculatornator/result_reg[12]_i_15/CO[3]
                         net (fo=1, routed)           0.000    14.431    calculatornator/result_reg[12]_i_15_n_0
    SLICE_X3Y37          CARRY4 (Prop_carry4_CI_CO[3])
                                                      0.114    14.545 r  calculatornator/result_reg[12]_i_6/CO[3]
                         net (fo=1, routed)           0.000    14.545    calculatornator/result_reg[12]_i_6_n_0
    SLICE_X3Y38          CARRY4 (Prop_carry4_CI_CO[3])
                                                      0.114    14.659 r  calculatornator/result_reg[12]_i_4/CO[3]
                         net (fo=1, routed)           0.000    14.659    calculatornator/result_reg[12]_i_4_n_0
    SLICE_X3Y39          CARRY4 (Prop_carry4_CI_CO[0])
                                                      0.271    14.930 r  calculatornator/result_reg[12]_i_2/CO[0]
                         net (fo=20, routed)          1.558    16.489    calculatornator/result_reg[12]_i_2_n_3
    SLICE_X1Y35          LUT6 (Prop_lut6_I0_O)        0.373    16.862 r  calculatornator/result[11]_i_57/O
                         net (fo=1, routed)           0.000    16.862    calculatornator/result[11]_i_57_n_0
    SLICE_X1Y35          CARRY4 (Prop_carry4_S[3]_CO[3])
                                                      0.401    17.263 r  calculatornator/result_reg[11]_i_24/CO[3]
                         net (fo=1, routed)           0.000    17.263    calculatornator/result_reg[11]_i_24_n_0
    SLICE_X1Y36          CARRY4 (Prop_carry4_CI_CO[3])
                                                      0.114    17.377 r  calculatornator/result_reg[11]_i_15/CO[3]
                         net (fo=1, routed)           0.000    17.377    calculatornator/result_reg[11]_i_15_n_0
    SLICE_X1Y37          CARRY4 (Prop_carry4_CI_CO[3])
                                                      0.114    17.491 r  calculatornator/result_reg[11]_i_5/CO[3]
                         net (fo=1, routed)           0.000    17.491    calculatornator/result_reg[11]_i_5_n_0
    SLICE_X1Y38          CARRY4 (Prop_carry4_CI_CO[1])
                                                      0.157    17.648 r  calculatornator/result_reg[11]_i_2/CO[1]
                         net (fo=22, routed)          1.688    19.335    calculatornator/result_reg[11]_i_2_n_2
    SLICE_X3Y32          LUT2 (Prop_lut2_I1_O)        0.329    19.664 r  calculatornator/result[10]_i_20/O
                         net (fo=1, routed)           0.000    19.664    calculatornator/result[10]_i_20_n_0
    SLICE_X3Y32          CARRY4 (Prop_carry4_S[1]_CO[3])
                                                      0.550    20.214 r  calculatornator/result_reg[10]_i_12/CO[3]
                         net (fo=1, routed)           0.000    20.214    calculatornator/result_reg[10]_i_12_n_0
    SLICE_X3Y33          CARRY4 (Prop_carry4_CI_CO[3])
                                                      0.114    20.328 r  calculatornator/result_reg[10]_i_7/CO[3]
                         net (fo=1, routed)           0.000    20.328    calculatornator/result_reg[10]_i_7_n_0
    SLICE_X3Y34          CARRY4 (Prop_carry4_CI_CO[3])
                                                      0.114    20.442 r  calculatornator/result_reg[10]_i_4/CO[3]
                         net (fo=1, routed)           0.000    20.442    calculatornator/result_reg[10]_i_4_n_0
    SLICE_X3Y35          CARRY4 (Prop_carry4_CI_CO[2])
                                                      0.228    20.670 r  calculatornator/result_reg[10]_i_2/CO[2]
                         net (fo=24, routed)          1.783    22.453    calculatornator/result_reg[10]_i_2_n_1
    SLICE_X4Y36          LUT2 (Prop_lut2_I0_O)        0.313    22.766 r  calculatornator/result[9]_i_11/O
                         net (fo=1, routed)           0.000    22.766    calculatornator/result[9]_i_11_n_0
    SLICE_X4Y36          CARRY4 (Prop_carry4_S[1]_CO[3])
                                                      0.550    23.316 r  calculatornator/result_reg[9]_i_4/CO[3]
                         net (fo=1, routed)           0.000    23.316    calculatornator/result_reg[9]_i_4_n_0
    SLICE_X4Y37          CARRY4 (Prop_carry4_CI_CO[3])
                                                      0.114    23.430 r  calculatornator/result_reg[9]_i_2/CO[3]
                         net (fo=26, routed)          1.710    25.140    calculatornator/result_reg[9]_i_2_n_0
    SLICE_X2Y34          LUT2 (Prop_lut2_I1_O)        0.124    25.264 r  calculatornator/result[8]_i_28/O
                         net (fo=1, routed)           0.000    25.264    calculatornator/result[8]_i_28_n_0
    SLICE_X2Y34          CARRY4 (Prop_carry4_S[1]_CO[3])
                                                      0.533    25.797 r  calculatornator/result_reg[8]_i_20/CO[3]
                         net (fo=1, routed)           0.000    25.797    calculatornator/result_reg[8]_i_20_n_0
    SLICE_X2Y35          CARRY4 (Prop_carry4_CI_CO[3])
                                                      0.117    25.914 r  calculatornator/result_reg[8]_i_15/CO[3]
                         net (fo=1, routed)           0.000    25.914    calculatornator/result_reg[8]_i_15_n_0
    SLICE_X2Y36          CARRY4 (Prop_carry4_CI_CO[3])
                                                      0.117    26.031 r  calculatornator/result_reg[8]_i_6/CO[3]
                         net (fo=1, routed)           0.000    26.031    calculatornator/result_reg[8]_i_6_n_0
    SLICE_X2Y37          CARRY4 (Prop_carry4_CI_CO[3])
                                                      0.117    26.148 r  calculatornator/result_reg[8]_i_4/CO[3]
                         net (fo=1, routed)           0.000    26.148    calculatornator/result_reg[8]_i_4_n_0
    SLICE_X2Y38          CARRY4 (Prop_carry4_CI_CO[0])
                                                      0.254    26.402 r  calculatornator/result_reg[8]_i_2/CO[0]
                         net (fo=28, routed)          1.747    28.149    calculatornator/result_reg[8]_i_2_n_3
    SLICE_X6Y32          LUT5 (Prop_lut5_I3_O)        0.367    28.516 r  calculatornator/result[7]_i_44/O
                         net (fo=1, routed)           0.000    28.516    calculatornator/result[7]_i_44_n_0
    SLICE_X6Y32          CARRY4 (Prop_carry4_S[1]_CO[3])
                                                      0.533    29.049 r  calculatornator/result_reg[7]_i_36/CO[3]
                         net (fo=1, routed)           0.000    29.049    calculatornator/result_reg[7]_i_36_n_0
    SLICE_X6Y33          CARRY4 (Prop_carry4_CI_CO[3])
                                                      0.117    29.166 r  calculatornator/result_reg[7]_i_31/CO[3]
                         net (fo=1, routed)           0.000    29.166    calculatornator/result_reg[7]_i_31_n_0
    SLICE_X6Y34          CARRY4 (Prop_carry4_CI_CO[3])
                                                      0.117    29.283 r  calculatornator/result_reg[7]_i_26/CO[3]
                         net (fo=1, routed)           0.000    29.283    calculatornator/result_reg[7]_i_26_n_0
    SLICE_X6Y35          CARRY4 (Prop_carry4_CI_CO[3])
                                                      0.117    29.400 r  calculatornator/result_reg[7]_i_24/CO[3]
                         net (fo=1, routed)           0.000    29.400    calculatornator/result_reg[7]_i_24_n_0
    SLICE_X6Y36          CARRY4 (Prop_carry4_CI_CO[1])
                                                      0.157    29.557 r  calculatornator/result_reg[7]_i_23/CO[1]
                         net (fo=29, routed)          0.751    30.308    calculatornator/result_reg[7]_i_23_n_2
    SLICE_X5Y32          LUT3 (Prop_lut3_I0_O)        0.332    30.640 r  calculatornator/result[6]_i_24/O
                         net (fo=1, routed)           0.000    30.640    calculatornator/result[6]_i_24_n_0
    SLICE_X5Y32          CARRY4 (Prop_carry4_S[1]_CO[3])
                                                      0.550    31.190 r  calculatornator/result_reg[6]_i_17/CO[3]
                         net (fo=1, routed)           0.000    31.190    calculatornator/result_reg[6]_i_17_n_0
    SLICE_X5Y33          CARRY4 (Prop_carry4_CI_CO[3])
                                                      0.114    31.304 r  calculatornator/result_reg[6]_i_12/CO[3]
                         net (fo=1, routed)           0.000    31.304    calculatornator/result_reg[6]_i_12_n_0
    SLICE_X5Y34          CARRY4 (Prop_carry4_CI_CO[3])
                                                      0.114    31.418 r  calculatornator/result_reg[6]_i_7/CO[3]
                         net (fo=1, routed)           0.000    31.418    calculatornator/result_reg[6]_i_7_n_0
    SLICE_X5Y35          CARRY4 (Prop_carry4_CI_CO[3])
                                                      0.114    31.532 r  calculatornator/result_reg[6]_i_4/CO[3]
                         net (fo=1, routed)           0.000    31.532    calculatornator/result_reg[6]_i_4_n_0
    SLICE_X5Y36          CARRY4 (Prop_carry4_CI_CO[1])
                                                      0.157    31.689 r  calculatornator/result_reg[6]_i_3/CO[1]
                         net (fo=29, routed)          0.545    32.234    calculatornator/result10_in[6]
    SLICE_X5Y37          LUT3 (Prop_lut3_I0_O)        0.329    32.563 r  calculatornator/result[5]_i_24/O
                         net (fo=1, routed)           0.000    32.563    calculatornator/result[5]_i_24_n_0
    SLICE_X5Y37          CARRY4 (Prop_carry4_S[1]_CO[3])
                                                      0.550    33.113 r  calculatornator/result_reg[5]_i_17/CO[3]
                         net (fo=1, routed)           0.000    33.113    calculatornator/result_reg[5]_i_17_n_0
    SLICE_X5Y38          CARRY4 (Prop_carry4_CI_CO[3])
                                                      0.114    33.227 r  calculatornator/result_reg[5]_i_12/CO[3]
                         net (fo=1, routed)           0.000    33.227    calculatornator/result_reg[5]_i_12_n_0
    SLICE_X5Y39          CARRY4 (Prop_carry4_CI_CO[3])
                                                      0.114    33.341 r  calculatornator/result_reg[5]_i_7/CO[3]
                         net (fo=1, routed)           0.000    33.341    calculatornator/result_reg[5]_i_7_n_0
    SLICE_X5Y40          CARRY4 (Prop_carry4_CI_CO[3])
                                                      0.114    33.455 r  calculatornator/result_reg[5]_i_4/CO[3]
                         net (fo=1, routed)           0.000    33.455    calculatornator/result_reg[5]_i_4_n_0
    SLICE_X5Y41          CARRY4 (Prop_carry4_CI_CO[1])
                                                      0.157    33.612 r  calculatornator/result_reg[5]_i_3/CO[1]
                         net (fo=29, routed)          0.845    34.457    calculatornator/result10_in[5]
    SLICE_X7Y37          LUT3 (Prop_lut3_I0_O)        0.329    34.786 r  calculatornator/result[4]_i_26/O
                         net (fo=1, routed)           0.000    34.786    calculatornator/result[4]_i_26_n_0
    SLICE_X7Y37          CARRY4 (Prop_carry4_S[1]_CO[3])
                                                      0.550    35.336 r  calculatornator/result_reg[4]_i_18/CO[3]
                         net (fo=1, routed)           0.000    35.336    calculatornator/result_reg[4]_i_18_n_0
    SLICE_X7Y38          CARRY4 (Prop_carry4_CI_CO[3])
                                                      0.114    35.450 r  calculatornator/result_reg[4]_i_13/CO[3]
                         net (fo=1, routed)           0.000    35.450    calculatornator/result_reg[4]_i_13_n_0
    SLICE_X7Y39          CARRY4 (Prop_carry4_CI_CO[3])
                                                      0.114    35.564 r  calculatornator/result_reg[4]_i_5/CO[3]
                         net (fo=1, routed)           0.000    35.564    calculatornator/result_reg[4]_i_5_n_0
    SLICE_X7Y40          CARRY4 (Prop_carry4_CI_CO[1])
                                                      0.157    35.721 r  calculatornator/result_reg[4]_i_3/CO[1]
                         net (fo=29, routed)          0.611    36.332    calculatornator/result10_in[4]
    SLICE_X6Y41          LUT3 (Prop_lut3_I0_O)        0.329    36.661 r  calculatornator/result[3]_i_40/O
                         net (fo=1, routed)           0.000    36.661    calculatornator/result[3]_i_40_n_0
    SLICE_X6Y41          CARRY4 (Prop_carry4_S[1]_CO[3])
                                                      0.533    37.194 r  calculatornator/result_reg[3]_i_32/CO[3]
                         net (fo=1, routed)           0.000    37.194    calculatornator/result_reg[3]_i_32_n_0
    SLICE_X6Y42          CARRY4 (Prop_carry4_CI_CO[3])
                                                      0.117    37.311 r  calculatornator/result_reg[3]_i_26/CO[3]
                         net (fo=1, routed)           0.000    37.311    calculatornator/result_reg[3]_i_26_n_0
    SLICE_X6Y43          CARRY4 (Prop_carry4_CI_CO[3])
                                                      0.117    37.428 r  calculatornator/result_reg[3]_i_16/CO[3]
                         net (fo=1, routed)           0.000    37.428    calculatornator/result_reg[3]_i_16_n_0
    SLICE_X6Y44          CARRY4 (Prop_carry4_CI_CO[1])
                                                      0.157    37.585 r  calculatornator/result_reg[3]_i_14/CO[1]
                         net (fo=29, routed)          0.723    38.308    calculatornator/result10_in[3]
    SLICE_X7Y41          LUT6 (Prop_lut6_I0_O)        0.332    38.640 r  calculatornator/result[2]_i_33/O
                         net (fo=1, routed)           0.000    38.640    calculatornator/result[2]_i_33_n_0
    SLICE_X7Y41          CARRY4 (Prop_carry4_S[1]_CO[3])
                                                      0.550    39.190 r  calculatornator/result_reg[2]_i_26/CO[3]
                         net (fo=1, routed)           0.000    39.190    calculatornator/result_reg[2]_i_26_n_0
    SLICE_X7Y42          CARRY4 (Prop_carry4_CI_CO[3])
                                                      0.114    39.304 r  calculatornator/result_reg[2]_i_21/CO[3]
                         net (fo=1, routed)           0.000    39.304    calculatornator/result_reg[2]_i_21_n_0
    SLICE_X7Y43          CARRY4 (Prop_carry4_CI_CO[3])
                                                      0.114    39.418 r  calculatornator/result_reg[2]_i_16/CO[3]
                         net (fo=1, routed)           0.000    39.418    calculatornator/result_reg[2]_i_16_n_0
    SLICE_X7Y44          CARRY4 (Prop_carry4_CI_CO[3])
                                                      0.114    39.532 r  calculatornator/result_reg[2]_i_13/CO[3]
                         net (fo=1, routed)           0.000    39.532    calculatornator/result_reg[2]_i_13_n_0
    SLICE_X7Y45          CARRY4 (Prop_carry4_CI_CO[1])
                                                      0.157    39.689 r  calculatornator/result_reg[2]_i_11/CO[1]
                         net (fo=29, routed)          0.735    40.425    calculatornator/result10_in[2]
    SLICE_X5Y42          LUT5 (Prop_lut5_I0_O)        0.329    40.754 r  calculatornator/result[1]_i_25/O
                         net (fo=1, routed)           0.000    40.754    calculatornator/result[1]_i_25_n_0
    SLICE_X5Y42          CARRY4 (Prop_carry4_S[1]_CO[3])
                                                      0.550    41.304 r  calculatornator/result_reg[1]_i_17/CO[3]
                         net (fo=1, routed)           0.000    41.304    calculatornator/result_reg[1]_i_17_n_0
    SLICE_X5Y43          CARRY4 (Prop_carry4_CI_CO[3])
                                                      0.114    41.418 r  calculatornator/result_reg[1]_i_12/CO[3]
                         net (fo=1, routed)           0.000    41.418    calculatornator/result_reg[1]_i_12_n_0
    SLICE_X5Y44          CARRY4 (Prop_carry4_CI_CO[3])
                                                      0.114    41.532 r  calculatornator/result_reg[1]_i_7/CO[3]
                         net (fo=1, routed)           0.000    41.532    calculatornator/result_reg[1]_i_7_n_0
    SLICE_X5Y45          CARRY4 (Prop_carry4_CI_CO[3])
                                                      0.114    41.646 r  calculatornator/result_reg[1]_i_4/CO[3]
                         net (fo=1, routed)           0.000    41.646    calculatornator/result_reg[1]_i_4_n_0
    SLICE_X5Y46          CARRY4 (Prop_carry4_CI_CO[1])
                                                      0.157    41.803 r  calculatornator/result_reg[1]_i_3/CO[1]
                         net (fo=29, routed)          0.886    42.688    calculatornator/result10_in[1]
    SLICE_X4Y42          LUT3 (Prop_lut3_I0_O)        0.329    43.017 r  calculatornator/result[0]_i_23/O
                         net (fo=1, routed)           0.000    43.017    calculatornator/result[0]_i_23_n_0
    SLICE_X4Y42          CARRY4 (Prop_carry4_S[0]_CO[3])
                                                      0.532    43.549 r  calculatornator/result_reg[0]_i_15/CO[3]
                         net (fo=1, routed)           0.000    43.549    calculatornator/result_reg[0]_i_15_n_0
    SLICE_X4Y43          CARRY4 (Prop_carry4_CI_CO[3])
                                                      0.114    43.663 r  calculatornator/result_reg[0]_i_10/CO[3]
                         net (fo=1, routed)           0.000    43.663    calculatornator/result_reg[0]_i_10_n_0
    SLICE_X4Y44          CARRY4 (Prop_carry4_CI_CO[3])
                                                      0.114    43.777 r  calculatornator/result_reg[0]_i_5/CO[3]
                         net (fo=1, routed)           0.000    43.777    calculatornator/result_reg[0]_i_5_n_0
    SLICE_X4Y45          CARRY4 (Prop_carry4_CI_CO[3])
                                                      0.114    43.891 r  calculatornator/result_reg[0]_i_3/CO[3]
                         net (fo=1, routed)           0.000    43.891    calculatornator/result_reg[0]_i_3_n_0
    SLICE_X4Y46          CARRY4 (Prop_carry4_CI_CO[0])
                                                      0.271    44.162 f  calculatornator/result_reg[0]_i_2/CO[0]
                         net (fo=2, routed)           0.309    44.471    calculatornator/result10_in[0]
    SLICE_X5Y47          LUT1 (Prop_lut1_I0_O)        0.373    44.844 r  calculatornator/result[4]_i_8/O
                         net (fo=1, routed)           0.336    45.180    calculatornator/result[4]_i_8_n_0
    SLICE_X4Y48          CARRY4 (Prop_carry4_CYINIT_CO[3])
                                                      0.580    45.760 r  calculatornator/result_reg[4]_i_4/CO[3]
                         net (fo=1, routed)           0.000    45.760    calculatornator/result_reg[4]_i_4_n_0
    SLICE_X4Y49          CARRY4 (Prop_carry4_CI_CO[3])
                                                      0.114    45.874 r  calculatornator/result_reg[8]_i_5/CO[3]
                         net (fo=1, routed)           0.001    45.874    calculatornator/result_reg[8]_i_5_n_0
    SLICE_X4Y50          CARRY4 (Prop_carry4_CI_CO[3])
                                                      0.114    45.988 r  calculatornator/result_reg[12]_i_5/CO[3]
                         net (fo=1, routed)           0.000    45.988    calculatornator/result_reg[12]_i_5_n_0
    SLICE_X4Y51          CARRY4 (Prop_carry4_CI_O[1])
                                                      0.334    46.322 r  calculatornator/result_reg[15]_i_20/O[1]
                         net (fo=1, routed)           0.433    46.756    calculatornator/result1[14]
    SLICE_X7Y51          LUT5 (Prop_lut5_I4_O)        0.303    47.059 r  calculatornator/result[14]_i_1_comp/O
                         net (fo=1, routed)           0.000    47.059    calculatornator/p_2_in[14]
    SLICE_X7Y51          FDRE                                         r  calculatornator/result_reg[14]/D
  -------------------------------------------------------------------    -------------------

                         (clock sys_clk_pin rise edge)
                                                      0.000     0.000 r  
    W5                                                0.000     0.000 r  CLOCK (IN)
                         net (fo=0)                   0.000     0.000    CLOCK
    W5                   IBUF (Prop_ibuf_I_O)         1.388     1.388 r  CLOCK_IBUF_inst/O
                         net (fo=1, routed)           1.862     3.250    CLOCK_IBUF
    BUFGCTRL_X0Y0        BUFG (Prop_bufg_I_O)         0.091     3.341 r  CLOCK_IBUF_BUFG_inst/O
                         net (fo=240, routed)         1.508     4.849    calculatornator/CLOCK_IBUF_BUFG
    SLICE_X7Y51          FDRE                                         r  calculatornator/result_reg[14]/C

Slack:                    inf
  Source:                 sw[2]
                            (input port)
  Destination:            calculatornator/result_reg[13]/D
                            (rising edge-triggered cell FDRE clocked by sys_clk_pin  {rise@0.000ns fall@5.000ns period=10.000ns})
  Path Group:             (none)
  Path Type:              Setup (Max at Slow Process Corner)
  Data Path Delay:        46.994ns  (logic 23.070ns (49.091%)  route 23.924ns (50.909%))
  Logic Levels:           89  (CARRY4=69 IBUF=1 LUT1=1 LUT2=4 LUT3=5 LUT4=2 LUT5=4 LUT6=3)
  Clock Path Skew:        4.849ns (DCD - SCD + CPR)
    Destination Clock Delay (DCD):    4.849ns
    Source Clock Delay      (SCD):    0.000ns
    Clock Pessimism Removal (CPR):    0.000ns
  Clock Uncertainty:      0.025ns  ((TSJ^2 + TIJ^2)^1/2 + DJ) / 2 + PE
    Total System Jitter     (TSJ):    0.050ns
    Total Input Jitter      (TIJ):    0.000ns
    Discrete Jitter          (DJ):    0.000ns
    Phase Error              (PE):    0.000ns

    Location             Delay type                Incr(ns)  Path(ns)    Netlist Resource(s)
  -------------------------------------------------------------------    -------------------
    W16                                               0.000     0.000 r  sw[2] (IN)
                         net (fo=0)                   0.000     0.000    sw[2]
    W16                  IBUF (Prop_ibuf_I_O)         1.464     1.464 r  sw_IBUF[2]_inst/O
                         net (fo=49, routed)          2.335     3.798    calculatornator/sw_IBUF[2]
    SLICE_X0Y34          LUT4 (Prop_lut4_I0_O)        0.124     3.922 r  calculatornator/result[15]_i_4/O
                         net (fo=6, routed)           1.658     5.581    calculatornator/sw[2]
    SLICE_X1Y40          LUT4 (Prop_lut4_I1_O)        0.124     5.705 r  calculatornator/result[15]_i_49/O
                         net (fo=26, routed)          1.285     6.990    calculatornator/result[15]_i_27_n_0
    SLICE_X1Y40          CARRY4 (Prop_carry4_DI[1]_CO[3])
                                                      0.507     7.497 r  calculatornator/result_reg[15]_i_13/CO[3]
                         net (fo=1, routed)           0.000     7.497    calculatornator/result_reg[15]_i_13_n_0
    SLICE_X1Y41          CARRY4 (Prop_carry4_CI_CO[0])
                                                      0.271     7.768 r  calculatornator/result_reg[15]_i_10/CO[0]
                         net (fo=14, routed)          1.059     8.826    calculatornator/result_reg[15]_i_10_n_3
    SLICE_X0Y39          LUT2 (Prop_lut2_I1_O)        0.373     9.199 r  calculatornator/result[14]_i_16/O
                         net (fo=1, routed)           0.000     9.199    calculatornator/result[14]_i_16_n_0
    SLICE_X0Y39          CARRY4 (Prop_carry4_S[1]_CO[3])
                                                      0.550     9.749 r  calculatornator/result_reg[14]_i_7/CO[3]
                         net (fo=1, routed)           0.000     9.749    calculatornator/result_reg[14]_i_7_n_0
    SLICE_X0Y40          CARRY4 (Prop_carry4_CI_CO[3])
                                                      0.114     9.863 r  calculatornator/result_reg[14]_i_4/CO[3]
                         net (fo=1, routed)           0.000     9.863    calculatornator/result_reg[14]_i_4_n_0
    SLICE_X0Y41          CARRY4 (Prop_carry4_CI_CO[2])
                                                      0.228    10.091 r  calculatornator/result_reg[14]_i_2/CO[2]
                         net (fo=16, routed)          1.380    11.471    calculatornator/result_reg[14]_i_2_n_1
    SLICE_X0Y36          LUT5 (Prop_lut5_I0_O)        0.313    11.784 r  calculatornator/result[13]_i_15/O
                         net (fo=1, routed)           0.000    11.784    calculatornator/result[13]_i_15_n_0
    SLICE_X0Y36          CARRY4 (Prop_carry4_S[2]_CO[3])
                                                      0.398    12.182 r  calculatornator/result_reg[13]_i_8/CO[3]
                         net (fo=1, routed)           0.000    12.182    calculatornator/result_reg[13]_i_8_n_0
    SLICE_X0Y37          CARRY4 (Prop_carry4_CI_CO[3])
                                                      0.114    12.296 r  calculatornator/result_reg[13]_i_4/CO[3]
                         net (fo=1, routed)           0.000    12.296    calculatornator/result_reg[13]_i_4_n_0
    SLICE_X0Y38          CARRY4 (Prop_carry4_CI_CO[3])
                                                      0.114    12.410 r  calculatornator/result_reg[13]_i_2/CO[3]
                         net (fo=18, routed)          1.496    13.906    calculatornator/result_reg[13]_i_2_n_0
    SLICE_X3Y36          LUT6 (Prop_lut6_I0_O)        0.124    14.030 r  calculatornator/result[12]_i_21/O
                         net (fo=1, routed)           0.000    14.030    calculatornator/result[12]_i_21_n_0
    SLICE_X3Y36          CARRY4 (Prop_carry4_S[3]_CO[3])
                                                      0.401    14.431 r  calculatornator/result_reg[12]_i_15/CO[3]
                         net (fo=1, routed)           0.000    14.431    calculatornator/result_reg[12]_i_15_n_0
    SLICE_X3Y37          CARRY4 (Prop_carry4_CI_CO[3])
                                                      0.114    14.545 r  calculatornator/result_reg[12]_i_6/CO[3]
                         net (fo=1, routed)           0.000    14.545    calculatornator/result_reg[12]_i_6_n_0
    SLICE_X3Y38          CARRY4 (Prop_carry4_CI_CO[3])
                                                      0.114    14.659 r  calculatornator/result_reg[12]_i_4/CO[3]
                         net (fo=1, routed)           0.000    14.659    calculatornator/result_reg[12]_i_4_n_0
    SLICE_X3Y39          CARRY4 (Prop_carry4_CI_CO[0])
                                                      0.271    14.930 r  calculatornator/result_reg[12]_i_2/CO[0]
                         net (fo=20, routed)          1.558    16.489    calculatornator/result_reg[12]_i_2_n_3
    SLICE_X1Y35          LUT6 (Prop_lut6_I0_O)        0.373    16.862 r  calculatornator/result[11]_i_57/O
                         net (fo=1, routed)           0.000    16.862    calculatornator/result[11]_i_57_n_0
    SLICE_X1Y35          CARRY4 (Prop_carry4_S[3]_CO[3])
                                                      0.401    17.263 r  calculatornator/result_reg[11]_i_24/CO[3]
                         net (fo=1, routed)           0.000    17.263    calculatornator/result_reg[11]_i_24_n_0
    SLICE_X1Y36          CARRY4 (Prop_carry4_CI_CO[3])
                                                      0.114    17.377 r  calculatornator/result_reg[11]_i_15/CO[3]
                         net (fo=1, routed)           0.000    17.377    calculatornator/result_reg[11]_i_15_n_0
    SLICE_X1Y37          CARRY4 (Prop_carry4_CI_CO[3])
                                                      0.114    17.491 r  calculatornator/result_reg[11]_i_5/CO[3]
                         net (fo=1, routed)           0.000    17.491    calculatornator/result_reg[11]_i_5_n_0
    SLICE_X1Y38          CARRY4 (Prop_carry4_CI_CO[1])
                                                      0.157    17.648 r  calculatornator/result_reg[11]_i_2/CO[1]
                         net (fo=22, routed)          1.688    19.335    calculatornator/result_reg[11]_i_2_n_2
    SLICE_X3Y32          LUT2 (Prop_lut2_I1_O)        0.329    19.664 r  calculatornator/result[10]_i_20/O
                         net (fo=1, routed)           0.000    19.664    calculatornator/result[10]_i_20_n_0
    SLICE_X3Y32          CARRY4 (Prop_carry4_S[1]_CO[3])
                                                      0.550    20.214 r  calculatornator/result_reg[10]_i_12/CO[3]
                         net (fo=1, routed)           0.000    20.214    calculatornator/result_reg[10]_i_12_n_0
    SLICE_X3Y33          CARRY4 (Prop_carry4_CI_CO[3])
                                                      0.114    20.328 r  calculatornator/result_reg[10]_i_7/CO[3]
                         net (fo=1, routed)           0.000    20.328    calculatornator/result_reg[10]_i_7_n_0
    SLICE_X3Y34          CARRY4 (Prop_carry4_CI_CO[3])
                                                      0.114    20.442 r  calculatornator/result_reg[10]_i_4/CO[3]
                         net (fo=1, routed)           0.000    20.442    calculatornator/result_reg[10]_i_4_n_0
    SLICE_X3Y35          CARRY4 (Prop_carry4_CI_CO[2])
                                                      0.228    20.670 r  calculatornator/result_reg[10]_i_2/CO[2]
                         net (fo=24, routed)          1.783    22.453    calculatornator/result_reg[10]_i_2_n_1
    SLICE_X4Y36          LUT2 (Prop_lut2_I0_O)        0.313    22.766 r  calculatornator/result[9]_i_11/O
                         net (fo=1, routed)           0.000    22.766    calculatornator/result[9]_i_11_n_0
    SLICE_X4Y36          CARRY4 (Prop_carry4_S[1]_CO[3])
                                                      0.550    23.316 r  calculatornator/result_reg[9]_i_4/CO[3]
                         net (fo=1, routed)           0.000    23.316    calculatornator/result_reg[9]_i_4_n_0
    SLICE_X4Y37          CARRY4 (Prop_carry4_CI_CO[3])
                                                      0.114    23.430 r  calculatornator/result_reg[9]_i_2/CO[3]
                         net (fo=26, routed)          1.710    25.140    calculatornator/result_reg[9]_i_2_n_0
    SLICE_X2Y34          LUT2 (Prop_lut2_I1_O)        0.124    25.264 r  calculatornator/result[8]_i_28/O
                         net (fo=1, routed)           0.000    25.264    calculatornator/result[8]_i_28_n_0
    SLICE_X2Y34          CARRY4 (Prop_carry4_S[1]_CO[3])
                                                      0.533    25.797 r  calculatornator/result_reg[8]_i_20/CO[3]
                         net (fo=1, routed)           0.000    25.797    calculatornator/result_reg[8]_i_20_n_0
    SLICE_X2Y35          CARRY4 (Prop_carry4_CI_CO[3])
                                                      0.117    25.914 r  calculatornator/result_reg[8]_i_15/CO[3]
                         net (fo=1, routed)           0.000    25.914    calculatornator/result_reg[8]_i_15_n_0
    SLICE_X2Y36          CARRY4 (Prop_carry4_CI_CO[3])
                                                      0.117    26.031 r  calculatornator/result_reg[8]_i_6/CO[3]
                         net (fo=1, routed)           0.000    26.031    calculatornator/result_reg[8]_i_6_n_0
    SLICE_X2Y37          CARRY4 (Prop_carry4_CI_CO[3])
                                                      0.117    26.148 r  calculatornator/result_reg[8]_i_4/CO[3]
                         net (fo=1, routed)           0.000    26.148    calculatornator/result_reg[8]_i_4_n_0
    SLICE_X2Y38          CARRY4 (Prop_carry4_CI_CO[0])
                                                      0.254    26.402 r  calculatornator/result_reg[8]_i_2/CO[0]
                         net (fo=28, routed)          1.747    28.149    calculatornator/result_reg[8]_i_2_n_3
    SLICE_X6Y32          LUT5 (Prop_lut5_I3_O)        0.367    28.516 r  calculatornator/result[7]_i_44/O
                         net (fo=1, routed)           0.000    28.516    calculatornator/result[7]_i_44_n_0
    SLICE_X6Y32          CARRY4 (Prop_carry4_S[1]_CO[3])
                                                      0.533    29.049 r  calculatornator/result_reg[7]_i_36/CO[3]
                         net (fo=1, routed)           0.000    29.049    calculatornator/result_reg[7]_i_36_n_0
    SLICE_X6Y33          CARRY4 (Prop_carry4_CI_CO[3])
                                                      0.117    29.166 r  calculatornator/result_reg[7]_i_31/CO[3]
                         net (fo=1, routed)           0.000    29.166    calculatornator/result_reg[7]_i_31_n_0
    SLICE_X6Y34          CARRY4 (Prop_carry4_CI_CO[3])
                                                      0.117    29.283 r  calculatornator/result_reg[7]_i_26/CO[3]
                         net (fo=1, routed)           0.000    29.283    calculatornator/result_reg[7]_i_26_n_0
    SLICE_X6Y35          CARRY4 (Prop_carry4_CI_CO[3])
                                                      0.117    29.400 r  calculatornator/result_reg[7]_i_24/CO[3]
                         net (fo=1, routed)           0.000    29.400    calculatornator/result_reg[7]_i_24_n_0
    SLICE_X6Y36          CARRY4 (Prop_carry4_CI_CO[1])
                                                      0.157    29.557 r  calculatornator/result_reg[7]_i_23/CO[1]
                         net (fo=29, routed)          0.751    30.308    calculatornator/result_reg[7]_i_23_n_2
    SLICE_X5Y32          LUT3 (Prop_lut3_I0_O)        0.332    30.640 r  calculatornator/result[6]_i_24/O
                         net (fo=1, routed)           0.000    30.640    calculatornator/result[6]_i_24_n_0
    SLICE_X5Y32          CARRY4 (Prop_carry4_S[1]_CO[3])
                                                      0.550    31.190 r  calculatornator/result_reg[6]_i_17/CO[3]
                         net (fo=1, routed)           0.000    31.190    calculatornator/result_reg[6]_i_17_n_0
    SLICE_X5Y33          CARRY4 (Prop_carry4_CI_CO[3])
                                                      0.114    31.304 r  calculatornator/result_reg[6]_i_12/CO[3]
                         net (fo=1, routed)           0.000    31.304    calculatornator/result_reg[6]_i_12_n_0
    SLICE_X5Y34          CARRY4 (Prop_carry4_CI_CO[3])
                                                      0.114    31.418 r  calculatornator/result_reg[6]_i_7/CO[3]
                         net (fo=1, routed)           0.000    31.418    calculatornator/result_reg[6]_i_7_n_0
    SLICE_X5Y35          CARRY4 (Prop_carry4_CI_CO[3])
                                                      0.114    31.532 r  calculatornator/result_reg[6]_i_4/CO[3]
                         net (fo=1, routed)           0.000    31.532    calculatornator/result_reg[6]_i_4_n_0
    SLICE_X5Y36          CARRY4 (Prop_carry4_CI_CO[1])
                                                      0.157    31.689 r  calculatornator/result_reg[6]_i_3/CO[1]
                         net (fo=29, routed)          0.545    32.234    calculatornator/result10_in[6]
    SLICE_X5Y37          LUT3 (Prop_lut3_I0_O)        0.329    32.563 r  calculatornator/result[5]_i_24/O
                         net (fo=1, routed)           0.000    32.563    calculatornator/result[5]_i_24_n_0
    SLICE_X5Y37          CARRY4 (Prop_carry4_S[1]_CO[3])
                                                      0.550    33.113 r  calculatornator/result_reg[5]_i_17/CO[3]
                         net (fo=1, routed)           0.000    33.113    calculatornator/result_reg[5]_i_17_n_0
    SLICE_X5Y38          CARRY4 (Prop_carry4_CI_CO[3])
                                                      0.114    33.227 r  calculatornator/result_reg[5]_i_12/CO[3]
                         net (fo=1, routed)           0.000    33.227    calculatornator/result_reg[5]_i_12_n_0
    SLICE_X5Y39          CARRY4 (Prop_carry4_CI_CO[3])
                                                      0.114    33.341 r  calculatornator/result_reg[5]_i_7/CO[3]
                         net (fo=1, routed)           0.000    33.341    calculatornator/result_reg[5]_i_7_n_0
    SLICE_X5Y40          CARRY4 (Prop_carry4_CI_CO[3])
                                                      0.114    33.455 r  calculatornator/result_reg[5]_i_4/CO[3]
                         net (fo=1, routed)           0.000    33.455    calculatornator/result_reg[5]_i_4_n_0
    SLICE_X5Y41          CARRY4 (Prop_carry4_CI_CO[1])
                                                      0.157    33.612 r  calculatornator/result_reg[5]_i_3/CO[1]
                         net (fo=29, routed)          0.845    34.457    calculatornator/result10_in[5]
    SLICE_X7Y37          LUT3 (Prop_lut3_I0_O)        0.329    34.786 r  calculatornator/result[4]_i_26/O
                         net (fo=1, routed)           0.000    34.786    calculatornator/result[4]_i_26_n_0
    SLICE_X7Y37          CARRY4 (Prop_carry4_S[1]_CO[3])
                                                      0.550    35.336 r  calculatornator/result_reg[4]_i_18/CO[3]
                         net (fo=1, routed)           0.000    35.336    calculatornator/result_reg[4]_i_18_n_0
    SLICE_X7Y38          CARRY4 (Prop_carry4_CI_CO[3])
                                                      0.114    35.450 r  calculatornator/result_reg[4]_i_13/CO[3]
                         net (fo=1, routed)           0.000    35.450    calculatornator/result_reg[4]_i_13_n_0
    SLICE_X7Y39          CARRY4 (Prop_carry4_CI_CO[3])
                                                      0.114    35.564 r  calculatornator/result_reg[4]_i_5/CO[3]
                         net (fo=1, routed)           0.000    35.564    calculatornator/result_reg[4]_i_5_n_0
    SLICE_X7Y40          CARRY4 (Prop_carry4_CI_CO[1])
                                                      0.157    35.721 r  calculatornator/result_reg[4]_i_3/CO[1]
                         net (fo=29, routed)          0.611    36.332    calculatornator/result10_in[4]
    SLICE_X6Y41          LUT3 (Prop_lut3_I0_O)        0.329    36.661 r  calculatornator/result[3]_i_40/O
                         net (fo=1, routed)           0.000    36.661    calculatornator/result[3]_i_40_n_0
    SLICE_X6Y41          CARRY4 (Prop_carry4_S[1]_CO[3])
                                                      0.533    37.194 r  calculatornator/result_reg[3]_i_32/CO[3]
                         net (fo=1, routed)           0.000    37.194    calculatornator/result_reg[3]_i_32_n_0
    SLICE_X6Y42          CARRY4 (Prop_carry4_CI_CO[3])
                                                      0.117    37.311 r  calculatornator/result_reg[3]_i_26/CO[3]
                         net (fo=1, routed)           0.000    37.311    calculatornator/result_reg[3]_i_26_n_0
    SLICE_X6Y43          CARRY4 (Prop_carry4_CI_CO[3])
                                                      0.117    37.428 r  calculatornator/result_reg[3]_i_16/CO[3]
                         net (fo=1, routed)           0.000    37.428    calculatornator/result_reg[3]_i_16_n_0
    SLICE_X6Y44          CARRY4 (Prop_carry4_CI_CO[1])
                                                      0.157    37.585 r  calculatornator/result_reg[3]_i_14/CO[1]
                         net (fo=29, routed)          0.723    38.308    calculatornator/result10_in[3]
    SLICE_X7Y41          LUT6 (Prop_lut6_I0_O)        0.332    38.640 r  calculatornator/result[2]_i_33/O
                         net (fo=1, routed)           0.000    38.640    calculatornator/result[2]_i_33_n_0
    SLICE_X7Y41          CARRY4 (Prop_carry4_S[1]_CO[3])
                                                      0.550    39.190 r  calculatornator/result_reg[2]_i_26/CO[3]
                         net (fo=1, routed)           0.000    39.190    calculatornator/result_reg[2]_i_26_n_0
    SLICE_X7Y42          CARRY4 (Prop_carry4_CI_CO[3])
                                                      0.114    39.304 r  calculatornator/result_reg[2]_i_21/CO[3]
                         net (fo=1, routed)           0.000    39.304    calculatornator/result_reg[2]_i_21_n_0
    SLICE_X7Y43          CARRY4 (Prop_carry4_CI_CO[3])
                                                      0.114    39.418 r  calculatornator/result_reg[2]_i_16/CO[3]
                         net (fo=1, routed)           0.000    39.418    calculatornator/result_reg[2]_i_16_n_0
    SLICE_X7Y44          CARRY4 (Prop_carry4_CI_CO[3])
                                                      0.114    39.532 r  calculatornator/result_reg[2]_i_13/CO[3]
                         net (fo=1, routed)           0.000    39.532    calculatornator/result_reg[2]_i_13_n_0
    SLICE_X7Y45          CARRY4 (Prop_carry4_CI_CO[1])
                                                      0.157    39.689 r  calculatornator/result_reg[2]_i_11/CO[1]
                         net (fo=29, routed)          0.735    40.425    calculatornator/result10_in[2]
    SLICE_X5Y42          LUT5 (Prop_lut5_I0_O)        0.329    40.754 r  calculatornator/result[1]_i_25/O
                         net (fo=1, routed)           0.000    40.754    calculatornator/result[1]_i_25_n_0
    SLICE_X5Y42          CARRY4 (Prop_carry4_S[1]_CO[3])
                                                      0.550    41.304 r  calculatornator/result_reg[1]_i_17/CO[3]
                         net (fo=1, routed)           0.000    41.304    calculatornator/result_reg[1]_i_17_n_0
    SLICE_X5Y43          CARRY4 (Prop_carry4_CI_CO[3])
                                                      0.114    41.418 r  calculatornator/result_reg[1]_i_12/CO[3]
                         net (fo=1, routed)           0.000    41.418    calculatornator/result_reg[1]_i_12_n_0
    SLICE_X5Y44          CARRY4 (Prop_carry4_CI_CO[3])
                                                      0.114    41.532 r  calculatornator/result_reg[1]_i_7/CO[3]
                         net (fo=1, routed)           0.000    41.532    calculatornator/result_reg[1]_i_7_n_0
    SLICE_X5Y45          CARRY4 (Prop_carry4_CI_CO[3])
                                                      0.114    41.646 r  calculatornator/result_reg[1]_i_4/CO[3]
                         net (fo=1, routed)           0.000    41.646    calculatornator/result_reg[1]_i_4_n_0
    SLICE_X5Y46          CARRY4 (Prop_carry4_CI_CO[1])
                                                      0.157    41.803 r  calculatornator/result_reg[1]_i_3/CO[1]
                         net (fo=29, routed)          0.886    42.688    calculatornator/result10_in[1]
    SLICE_X4Y42          LUT3 (Prop_lut3_I0_O)        0.329    43.017 r  calculatornator/result[0]_i_23/O
                         net (fo=1, routed)           0.000    43.017    calculatornator/result[0]_i_23_n_0
    SLICE_X4Y42          CARRY4 (Prop_carry4_S[0]_CO[3])
                                                      0.532    43.549 r  calculatornator/result_reg[0]_i_15/CO[3]
                         net (fo=1, routed)           0.000    43.549    calculatornator/result_reg[0]_i_15_n_0
    SLICE_X4Y43          CARRY4 (Prop_carry4_CI_CO[3])
                                                      0.114    43.663 r  calculatornator/result_reg[0]_i_10/CO[3]
                         net (fo=1, routed)           0.000    43.663    calculatornator/result_reg[0]_i_10_n_0
    SLICE_X4Y44          CARRY4 (Prop_carry4_CI_CO[3])
                                                      0.114    43.777 r  calculatornator/result_reg[0]_i_5/CO[3]
                         net (fo=1, routed)           0.000    43.777    calculatornator/result_reg[0]_i_5_n_0
    SLICE_X4Y45          CARRY4 (Prop_carry4_CI_CO[3])
                                                      0.114    43.891 r  calculatornator/result_reg[0]_i_3/CO[3]
                         net (fo=1, routed)           0.000    43.891    calculatornator/result_reg[0]_i_3_n_0
    SLICE_X4Y46          CARRY4 (Prop_carry4_CI_CO[0])
                                                      0.271    44.162 f  calculatornator/result_reg[0]_i_2/CO[0]
                         net (fo=2, routed)           0.309    44.471    calculatornator/result10_in[0]
    SLICE_X5Y47          LUT1 (Prop_lut1_I0_O)        0.373    44.844 r  calculatornator/result[4]_i_8/O
                         net (fo=1, routed)           0.336    45.180    calculatornator/result[4]_i_8_n_0
    SLICE_X4Y48          CARRY4 (Prop_carry4_CYINIT_CO[3])
                                                      0.580    45.760 r  calculatornator/result_reg[4]_i_4/CO[3]
                         net (fo=1, routed)           0.000    45.760    calculatornator/result_reg[4]_i_4_n_0
    SLICE_X4Y49          CARRY4 (Prop_carry4_CI_CO[3])
                                                      0.114    45.874 r  calculatornator/result_reg[8]_i_5/CO[3]
                         net (fo=1, routed)           0.001    45.874    calculatornator/result_reg[8]_i_5_n_0
    SLICE_X4Y50          CARRY4 (Prop_carry4_CI_CO[3])
                                                      0.114    45.988 r  calculatornator/result_reg[12]_i_5/CO[3]
                         net (fo=1, routed)           0.000    45.988    calculatornator/result_reg[12]_i_5_n_0
    SLICE_X4Y51          CARRY4 (Prop_carry4_CI_O[0])
                                                      0.222    46.210 r  calculatornator/result_reg[15]_i_20/O[0]
                         net (fo=1, routed)           0.484    46.695    calculatornator/result1[13]
    SLICE_X5Y51          LUT5 (Prop_lut5_I4_O)        0.299    46.994 r  calculatornator/result[13]_i_1_comp/O
                         net (fo=1, routed)           0.000    46.994    calculatornator/p_2_in[13]
    SLICE_X5Y51          FDRE                                         r  calculatornator/result_reg[13]/D
  -------------------------------------------------------------------    -------------------

                         (clock sys_clk_pin rise edge)
                                                      0.000     0.000 r  
    W5                                                0.000     0.000 r  CLOCK (IN)
                         net (fo=0)                   0.000     0.000    CLOCK
    W5                   IBUF (Prop_ibuf_I_O)         1.388     1.388 r  CLOCK_IBUF_inst/O
                         net (fo=1, routed)           1.862     3.250    CLOCK_IBUF
    BUFGCTRL_X0Y0        BUFG (Prop_bufg_I_O)         0.091     3.341 r  CLOCK_IBUF_BUFG_inst/O
                         net (fo=240, routed)         1.508     4.849    calculatornator/CLOCK_IBUF_BUFG
    SLICE_X5Y51          FDRE                                         r  calculatornator/result_reg[13]/C

Slack:                    inf
  Source:                 sw[2]
                            (input port)
  Destination:            calculatornator/result_reg[15]/D
                            (rising edge-triggered cell FDRE clocked by sys_clk_pin  {rise@0.000ns fall@5.000ns period=10.000ns})
  Path Group:             (none)
  Path Type:              Setup (Max at Slow Process Corner)
  Data Path Delay:        46.946ns  (logic 23.090ns (49.183%)  route 23.856ns (50.817%))
  Logic Levels:           89  (CARRY4=69 IBUF=1 LUT1=1 LUT2=4 LUT3=5 LUT4=2 LUT5=4 LUT6=3)
  Clock Path Skew:        4.849ns (DCD - SCD + CPR)
    Destination Clock Delay (DCD):    4.849ns
    Source Clock Delay      (SCD):    0.000ns
    Clock Pessimism Removal (CPR):    0.000ns
  Clock Uncertainty:      0.025ns  ((TSJ^2 + TIJ^2)^1/2 + DJ) / 2 + PE
    Total System Jitter     (TSJ):    0.050ns
    Total Input Jitter      (TIJ):    0.000ns
    Discrete Jitter          (DJ):    0.000ns
    Phase Error              (PE):    0.000ns

    Location             Delay type                Incr(ns)  Path(ns)    Netlist Resource(s)
  -------------------------------------------------------------------    -------------------
    W16                                               0.000     0.000 r  sw[2] (IN)
                         net (fo=0)                   0.000     0.000    sw[2]
    W16                  IBUF (Prop_ibuf_I_O)         1.464     1.464 r  sw_IBUF[2]_inst/O
                         net (fo=49, routed)          2.335     3.798    calculatornator/sw_IBUF[2]
    SLICE_X0Y34          LUT4 (Prop_lut4_I0_O)        0.124     3.922 r  calculatornator/result[15]_i_4/O
                         net (fo=6, routed)           1.658     5.581    calculatornator/sw[2]
    SLICE_X1Y40          LUT4 (Prop_lut4_I1_O)        0.124     5.705 r  calculatornator/result[15]_i_49/O
                         net (fo=26, routed)          1.285     6.990    calculatornator/result[15]_i_27_n_0
    SLICE_X1Y40          CARRY4 (Prop_carry4_DI[1]_CO[3])
                                                      0.507     7.497 r  calculatornator/result_reg[15]_i_13/CO[3]
                         net (fo=1, routed)           0.000     7.497    calculatornator/result_reg[15]_i_13_n_0
    SLICE_X1Y41          CARRY4 (Prop_carry4_CI_CO[0])
                                                      0.271     7.768 r  calculatornator/result_reg[15]_i_10/CO[0]
                         net (fo=14, routed)          1.059     8.826    calculatornator/result_reg[15]_i_10_n_3
    SLICE_X0Y39          LUT2 (Prop_lut2_I1_O)        0.373     9.199 r  calculatornator/result[14]_i_16/O
                         net (fo=1, routed)           0.000     9.199    calculatornator/result[14]_i_16_n_0
    SLICE_X0Y39          CARRY4 (Prop_carry4_S[1]_CO[3])
                                                      0.550     9.749 r  calculatornator/result_reg[14]_i_7/CO[3]
                         net (fo=1, routed)           0.000     9.749    calculatornator/result_reg[14]_i_7_n_0
    SLICE_X0Y40          CARRY4 (Prop_carry4_CI_CO[3])
                                                      0.114     9.863 r  calculatornator/result_reg[14]_i_4/CO[3]
                         net (fo=1, routed)           0.000     9.863    calculatornator/result_reg[14]_i_4_n_0
    SLICE_X0Y41          CARRY4 (Prop_carry4_CI_CO[2])
                                                      0.228    10.091 r  calculatornator/result_reg[14]_i_2/CO[2]
                         net (fo=16, routed)          1.380    11.471    calculatornator/result_reg[14]_i_2_n_1
    SLICE_X0Y36          LUT5 (Prop_lut5_I0_O)        0.313    11.784 r  calculatornator/result[13]_i_15/O
                         net (fo=1, routed)           0.000    11.784    calculatornator/result[13]_i_15_n_0
    SLICE_X0Y36          CARRY4 (Prop_carry4_S[2]_CO[3])
                                                      0.398    12.182 r  calculatornator/result_reg[13]_i_8/CO[3]
                         net (fo=1, routed)           0.000    12.182    calculatornator/result_reg[13]_i_8_n_0
    SLICE_X0Y37          CARRY4 (Prop_carry4_CI_CO[3])
                                                      0.114    12.296 r  calculatornator/result_reg[13]_i_4/CO[3]
                         net (fo=1, routed)           0.000    12.296    calculatornator/result_reg[13]_i_4_n_0
    SLICE_X0Y38          CARRY4 (Prop_carry4_CI_CO[3])
                                                      0.114    12.410 r  calculatornator/result_reg[13]_i_2/CO[3]
                         net (fo=18, routed)          1.496    13.906    calculatornator/result_reg[13]_i_2_n_0
    SLICE_X3Y36          LUT6 (Prop_lut6_I0_O)        0.124    14.030 r  calculatornator/result[12]_i_21/O
                         net (fo=1, routed)           0.000    14.030    calculatornator/result[12]_i_21_n_0
    SLICE_X3Y36          CARRY4 (Prop_carry4_S[3]_CO[3])
                                                      0.401    14.431 r  calculatornator/result_reg[12]_i_15/CO[3]
                         net (fo=1, routed)           0.000    14.431    calculatornator/result_reg[12]_i_15_n_0
    SLICE_X3Y37          CARRY4 (Prop_carry4_CI_CO[3])
                                                      0.114    14.545 r  calculatornator/result_reg[12]_i_6/CO[3]
                         net (fo=1, routed)           0.000    14.545    calculatornator/result_reg[12]_i_6_n_0
    SLICE_X3Y38          CARRY4 (Prop_carry4_CI_CO[3])
                                                      0.114    14.659 r  calculatornator/result_reg[12]_i_4/CO[3]
                         net (fo=1, routed)           0.000    14.659    calculatornator/result_reg[12]_i_4_n_0
    SLICE_X3Y39          CARRY4 (Prop_carry4_CI_CO[0])
                                                      0.271    14.930 r  calculatornator/result_reg[12]_i_2/CO[0]
                         net (fo=20, routed)          1.558    16.489    calculatornator/result_reg[12]_i_2_n_3
    SLICE_X1Y35          LUT6 (Prop_lut6_I0_O)        0.373    16.862 r  calculatornator/result[11]_i_57/O
                         net (fo=1, routed)           0.000    16.862    calculatornator/result[11]_i_57_n_0
    SLICE_X1Y35          CARRY4 (Prop_carry4_S[3]_CO[3])
                                                      0.401    17.263 r  calculatornator/result_reg[11]_i_24/CO[3]
                         net (fo=1, routed)           0.000    17.263    calculatornator/result_reg[11]_i_24_n_0
    SLICE_X1Y36          CARRY4 (Prop_carry4_CI_CO[3])
                                                      0.114    17.377 r  calculatornator/result_reg[11]_i_15/CO[3]
                         net (fo=1, routed)           0.000    17.377    calculatornator/result_reg[11]_i_15_n_0
    SLICE_X1Y37          CARRY4 (Prop_carry4_CI_CO[3])
                                                      0.114    17.491 r  calculatornator/result_reg[11]_i_5/CO[3]
                         net (fo=1, routed)           0.000    17.491    calculatornator/result_reg[11]_i_5_n_0
    SLICE_X1Y38          CARRY4 (Prop_carry4_CI_CO[1])
                                                      0.157    17.648 r  calculatornator/result_reg[11]_i_2/CO[1]
                         net (fo=22, routed)          1.688    19.335    calculatornator/result_reg[11]_i_2_n_2
    SLICE_X3Y32          LUT2 (Prop_lut2_I1_O)        0.329    19.664 r  calculatornator/result[10]_i_20/O
                         net (fo=1, routed)           0.000    19.664    calculatornator/result[10]_i_20_n_0
    SLICE_X3Y32          CARRY4 (Prop_carry4_S[1]_CO[3])
                                                      0.550    20.214 r  calculatornator/result_reg[10]_i_12/CO[3]
                         net (fo=1, routed)           0.000    20.214    calculatornator/result_reg[10]_i_12_n_0
    SLICE_X3Y33          CARRY4 (Prop_carry4_CI_CO[3])
                                                      0.114    20.328 r  calculatornator/result_reg[10]_i_7/CO[3]
                         net (fo=1, routed)           0.000    20.328    calculatornator/result_reg[10]_i_7_n_0
    SLICE_X3Y34          CARRY4 (Prop_carry4_CI_CO[3])
                                                      0.114    20.442 r  calculatornator/result_reg[10]_i_4/CO[3]
                         net (fo=1, routed)           0.000    20.442    calculatornator/result_reg[10]_i_4_n_0
    SLICE_X3Y35          CARRY4 (Prop_carry4_CI_CO[2])
                                                      0.228    20.670 r  calculatornator/result_reg[10]_i_2/CO[2]
                         net (fo=24, routed)          1.783    22.453    calculatornator/result_reg[10]_i_2_n_1
    SLICE_X4Y36          LUT2 (Prop_lut2_I0_O)        0.313    22.766 r  calculatornator/result[9]_i_11/O
                         net (fo=1, routed)           0.000    22.766    calculatornator/result[9]_i_11_n_0
    SLICE_X4Y36          CARRY4 (Prop_carry4_S[1]_CO[3])
                                                      0.550    23.316 r  calculatornator/result_reg[9]_i_4/CO[3]
                         net (fo=1, routed)           0.000    23.316    calculatornator/result_reg[9]_i_4_n_0
    SLICE_X4Y37          CARRY4 (Prop_carry4_CI_CO[3])
                                                      0.114    23.430 r  calculatornator/result_reg[9]_i_2/CO[3]
                         net (fo=26, routed)          1.710    25.140    calculatornator/result_reg[9]_i_2_n_0
    SLICE_X2Y34          LUT2 (Prop_lut2_I1_O)        0.124    25.264 r  calculatornator/result[8]_i_28/O
                         net (fo=1, routed)           0.000    25.264    calculatornator/result[8]_i_28_n_0
    SLICE_X2Y34          CARRY4 (Prop_carry4_S[1]_CO[3])
                                                      0.533    25.797 r  calculatornator/result_reg[8]_i_20/CO[3]
                         net (fo=1, routed)           0.000    25.797    calculatornator/result_reg[8]_i_20_n_0
    SLICE_X2Y35          CARRY4 (Prop_carry4_CI_CO[3])
                                                      0.117    25.914 r  calculatornator/result_reg[8]_i_15/CO[3]
                         net (fo=1, routed)           0.000    25.914    calculatornator/result_reg[8]_i_15_n_0
    SLICE_X2Y36          CARRY4 (Prop_carry4_CI_CO[3])
                                                      0.117    26.031 r  calculatornator/result_reg[8]_i_6/CO[3]
                         net (fo=1, routed)           0.000    26.031    calculatornator/result_reg[8]_i_6_n_0
    SLICE_X2Y37          CARRY4 (Prop_carry4_CI_CO[3])
                                                      0.117    26.148 r  calculatornator/result_reg[8]_i_4/CO[3]
                         net (fo=1, routed)           0.000    26.148    calculatornator/result_reg[8]_i_4_n_0
    SLICE_X2Y38          CARRY4 (Prop_carry4_CI_CO[0])
                                                      0.254    26.402 r  calculatornator/result_reg[8]_i_2/CO[0]
                         net (fo=28, routed)          1.747    28.149    calculatornator/result_reg[8]_i_2_n_3
    SLICE_X6Y32          LUT5 (Prop_lut5_I3_O)        0.367    28.516 r  calculatornator/result[7]_i_44/O
                         net (fo=1, routed)           0.000    28.516    calculatornator/result[7]_i_44_n_0
    SLICE_X6Y32          CARRY4 (Prop_carry4_S[1]_CO[3])
                                                      0.533    29.049 r  calculatornator/result_reg[7]_i_36/CO[3]
                         net (fo=1, routed)           0.000    29.049    calculatornator/result_reg[7]_i_36_n_0
    SLICE_X6Y33          CARRY4 (Prop_carry4_CI_CO[3])
                                                      0.117    29.166 r  calculatornator/result_reg[7]_i_31/CO[3]
                         net (fo=1, routed)           0.000    29.166    calculatornator/result_reg[7]_i_31_n_0
    SLICE_X6Y34          CARRY4 (Prop_carry4_CI_CO[3])
                                                      0.117    29.283 r  calculatornator/result_reg[7]_i_26/CO[3]
                         net (fo=1, routed)           0.000    29.283    calculatornator/result_reg[7]_i_26_n_0
    SLICE_X6Y35          CARRY4 (Prop_carry4_CI_CO[3])
                                                      0.117    29.400 r  calculatornator/result_reg[7]_i_24/CO[3]
                         net (fo=1, routed)           0.000    29.400    calculatornator/result_reg[7]_i_24_n_0
    SLICE_X6Y36          CARRY4 (Prop_carry4_CI_CO[1])
                                                      0.157    29.557 r  calculatornator/result_reg[7]_i_23/CO[1]
                         net (fo=29, routed)          0.751    30.308    calculatornator/result_reg[7]_i_23_n_2
    SLICE_X5Y32          LUT3 (Prop_lut3_I0_O)        0.332    30.640 r  calculatornator/result[6]_i_24/O
                         net (fo=1, routed)           0.000    30.640    calculatornator/result[6]_i_24_n_0
    SLICE_X5Y32          CARRY4 (Prop_carry4_S[1]_CO[3])
                                                      0.550    31.190 r  calculatornator/result_reg[6]_i_17/CO[3]
                         net (fo=1, routed)           0.000    31.190    calculatornator/result_reg[6]_i_17_n_0
    SLICE_X5Y33          CARRY4 (Prop_carry4_CI_CO[3])
                                                      0.114    31.304 r  calculatornator/result_reg[6]_i_12/CO[3]
                         net (fo=1, routed)           0.000    31.304    calculatornator/result_reg[6]_i_12_n_0
    SLICE_X5Y34          CARRY4 (Prop_carry4_CI_CO[3])
                                                      0.114    31.418 r  calculatornator/result_reg[6]_i_7/CO[3]
                         net (fo=1, routed)           0.000    31.418    calculatornator/result_reg[6]_i_7_n_0
    SLICE_X5Y35          CARRY4 (Prop_carry4_CI_CO[3])
                                                      0.114    31.532 r  calculatornator/result_reg[6]_i_4/CO[3]
                         net (fo=1, routed)           0.000    31.532    calculatornator/result_reg[6]_i_4_n_0
    SLICE_X5Y36          CARRY4 (Prop_carry4_CI_CO[1])
                                                      0.157    31.689 r  calculatornator/result_reg[6]_i_3/CO[1]
                         net (fo=29, routed)          0.545    32.234    calculatornator/result10_in[6]
    SLICE_X5Y37          LUT3 (Prop_lut3_I0_O)        0.329    32.563 r  calculatornator/result[5]_i_24/O
                         net (fo=1, routed)           0.000    32.563    calculatornator/result[5]_i_24_n_0
    SLICE_X5Y37          CARRY4 (Prop_carry4_S[1]_CO[3])
                                                      0.550    33.113 r  calculatornator/result_reg[5]_i_17/CO[3]
                         net (fo=1, routed)           0.000    33.113    calculatornator/result_reg[5]_i_17_n_0
    SLICE_X5Y38          CARRY4 (Prop_carry4_CI_CO[3])
                                                      0.114    33.227 r  calculatornator/result_reg[5]_i_12/CO[3]
                         net (fo=1, routed)           0.000    33.227    calculatornator/result_reg[5]_i_12_n_0
    SLICE_X5Y39          CARRY4 (Prop_carry4_CI_CO[3])
                                                      0.114    33.341 r  calculatornator/result_reg[5]_i_7/CO[3]
                         net (fo=1, routed)           0.000    33.341    calculatornator/result_reg[5]_i_7_n_0
    SLICE_X5Y40          CARRY4 (Prop_carry4_CI_CO[3])
                                                      0.114    33.455 r  calculatornator/result_reg[5]_i_4/CO[3]
                         net (fo=1, routed)           0.000    33.455    calculatornator/result_reg[5]_i_4_n_0
    SLICE_X5Y41          CARRY4 (Prop_carry4_CI_CO[1])
                                                      0.157    33.612 r  calculatornator/result_reg[5]_i_3/CO[1]
                         net (fo=29, routed)          0.845    34.457    calculatornator/result10_in[5]
    SLICE_X7Y37          LUT3 (Prop_lut3_I0_O)        0.329    34.786 r  calculatornator/result[4]_i_26/O
                         net (fo=1, routed)           0.000    34.786    calculatornator/result[4]_i_26_n_0
    SLICE_X7Y37          CARRY4 (Prop_carry4_S[1]_CO[3])
                                                      0.550    35.336 r  calculatornator/result_reg[4]_i_18/CO[3]
                         net (fo=1, routed)           0.000    35.336    calculatornator/result_reg[4]_i_18_n_0
    SLICE_X7Y38          CARRY4 (Prop_carry4_CI_CO[3])
                                                      0.114    35.450 r  calculatornator/result_reg[4]_i_13/CO[3]
                         net (fo=1, routed)           0.000    35.450    calculatornator/result_reg[4]_i_13_n_0
    SLICE_X7Y39          CARRY4 (Prop_carry4_CI_CO[3])
                                                      0.114    35.564 r  calculatornator/result_reg[4]_i_5/CO[3]
                         net (fo=1, routed)           0.000    35.564    calculatornator/result_reg[4]_i_5_n_0
    SLICE_X7Y40          CARRY4 (Prop_carry4_CI_CO[1])
                                                      0.157    35.721 r  calculatornator/result_reg[4]_i_3/CO[1]
                         net (fo=29, routed)          0.611    36.332    calculatornator/result10_in[4]
    SLICE_X6Y41          LUT3 (Prop_lut3_I0_O)        0.329    36.661 r  calculatornator/result[3]_i_40/O
                         net (fo=1, routed)           0.000    36.661    calculatornator/result[3]_i_40_n_0
    SLICE_X6Y41          CARRY4 (Prop_carry4_S[1]_CO[3])
                                                      0.533    37.194 r  calculatornator/result_reg[3]_i_32/CO[3]
                         net (fo=1, routed)           0.000    37.194    calculatornator/result_reg[3]_i_32_n_0
    SLICE_X6Y42          CARRY4 (Prop_carry4_CI_CO[3])
                                                      0.117    37.311 r  calculatornator/result_reg[3]_i_26/CO[3]
                         net (fo=1, routed)           0.000    37.311    calculatornator/result_reg[3]_i_26_n_0
    SLICE_X6Y43          CARRY4 (Prop_carry4_CI_CO[3])
                                                      0.117    37.428 r  calculatornator/result_reg[3]_i_16/CO[3]
                         net (fo=1, routed)           0.000    37.428    calculatornator/result_reg[3]_i_16_n_0
    SLICE_X6Y44          CARRY4 (Prop_carry4_CI_CO[1])
                                                      0.157    37.585 r  calculatornator/result_reg[3]_i_14/CO[1]
                         net (fo=29, routed)          0.723    38.308    calculatornator/result10_in[3]
    SLICE_X7Y41          LUT6 (Prop_lut6_I0_O)        0.332    38.640 r  calculatornator/result[2]_i_33/O
                         net (fo=1, routed)           0.000    38.640    calculatornator/result[2]_i_33_n_0
    SLICE_X7Y41          CARRY4 (Prop_carry4_S[1]_CO[3])
                                                      0.550    39.190 r  calculatornator/result_reg[2]_i_26/CO[3]
                         net (fo=1, routed)           0.000    39.190    calculatornator/result_reg[2]_i_26_n_0
    SLICE_X7Y42          CARRY4 (Prop_carry4_CI_CO[3])
                                                      0.114    39.304 r  calculatornator/result_reg[2]_i_21/CO[3]
                         net (fo=1, routed)           0.000    39.304    calculatornator/result_reg[2]_i_21_n_0
    SLICE_X7Y43          CARRY4 (Prop_carry4_CI_CO[3])
                                                      0.114    39.418 r  calculatornator/result_reg[2]_i_16/CO[3]
                         net (fo=1, routed)           0.000    39.418    calculatornator/result_reg[2]_i_16_n_0
    SLICE_X7Y44          CARRY4 (Prop_carry4_CI_CO[3])
                                                      0.114    39.532 r  calculatornator/result_reg[2]_i_13/CO[3]
                         net (fo=1, routed)           0.000    39.532    calculatornator/result_reg[2]_i_13_n_0
    SLICE_X7Y45          CARRY4 (Prop_carry4_CI_CO[1])
                                                      0.157    39.689 r  calculatornator/result_reg[2]_i_11/CO[1]
                         net (fo=29, routed)          0.735    40.425    calculatornator/result10_in[2]
    SLICE_X5Y42          LUT5 (Prop_lut5_I0_O)        0.329    40.754 r  calculatornator/result[1]_i_25/O
                         net (fo=1, routed)           0.000    40.754    calculatornator/result[1]_i_25_n_0
    SLICE_X5Y42          CARRY4 (Prop_carry4_S[1]_CO[3])
                                                      0.550    41.304 r  calculatornator/result_reg[1]_i_17/CO[3]
                         net (fo=1, routed)           0.000    41.304    calculatornator/result_reg[1]_i_17_n_0
    SLICE_X5Y43          CARRY4 (Prop_carry4_CI_CO[3])
                                                      0.114    41.418 r  calculatornator/result_reg[1]_i_12/CO[3]
                         net (fo=1, routed)           0.000    41.418    calculatornator/result_reg[1]_i_12_n_0
    SLICE_X5Y44          CARRY4 (Prop_carry4_CI_CO[3])
                                                      0.114    41.532 r  calculatornator/result_reg[1]_i_7/CO[3]
                         net (fo=1, routed)           0.000    41.532    calculatornator/result_reg[1]_i_7_n_0
    SLICE_X5Y45          CARRY4 (Prop_carry4_CI_CO[3])
                                                      0.114    41.646 r  calculatornator/result_reg[1]_i_4/CO[3]
                         net (fo=1, routed)           0.000    41.646    calculatornator/result_reg[1]_i_4_n_0
    SLICE_X5Y46          CARRY4 (Prop_carry4_CI_CO[1])
                                                      0.157    41.803 r  calculatornator/result_reg[1]_i_3/CO[1]
                         net (fo=29, routed)          0.886    42.688    calculatornator/result10_in[1]
    SLICE_X4Y42          LUT3 (Prop_lut3_I0_O)        0.329    43.017 r  calculatornator/result[0]_i_23/O
                         net (fo=1, routed)           0.000    43.017    calculatornator/result[0]_i_23_n_0
    SLICE_X4Y42          CARRY4 (Prop_carry4_S[0]_CO[3])
                                                      0.532    43.549 r  calculatornator/result_reg[0]_i_15/CO[3]
                         net (fo=1, routed)           0.000    43.549    calculatornator/result_reg[0]_i_15_n_0
    SLICE_X4Y43          CARRY4 (Prop_carry4_CI_CO[3])
                                                      0.114    43.663 r  calculatornator/result_reg[0]_i_10/CO[3]
                         net (fo=1, routed)           0.000    43.663    calculatornator/result_reg[0]_i_10_n_0
    SLICE_X4Y44          CARRY4 (Prop_carry4_CI_CO[3])
                                                      0.114    43.777 r  calculatornator/result_reg[0]_i_5/CO[3]
                         net (fo=1, routed)           0.000    43.777    calculatornator/result_reg[0]_i_5_n_0
    SLICE_X4Y45          CARRY4 (Prop_carry4_CI_CO[3])
                                                      0.114    43.891 r  calculatornator/result_reg[0]_i_3/CO[3]
                         net (fo=1, routed)           0.000    43.891    calculatornator/result_reg[0]_i_3_n_0
    SLICE_X4Y46          CARRY4 (Prop_carry4_CI_CO[0])
                                                      0.271    44.162 f  calculatornator/result_reg[0]_i_2/CO[0]
                         net (fo=2, routed)           0.309    44.471    calculatornator/result10_in[0]
    SLICE_X5Y47          LUT1 (Prop_lut1_I0_O)        0.373    44.844 r  calculatornator/result[4]_i_8/O
                         net (fo=1, routed)           0.336    45.180    calculatornator/result[4]_i_8_n_0
    SLICE_X4Y48          CARRY4 (Prop_carry4_CYINIT_CO[3])
                                                      0.580    45.760 r  calculatornator/result_reg[4]_i_4/CO[3]
                         net (fo=1, routed)           0.000    45.760    calculatornator/result_reg[4]_i_4_n_0
    SLICE_X4Y49          CARRY4 (Prop_carry4_CI_CO[3])
                                                      0.114    45.874 r  calculatornator/result_reg[8]_i_5/CO[3]
                         net (fo=1, routed)           0.001    45.874    calculatornator/result_reg[8]_i_5_n_0
    SLICE_X4Y50          CARRY4 (Prop_carry4_CI_CO[3])
                                                      0.114    45.988 r  calculatornator/result_reg[12]_i_5/CO[3]
                         net (fo=1, routed)           0.000    45.988    calculatornator/result_reg[12]_i_5_n_0
    SLICE_X4Y51          CARRY4 (Prop_carry4_CI_O[2])
                                                      0.239    46.227 r  calculatornator/result_reg[15]_i_20/O[2]
                         net (fo=1, routed)           0.417    46.644    calculatornator/result1[15]
    SLICE_X7Y50          LUT5 (Prop_lut5_I4_O)        0.302    46.946 r  calculatornator/result[15]_i_3_comp/O
                         net (fo=1, routed)           0.000    46.946    calculatornator/p_2_in[15]
    SLICE_X7Y50          FDRE                                         r  calculatornator/result_reg[15]/D
  -------------------------------------------------------------------    -------------------

                         (clock sys_clk_pin rise edge)
                                                      0.000     0.000 r  
    W5                                                0.000     0.000 r  CLOCK (IN)
                         net (fo=0)                   0.000     0.000    CLOCK
    W5                   IBUF (Prop_ibuf_I_O)         1.388     1.388 r  CLOCK_IBUF_inst/O
                         net (fo=1, routed)           1.862     3.250    CLOCK_IBUF
    BUFGCTRL_X0Y0        BUFG (Prop_bufg_I_O)         0.091     3.341 r  CLOCK_IBUF_BUFG_inst/O
                         net (fo=240, routed)         1.508     4.849    calculatornator/CLOCK_IBUF_BUFG
    SLICE_X7Y50          FDRE                                         r  calculatornator/result_reg[15]/C

Slack:                    inf
  Source:                 sw[2]
                            (input port)
  Destination:            calculatornator/result_reg[8]/D
                            (rising edge-triggered cell FDRE clocked by sys_clk_pin  {rise@0.000ns fall@5.000ns period=10.000ns})
  Path Group:             (none)
  Path Type:              Setup (Max at Slow Process Corner)
  Data Path Delay:        46.937ns  (logic 22.940ns (48.873%)  route 23.998ns (51.127%))
  Logic Levels:           87  (CARRY4=67 IBUF=1 LUT1=1 LUT2=4 LUT3=5 LUT4=2 LUT5=4 LUT6=3)
  Clock Path Skew:        4.849ns (DCD - SCD + CPR)
    Destination Clock Delay (DCD):    4.849ns
    Source Clock Delay      (SCD):    0.000ns
    Clock Pessimism Removal (CPR):    0.000ns
  Clock Uncertainty:      0.025ns  ((TSJ^2 + TIJ^2)^1/2 + DJ) / 2 + PE
    Total System Jitter     (TSJ):    0.050ns
    Total Input Jitter      (TIJ):    0.000ns
    Discrete Jitter          (DJ):    0.000ns
    Phase Error              (PE):    0.000ns

    Location             Delay type                Incr(ns)  Path(ns)    Netlist Resource(s)
  -------------------------------------------------------------------    -------------------
    W16                                               0.000     0.000 r  sw[2] (IN)
                         net (fo=0)                   0.000     0.000    sw[2]
    W16                  IBUF (Prop_ibuf_I_O)         1.464     1.464 r  sw_IBUF[2]_inst/O
                         net (fo=49, routed)          2.335     3.798    calculatornator/sw_IBUF[2]
    SLICE_X0Y34          LUT4 (Prop_lut4_I0_O)        0.124     3.922 r  calculatornator/result[15]_i_4/O
                         net (fo=6, routed)           1.658     5.581    calculatornator/sw[2]
    SLICE_X1Y40          LUT4 (Prop_lut4_I1_O)        0.124     5.705 r  calculatornator/result[15]_i_49/O
                         net (fo=26, routed)          1.285     6.990    calculatornator/result[15]_i_27_n_0
    SLICE_X1Y40          CARRY4 (Prop_carry4_DI[1]_CO[3])
                                                      0.507     7.497 r  calculatornator/result_reg[15]_i_13/CO[3]
                         net (fo=1, routed)           0.000     7.497    calculatornator/result_reg[15]_i_13_n_0
    SLICE_X1Y41          CARRY4 (Prop_carry4_CI_CO[0])
                                                      0.271     7.768 r  calculatornator/result_reg[15]_i_10/CO[0]
                         net (fo=14, routed)          1.059     8.826    calculatornator/result_reg[15]_i_10_n_3
    SLICE_X0Y39          LUT2 (Prop_lut2_I1_O)        0.373     9.199 r  calculatornator/result[14]_i_16/O
                         net (fo=1, routed)           0.000     9.199    calculatornator/result[14]_i_16_n_0
    SLICE_X0Y39          CARRY4 (Prop_carry4_S[1]_CO[3])
                                                      0.550     9.749 r  calculatornator/result_reg[14]_i_7/CO[3]
                         net (fo=1, routed)           0.000     9.749    calculatornator/result_reg[14]_i_7_n_0
    SLICE_X0Y40          CARRY4 (Prop_carry4_CI_CO[3])
                                                      0.114     9.863 r  calculatornator/result_reg[14]_i_4/CO[3]
                         net (fo=1, routed)           0.000     9.863    calculatornator/result_reg[14]_i_4_n_0
    SLICE_X0Y41          CARRY4 (Prop_carry4_CI_CO[2])
                                                      0.228    10.091 r  calculatornator/result_reg[14]_i_2/CO[2]
                         net (fo=16, routed)          1.380    11.471    calculatornator/result_reg[14]_i_2_n_1
    SLICE_X0Y36          LUT5 (Prop_lut5_I0_O)        0.313    11.784 r  calculatornator/result[13]_i_15/O
                         net (fo=1, routed)           0.000    11.784    calculatornator/result[13]_i_15_n_0
    SLICE_X0Y36          CARRY4 (Prop_carry4_S[2]_CO[3])
                                                      0.398    12.182 r  calculatornator/result_reg[13]_i_8/CO[3]
                         net (fo=1, routed)           0.000    12.182    calculatornator/result_reg[13]_i_8_n_0
    SLICE_X0Y37          CARRY4 (Prop_carry4_CI_CO[3])
                                                      0.114    12.296 r  calculatornator/result_reg[13]_i_4/CO[3]
                         net (fo=1, routed)           0.000    12.296    calculatornator/result_reg[13]_i_4_n_0
    SLICE_X0Y38          CARRY4 (Prop_carry4_CI_CO[3])
                                                      0.114    12.410 r  calculatornator/result_reg[13]_i_2/CO[3]
                         net (fo=18, routed)          1.496    13.906    calculatornator/result_reg[13]_i_2_n_0
    SLICE_X3Y36          LUT6 (Prop_lut6_I0_O)        0.124    14.030 r  calculatornator/result[12]_i_21/O
                         net (fo=1, routed)           0.000    14.030    calculatornator/result[12]_i_21_n_0
    SLICE_X3Y36          CARRY4 (Prop_carry4_S[3]_CO[3])
                                                      0.401    14.431 r  calculatornator/result_reg[12]_i_15/CO[3]
                         net (fo=1, routed)           0.000    14.431    calculatornator/result_reg[12]_i_15_n_0
    SLICE_X3Y37          CARRY4 (Prop_carry4_CI_CO[3])
                                                      0.114    14.545 r  calculatornator/result_reg[12]_i_6/CO[3]
                         net (fo=1, routed)           0.000    14.545    calculatornator/result_reg[12]_i_6_n_0
    SLICE_X3Y38          CARRY4 (Prop_carry4_CI_CO[3])
                                                      0.114    14.659 r  calculatornator/result_reg[12]_i_4/CO[3]
                         net (fo=1, routed)           0.000    14.659    calculatornator/result_reg[12]_i_4_n_0
    SLICE_X3Y39          CARRY4 (Prop_carry4_CI_CO[0])
                                                      0.271    14.930 r  calculatornator/result_reg[12]_i_2/CO[0]
                         net (fo=20, routed)          1.558    16.489    calculatornator/result_reg[12]_i_2_n_3
    SLICE_X1Y35          LUT6 (Prop_lut6_I0_O)        0.373    16.862 r  calculatornator/result[11]_i_57/O
                         net (fo=1, routed)           0.000    16.862    calculatornator/result[11]_i_57_n_0
    SLICE_X1Y35          CARRY4 (Prop_carry4_S[3]_CO[3])
                                                      0.401    17.263 r  calculatornator/result_reg[11]_i_24/CO[3]
                         net (fo=1, routed)           0.000    17.263    calculatornator/result_reg[11]_i_24_n_0
    SLICE_X1Y36          CARRY4 (Prop_carry4_CI_CO[3])
                                                      0.114    17.377 r  calculatornator/result_reg[11]_i_15/CO[3]
                         net (fo=1, routed)           0.000    17.377    calculatornator/result_reg[11]_i_15_n_0
    SLICE_X1Y37          CARRY4 (Prop_carry4_CI_CO[3])
                                                      0.114    17.491 r  calculatornator/result_reg[11]_i_5/CO[3]
                         net (fo=1, routed)           0.000    17.491    calculatornator/result_reg[11]_i_5_n_0
    SLICE_X1Y38          CARRY4 (Prop_carry4_CI_CO[1])
                                                      0.157    17.648 r  calculatornator/result_reg[11]_i_2/CO[1]
                         net (fo=22, routed)          1.688    19.335    calculatornator/result_reg[11]_i_2_n_2
    SLICE_X3Y32          LUT2 (Prop_lut2_I1_O)        0.329    19.664 r  calculatornator/result[10]_i_20/O
                         net (fo=1, routed)           0.000    19.664    calculatornator/result[10]_i_20_n_0
    SLICE_X3Y32          CARRY4 (Prop_carry4_S[1]_CO[3])
                                                      0.550    20.214 r  calculatornator/result_reg[10]_i_12/CO[3]
                         net (fo=1, routed)           0.000    20.214    calculatornator/result_reg[10]_i_12_n_0
    SLICE_X3Y33          CARRY4 (Prop_carry4_CI_CO[3])
                                                      0.114    20.328 r  calculatornator/result_reg[10]_i_7/CO[3]
                         net (fo=1, routed)           0.000    20.328    calculatornator/result_reg[10]_i_7_n_0
    SLICE_X3Y34          CARRY4 (Prop_carry4_CI_CO[3])
                                                      0.114    20.442 r  calculatornator/result_reg[10]_i_4/CO[3]
                         net (fo=1, routed)           0.000    20.442    calculatornator/result_reg[10]_i_4_n_0
    SLICE_X3Y35          CARRY4 (Prop_carry4_CI_CO[2])
                                                      0.228    20.670 r  calculatornator/result_reg[10]_i_2/CO[2]
                         net (fo=24, routed)          1.783    22.453    calculatornator/result_reg[10]_i_2_n_1
    SLICE_X4Y36          LUT2 (Prop_lut2_I0_O)        0.313    22.766 r  calculatornator/result[9]_i_11/O
                         net (fo=1, routed)           0.000    22.766    calculatornator/result[9]_i_11_n_0
    SLICE_X4Y36          CARRY4 (Prop_carry4_S[1]_CO[3])
                                                      0.550    23.316 r  calculatornator/result_reg[9]_i_4/CO[3]
                         net (fo=1, routed)           0.000    23.316    calculatornator/result_reg[9]_i_4_n_0
    SLICE_X4Y37          CARRY4 (Prop_carry4_CI_CO[3])
                                                      0.114    23.430 r  calculatornator/result_reg[9]_i_2/CO[3]
                         net (fo=26, routed)          1.710    25.140    calculatornator/result_reg[9]_i_2_n_0
    SLICE_X2Y34          LUT2 (Prop_lut2_I1_O)        0.124    25.264 r  calculatornator/result[8]_i_28/O
                         net (fo=1, routed)           0.000    25.264    calculatornator/result[8]_i_28_n_0
    SLICE_X2Y34          CARRY4 (Prop_carry4_S[1]_CO[3])
                                                      0.533    25.797 r  calculatornator/result_reg[8]_i_20/CO[3]
                         net (fo=1, routed)           0.000    25.797    calculatornator/result_reg[8]_i_20_n_0
    SLICE_X2Y35          CARRY4 (Prop_carry4_CI_CO[3])
                                                      0.117    25.914 r  calculatornator/result_reg[8]_i_15/CO[3]
                         net (fo=1, routed)           0.000    25.914    calculatornator/result_reg[8]_i_15_n_0
    SLICE_X2Y36          CARRY4 (Prop_carry4_CI_CO[3])
                                                      0.117    26.031 r  calculatornator/result_reg[8]_i_6/CO[3]
                         net (fo=1, routed)           0.000    26.031    calculatornator/result_reg[8]_i_6_n_0
    SLICE_X2Y37          CARRY4 (Prop_carry4_CI_CO[3])
                                                      0.117    26.148 r  calculatornator/result_reg[8]_i_4/CO[3]
                         net (fo=1, routed)           0.000    26.148    calculatornator/result_reg[8]_i_4_n_0
    SLICE_X2Y38          CARRY4 (Prop_carry4_CI_CO[0])
                                                      0.254    26.402 r  calculatornator/result_reg[8]_i_2/CO[0]
                         net (fo=28, routed)          1.747    28.149    calculatornator/result_reg[8]_i_2_n_3
    SLICE_X6Y32          LUT5 (Prop_lut5_I3_O)        0.367    28.516 r  calculatornator/result[7]_i_44/O
                         net (fo=1, routed)           0.000    28.516    calculatornator/result[7]_i_44_n_0
    SLICE_X6Y32          CARRY4 (Prop_carry4_S[1]_CO[3])
                                                      0.533    29.049 r  calculatornator/result_reg[7]_i_36/CO[3]
                         net (fo=1, routed)           0.000    29.049    calculatornator/result_reg[7]_i_36_n_0
    SLICE_X6Y33          CARRY4 (Prop_carry4_CI_CO[3])
                                                      0.117    29.166 r  calculatornator/result_reg[7]_i_31/CO[3]
                         net (fo=1, routed)           0.000    29.166    calculatornator/result_reg[7]_i_31_n_0
    SLICE_X6Y34          CARRY4 (Prop_carry4_CI_CO[3])
                                                      0.117    29.283 r  calculatornator/result_reg[7]_i_26/CO[3]
                         net (fo=1, routed)           0.000    29.283    calculatornator/result_reg[7]_i_26_n_0
    SLICE_X6Y35          CARRY4 (Prop_carry4_CI_CO[3])
                                                      0.117    29.400 r  calculatornator/result_reg[7]_i_24/CO[3]
                         net (fo=1, routed)           0.000    29.400    calculatornator/result_reg[7]_i_24_n_0
    SLICE_X6Y36          CARRY4 (Prop_carry4_CI_CO[1])
                                                      0.157    29.557 r  calculatornator/result_reg[7]_i_23/CO[1]
                         net (fo=29, routed)          0.751    30.308    calculatornator/result_reg[7]_i_23_n_2
    SLICE_X5Y32          LUT3 (Prop_lut3_I0_O)        0.332    30.640 r  calculatornator/result[6]_i_24/O
                         net (fo=1, routed)           0.000    30.640    calculatornator/result[6]_i_24_n_0
    SLICE_X5Y32          CARRY4 (Prop_carry4_S[1]_CO[3])
                                                      0.550    31.190 r  calculatornator/result_reg[6]_i_17/CO[3]
                         net (fo=1, routed)           0.000    31.190    calculatornator/result_reg[6]_i_17_n_0
    SLICE_X5Y33          CARRY4 (Prop_carry4_CI_CO[3])
                                                      0.114    31.304 r  calculatornator/result_reg[6]_i_12/CO[3]
                         net (fo=1, routed)           0.000    31.304    calculatornator/result_reg[6]_i_12_n_0
    SLICE_X5Y34          CARRY4 (Prop_carry4_CI_CO[3])
                                                      0.114    31.418 r  calculatornator/result_reg[6]_i_7/CO[3]
                         net (fo=1, routed)           0.000    31.418    calculatornator/result_reg[6]_i_7_n_0
    SLICE_X5Y35          CARRY4 (Prop_carry4_CI_CO[3])
                                                      0.114    31.532 r  calculatornator/result_reg[6]_i_4/CO[3]
                         net (fo=1, routed)           0.000    31.532    calculatornator/result_reg[6]_i_4_n_0
    SLICE_X5Y36          CARRY4 (Prop_carry4_CI_CO[1])
                                                      0.157    31.689 r  calculatornator/result_reg[6]_i_3/CO[1]
                         net (fo=29, routed)          0.545    32.234    calculatornator/result10_in[6]
    SLICE_X5Y37          LUT3 (Prop_lut3_I0_O)        0.329    32.563 r  calculatornator/result[5]_i_24/O
                         net (fo=1, routed)           0.000    32.563    calculatornator/result[5]_i_24_n_0
    SLICE_X5Y37          CARRY4 (Prop_carry4_S[1]_CO[3])
                                                      0.550    33.113 r  calculatornator/result_reg[5]_i_17/CO[3]
                         net (fo=1, routed)           0.000    33.113    calculatornator/result_reg[5]_i_17_n_0
    SLICE_X5Y38          CARRY4 (Prop_carry4_CI_CO[3])
                                                      0.114    33.227 r  calculatornator/result_reg[5]_i_12/CO[3]
                         net (fo=1, routed)           0.000    33.227    calculatornator/result_reg[5]_i_12_n_0
    SLICE_X5Y39          CARRY4 (Prop_carry4_CI_CO[3])
                                                      0.114    33.341 r  calculatornator/result_reg[5]_i_7/CO[3]
                         net (fo=1, routed)           0.000    33.341    calculatornator/result_reg[5]_i_7_n_0
    SLICE_X5Y40          CARRY4 (Prop_carry4_CI_CO[3])
                                                      0.114    33.455 r  calculatornator/result_reg[5]_i_4/CO[3]
                         net (fo=1, routed)           0.000    33.455    calculatornator/result_reg[5]_i_4_n_0
    SLICE_X5Y41          CARRY4 (Prop_carry4_CI_CO[1])
                                                      0.157    33.612 r  calculatornator/result_reg[5]_i_3/CO[1]
                         net (fo=29, routed)          0.845    34.457    calculatornator/result10_in[5]
    SLICE_X7Y37          LUT3 (Prop_lut3_I0_O)        0.329    34.786 r  calculatornator/result[4]_i_26/O
                         net (fo=1, routed)           0.000    34.786    calculatornator/result[4]_i_26_n_0
    SLICE_X7Y37          CARRY4 (Prop_carry4_S[1]_CO[3])
                                                      0.550    35.336 r  calculatornator/result_reg[4]_i_18/CO[3]
                         net (fo=1, routed)           0.000    35.336    calculatornator/result_reg[4]_i_18_n_0
    SLICE_X7Y38          CARRY4 (Prop_carry4_CI_CO[3])
                                                      0.114    35.450 r  calculatornator/result_reg[4]_i_13/CO[3]
                         net (fo=1, routed)           0.000    35.450    calculatornator/result_reg[4]_i_13_n_0
    SLICE_X7Y39          CARRY4 (Prop_carry4_CI_CO[3])
                                                      0.114    35.564 r  calculatornator/result_reg[4]_i_5/CO[3]
                         net (fo=1, routed)           0.000    35.564    calculatornator/result_reg[4]_i_5_n_0
    SLICE_X7Y40          CARRY4 (Prop_carry4_CI_CO[1])
                                                      0.157    35.721 r  calculatornator/result_reg[4]_i_3/CO[1]
                         net (fo=29, routed)          0.611    36.332    calculatornator/result10_in[4]
    SLICE_X6Y41          LUT3 (Prop_lut3_I0_O)        0.329    36.661 r  calculatornator/result[3]_i_40/O
                         net (fo=1, routed)           0.000    36.661    calculatornator/result[3]_i_40_n_0
    SLICE_X6Y41          CARRY4 (Prop_carry4_S[1]_CO[3])
                                                      0.533    37.194 r  calculatornator/result_reg[3]_i_32/CO[3]
                         net (fo=1, routed)           0.000    37.194    calculatornator/result_reg[3]_i_32_n_0
    SLICE_X6Y42          CARRY4 (Prop_carry4_CI_CO[3])
                                                      0.117    37.311 r  calculatornator/result_reg[3]_i_26/CO[3]
                         net (fo=1, routed)           0.000    37.311    calculatornator/result_reg[3]_i_26_n_0
    SLICE_X6Y43          CARRY4 (Prop_carry4_CI_CO[3])
                                                      0.117    37.428 r  calculatornator/result_reg[3]_i_16/CO[3]
                         net (fo=1, routed)           0.000    37.428    calculatornator/result_reg[3]_i_16_n_0
    SLICE_X6Y44          CARRY4 (Prop_carry4_CI_CO[1])
                                                      0.157    37.585 r  calculatornator/result_reg[3]_i_14/CO[1]
                         net (fo=29, routed)          0.723    38.308    calculatornator/result10_in[3]
    SLICE_X7Y41          LUT6 (Prop_lut6_I0_O)        0.332    38.640 r  calculatornator/result[2]_i_33/O
                         net (fo=1, routed)           0.000    38.640    calculatornator/result[2]_i_33_n_0
    SLICE_X7Y41          CARRY4 (Prop_carry4_S[1]_CO[3])
                                                      0.550    39.190 r  calculatornator/result_reg[2]_i_26/CO[3]
                         net (fo=1, routed)           0.000    39.190    calculatornator/result_reg[2]_i_26_n_0
    SLICE_X7Y42          CARRY4 (Prop_carry4_CI_CO[3])
                                                      0.114    39.304 r  calculatornator/result_reg[2]_i_21/CO[3]
                         net (fo=1, routed)           0.000    39.304    calculatornator/result_reg[2]_i_21_n_0
    SLICE_X7Y43          CARRY4 (Prop_carry4_CI_CO[3])
                                                      0.114    39.418 r  calculatornator/result_reg[2]_i_16/CO[3]
                         net (fo=1, routed)           0.000    39.418    calculatornator/result_reg[2]_i_16_n_0
    SLICE_X7Y44          CARRY4 (Prop_carry4_CI_CO[3])
                                                      0.114    39.532 r  calculatornator/result_reg[2]_i_13/CO[3]
                         net (fo=1, routed)           0.000    39.532    calculatornator/result_reg[2]_i_13_n_0
    SLICE_X7Y45          CARRY4 (Prop_carry4_CI_CO[1])
                                                      0.157    39.689 r  calculatornator/result_reg[2]_i_11/CO[1]
                         net (fo=29, routed)          0.735    40.425    calculatornator/result10_in[2]
    SLICE_X5Y42          LUT5 (Prop_lut5_I0_O)        0.329    40.754 r  calculatornator/result[1]_i_25/O
                         net (fo=1, routed)           0.000    40.754    calculatornator/result[1]_i_25_n_0
    SLICE_X5Y42          CARRY4 (Prop_carry4_S[1]_CO[3])
                                                      0.550    41.304 r  calculatornator/result_reg[1]_i_17/CO[3]
                         net (fo=1, routed)           0.000    41.304    calculatornator/result_reg[1]_i_17_n_0
    SLICE_X5Y43          CARRY4 (Prop_carry4_CI_CO[3])
                                                      0.114    41.418 r  calculatornator/result_reg[1]_i_12/CO[3]
                         net (fo=1, routed)           0.000    41.418    calculatornator/result_reg[1]_i_12_n_0
    SLICE_X5Y44          CARRY4 (Prop_carry4_CI_CO[3])
                                                      0.114    41.532 r  calculatornator/result_reg[1]_i_7/CO[3]
                         net (fo=1, routed)           0.000    41.532    calculatornator/result_reg[1]_i_7_n_0
    SLICE_X5Y45          CARRY4 (Prop_carry4_CI_CO[3])
                                                      0.114    41.646 r  calculatornator/result_reg[1]_i_4/CO[3]
                         net (fo=1, routed)           0.000    41.646    calculatornator/result_reg[1]_i_4_n_0
    SLICE_X5Y46          CARRY4 (Prop_carry4_CI_CO[1])
                                                      0.157    41.803 r  calculatornator/result_reg[1]_i_3/CO[1]
                         net (fo=29, routed)          0.886    42.688    calculatornator/result10_in[1]
    SLICE_X4Y42          LUT3 (Prop_lut3_I0_O)        0.329    43.017 r  calculatornator/result[0]_i_23/O
                         net (fo=1, routed)           0.000    43.017    calculatornator/result[0]_i_23_n_0
    SLICE_X4Y42          CARRY4 (Prop_carry4_S[0]_CO[3])
                                                      0.532    43.549 r  calculatornator/result_reg[0]_i_15/CO[3]
                         net (fo=1, routed)           0.000    43.549    calculatornator/result_reg[0]_i_15_n_0
    SLICE_X4Y43          CARRY4 (Prop_carry4_CI_CO[3])
                                                      0.114    43.663 r  calculatornator/result_reg[0]_i_10/CO[3]
                         net (fo=1, routed)           0.000    43.663    calculatornator/result_reg[0]_i_10_n_0
    SLICE_X4Y44          CARRY4 (Prop_carry4_CI_CO[3])
                                                      0.114    43.777 r  calculatornator/result_reg[0]_i_5/CO[3]
                         net (fo=1, routed)           0.000    43.777    calculatornator/result_reg[0]_i_5_n_0
    SLICE_X4Y45          CARRY4 (Prop_carry4_CI_CO[3])
                                                      0.114    43.891 r  calculatornator/result_reg[0]_i_3/CO[3]
                         net (fo=1, routed)           0.000    43.891    calculatornator/result_reg[0]_i_3_n_0
    SLICE_X4Y46          CARRY4 (Prop_carry4_CI_CO[0])
                                                      0.271    44.162 f  calculatornator/result_reg[0]_i_2/CO[0]
                         net (fo=2, routed)           0.309    44.471    calculatornator/result10_in[0]
    SLICE_X5Y47          LUT1 (Prop_lut1_I0_O)        0.373    44.844 r  calculatornator/result[4]_i_8/O
                         net (fo=1, routed)           0.336    45.180    calculatornator/result[4]_i_8_n_0
    SLICE_X4Y48          CARRY4 (Prop_carry4_CYINIT_CO[3])
                                                      0.580    45.760 r  calculatornator/result_reg[4]_i_4/CO[3]
                         net (fo=1, routed)           0.000    45.760    calculatornator/result_reg[4]_i_4_n_0
    SLICE_X4Y49          CARRY4 (Prop_carry4_CI_O[3])
                                                      0.313    46.073 r  calculatornator/result_reg[8]_i_5/O[3]
                         net (fo=1, routed)           0.559    46.631    calculatornator/result1[8]
    SLICE_X7Y52          LUT5 (Prop_lut5_I4_O)        0.306    46.937 r  calculatornator/result[8]_i_1_comp/O
                         net (fo=1, routed)           0.000    46.937    calculatornator/p_2_in[8]
    SLICE_X7Y52          FDRE                                         r  calculatornator/result_reg[8]/D
  -------------------------------------------------------------------    -------------------

                         (clock sys_clk_pin rise edge)
                                                      0.000     0.000 r  
    W5                                                0.000     0.000 r  CLOCK (IN)
                         net (fo=0)                   0.000     0.000    CLOCK
    W5                   IBUF (Prop_ibuf_I_O)         1.388     1.388 r  CLOCK_IBUF_inst/O
                         net (fo=1, routed)           1.862     3.250    CLOCK_IBUF
    BUFGCTRL_X0Y0        BUFG (Prop_bufg_I_O)         0.091     3.341 r  CLOCK_IBUF_BUFG_inst/O
                         net (fo=240, routed)         1.508     4.849    calculatornator/CLOCK_IBUF_BUFG
    SLICE_X7Y52          FDRE                                         r  calculatornator/result_reg[8]/C

Slack:                    inf
  Source:                 sw[2]
                            (input port)
  Destination:            calculatornator/result_reg[6]/D
                            (rising edge-triggered cell FDRE clocked by sys_clk_pin  {rise@0.000ns fall@5.000ns period=10.000ns})
  Path Group:             (none)
  Path Type:              Setup (Max at Slow Process Corner)
  Data Path Delay:        46.894ns  (logic 22.958ns (48.957%)  route 23.936ns (51.043%))
  Logic Levels:           87  (CARRY4=67 IBUF=1 LUT1=1 LUT2=4 LUT3=5 LUT4=2 LUT5=3 LUT6=4)
  Clock Path Skew:        4.859ns (DCD - SCD + CPR)
    Destination Clock Delay (DCD):    4.859ns
    Source Clock Delay      (SCD):    0.000ns
    Clock Pessimism Removal (CPR):    0.000ns
  Clock Uncertainty:      0.025ns  ((TSJ^2 + TIJ^2)^1/2 + DJ) / 2 + PE
    Total System Jitter     (TSJ):    0.050ns
    Total Input Jitter      (TIJ):    0.000ns
    Discrete Jitter          (DJ):    0.000ns
    Phase Error              (PE):    0.000ns

    Location             Delay type                Incr(ns)  Path(ns)    Netlist Resource(s)
  -------------------------------------------------------------------    -------------------
    W16                                               0.000     0.000 r  sw[2] (IN)
                         net (fo=0)                   0.000     0.000    sw[2]
    W16                  IBUF (Prop_ibuf_I_O)         1.464     1.464 r  sw_IBUF[2]_inst/O
                         net (fo=49, routed)          2.335     3.798    calculatornator/sw_IBUF[2]
    SLICE_X0Y34          LUT4 (Prop_lut4_I0_O)        0.124     3.922 r  calculatornator/result[15]_i_4/O
                         net (fo=6, routed)           1.658     5.581    calculatornator/sw[2]
    SLICE_X1Y40          LUT4 (Prop_lut4_I1_O)        0.124     5.705 r  calculatornator/result[15]_i_49/O
                         net (fo=26, routed)          1.285     6.990    calculatornator/result[15]_i_27_n_0
    SLICE_X1Y40          CARRY4 (Prop_carry4_DI[1]_CO[3])
                                                      0.507     7.497 r  calculatornator/result_reg[15]_i_13/CO[3]
                         net (fo=1, routed)           0.000     7.497    calculatornator/result_reg[15]_i_13_n_0
    SLICE_X1Y41          CARRY4 (Prop_carry4_CI_CO[0])
                                                      0.271     7.768 r  calculatornator/result_reg[15]_i_10/CO[0]
                         net (fo=14, routed)          1.059     8.826    calculatornator/result_reg[15]_i_10_n_3
    SLICE_X0Y39          LUT2 (Prop_lut2_I1_O)        0.373     9.199 r  calculatornator/result[14]_i_16/O
                         net (fo=1, routed)           0.000     9.199    calculatornator/result[14]_i_16_n_0
    SLICE_X0Y39          CARRY4 (Prop_carry4_S[1]_CO[3])
                                                      0.550     9.749 r  calculatornator/result_reg[14]_i_7/CO[3]
                         net (fo=1, routed)           0.000     9.749    calculatornator/result_reg[14]_i_7_n_0
    SLICE_X0Y40          CARRY4 (Prop_carry4_CI_CO[3])
                                                      0.114     9.863 r  calculatornator/result_reg[14]_i_4/CO[3]
                         net (fo=1, routed)           0.000     9.863    calculatornator/result_reg[14]_i_4_n_0
    SLICE_X0Y41          CARRY4 (Prop_carry4_CI_CO[2])
                                                      0.228    10.091 r  calculatornator/result_reg[14]_i_2/CO[2]
                         net (fo=16, routed)          1.380    11.471    calculatornator/result_reg[14]_i_2_n_1
    SLICE_X0Y36          LUT5 (Prop_lut5_I0_O)        0.313    11.784 r  calculatornator/result[13]_i_15/O
                         net (fo=1, routed)           0.000    11.784    calculatornator/result[13]_i_15_n_0
    SLICE_X0Y36          CARRY4 (Prop_carry4_S[2]_CO[3])
                                                      0.398    12.182 r  calculatornator/result_reg[13]_i_8/CO[3]
                         net (fo=1, routed)           0.000    12.182    calculatornator/result_reg[13]_i_8_n_0
    SLICE_X0Y37          CARRY4 (Prop_carry4_CI_CO[3])
                                                      0.114    12.296 r  calculatornator/result_reg[13]_i_4/CO[3]
                         net (fo=1, routed)           0.000    12.296    calculatornator/result_reg[13]_i_4_n_0
    SLICE_X0Y38          CARRY4 (Prop_carry4_CI_CO[3])
                                                      0.114    12.410 r  calculatornator/result_reg[13]_i_2/CO[3]
                         net (fo=18, routed)          1.496    13.906    calculatornator/result_reg[13]_i_2_n_0
    SLICE_X3Y36          LUT6 (Prop_lut6_I0_O)        0.124    14.030 r  calculatornator/result[12]_i_21/O
                         net (fo=1, routed)           0.000    14.030    calculatornator/result[12]_i_21_n_0
    SLICE_X3Y36          CARRY4 (Prop_carry4_S[3]_CO[3])
                                                      0.401    14.431 r  calculatornator/result_reg[12]_i_15/CO[3]
                         net (fo=1, routed)           0.000    14.431    calculatornator/result_reg[12]_i_15_n_0
    SLICE_X3Y37          CARRY4 (Prop_carry4_CI_CO[3])
                                                      0.114    14.545 r  calculatornator/result_reg[12]_i_6/CO[3]
                         net (fo=1, routed)           0.000    14.545    calculatornator/result_reg[12]_i_6_n_0
    SLICE_X3Y38          CARRY4 (Prop_carry4_CI_CO[3])
                                                      0.114    14.659 r  calculatornator/result_reg[12]_i_4/CO[3]
                         net (fo=1, routed)           0.000    14.659    calculatornator/result_reg[12]_i_4_n_0
    SLICE_X3Y39          CARRY4 (Prop_carry4_CI_CO[0])
                                                      0.271    14.930 r  calculatornator/result_reg[12]_i_2/CO[0]
                         net (fo=20, routed)          1.558    16.489    calculatornator/result_reg[12]_i_2_n_3
    SLICE_X1Y35          LUT6 (Prop_lut6_I0_O)        0.373    16.862 r  calculatornator/result[11]_i_57/O
                         net (fo=1, routed)           0.000    16.862    calculatornator/result[11]_i_57_n_0
    SLICE_X1Y35          CARRY4 (Prop_carry4_S[3]_CO[3])
                                                      0.401    17.263 r  calculatornator/result_reg[11]_i_24/CO[3]
                         net (fo=1, routed)           0.000    17.263    calculatornator/result_reg[11]_i_24_n_0
    SLICE_X1Y36          CARRY4 (Prop_carry4_CI_CO[3])
                                                      0.114    17.377 r  calculatornator/result_reg[11]_i_15/CO[3]
                         net (fo=1, routed)           0.000    17.377    calculatornator/result_reg[11]_i_15_n_0
    SLICE_X1Y37          CARRY4 (Prop_carry4_CI_CO[3])
                                                      0.114    17.491 r  calculatornator/result_reg[11]_i_5/CO[3]
                         net (fo=1, routed)           0.000    17.491    calculatornator/result_reg[11]_i_5_n_0
    SLICE_X1Y38          CARRY4 (Prop_carry4_CI_CO[1])
                                                      0.157    17.648 r  calculatornator/result_reg[11]_i_2/CO[1]
                         net (fo=22, routed)          1.688    19.335    calculatornator/result_reg[11]_i_2_n_2
    SLICE_X3Y32          LUT2 (Prop_lut2_I1_O)        0.329    19.664 r  calculatornator/result[10]_i_20/O
                         net (fo=1, routed)           0.000    19.664    calculatornator/result[10]_i_20_n_0
    SLICE_X3Y32          CARRY4 (Prop_carry4_S[1]_CO[3])
                                                      0.550    20.214 r  calculatornator/result_reg[10]_i_12/CO[3]
                         net (fo=1, routed)           0.000    20.214    calculatornator/result_reg[10]_i_12_n_0
    SLICE_X3Y33          CARRY4 (Prop_carry4_CI_CO[3])
                                                      0.114    20.328 r  calculatornator/result_reg[10]_i_7/CO[3]
                         net (fo=1, routed)           0.000    20.328    calculatornator/result_reg[10]_i_7_n_0
    SLICE_X3Y34          CARRY4 (Prop_carry4_CI_CO[3])
                                                      0.114    20.442 r  calculatornator/result_reg[10]_i_4/CO[3]
                         net (fo=1, routed)           0.000    20.442    calculatornator/result_reg[10]_i_4_n_0
    SLICE_X3Y35          CARRY4 (Prop_carry4_CI_CO[2])
                                                      0.228    20.670 r  calculatornator/result_reg[10]_i_2/CO[2]
                         net (fo=24, routed)          1.783    22.453    calculatornator/result_reg[10]_i_2_n_1
    SLICE_X4Y36          LUT2 (Prop_lut2_I0_O)        0.313    22.766 r  calculatornator/result[9]_i_11/O
                         net (fo=1, routed)           0.000    22.766    calculatornator/result[9]_i_11_n_0
    SLICE_X4Y36          CARRY4 (Prop_carry4_S[1]_CO[3])
                                                      0.550    23.316 r  calculatornator/result_reg[9]_i_4/CO[3]
                         net (fo=1, routed)           0.000    23.316    calculatornator/result_reg[9]_i_4_n_0
    SLICE_X4Y37          CARRY4 (Prop_carry4_CI_CO[3])
                                                      0.114    23.430 r  calculatornator/result_reg[9]_i_2/CO[3]
                         net (fo=26, routed)          1.710    25.140    calculatornator/result_reg[9]_i_2_n_0
    SLICE_X2Y34          LUT2 (Prop_lut2_I1_O)        0.124    25.264 r  calculatornator/result[8]_i_28/O
                         net (fo=1, routed)           0.000    25.264    calculatornator/result[8]_i_28_n_0
    SLICE_X2Y34          CARRY4 (Prop_carry4_S[1]_CO[3])
                                                      0.533    25.797 r  calculatornator/result_reg[8]_i_20/CO[3]
                         net (fo=1, routed)           0.000    25.797    calculatornator/result_reg[8]_i_20_n_0
    SLICE_X2Y35          CARRY4 (Prop_carry4_CI_CO[3])
                                                      0.117    25.914 r  calculatornator/result_reg[8]_i_15/CO[3]
                         net (fo=1, routed)           0.000    25.914    calculatornator/result_reg[8]_i_15_n_0
    SLICE_X2Y36          CARRY4 (Prop_carry4_CI_CO[3])
                                                      0.117    26.031 r  calculatornator/result_reg[8]_i_6/CO[3]
                         net (fo=1, routed)           0.000    26.031    calculatornator/result_reg[8]_i_6_n_0
    SLICE_X2Y37          CARRY4 (Prop_carry4_CI_CO[3])
                                                      0.117    26.148 r  calculatornator/result_reg[8]_i_4/CO[3]
                         net (fo=1, routed)           0.000    26.148    calculatornator/result_reg[8]_i_4_n_0
    SLICE_X2Y38          CARRY4 (Prop_carry4_CI_CO[0])
                                                      0.254    26.402 r  calculatornator/result_reg[8]_i_2/CO[0]
                         net (fo=28, routed)          1.747    28.149    calculatornator/result_reg[8]_i_2_n_3
    SLICE_X6Y32          LUT5 (Prop_lut5_I3_O)        0.367    28.516 r  calculatornator/result[7]_i_44/O
                         net (fo=1, routed)           0.000    28.516    calculatornator/result[7]_i_44_n_0
    SLICE_X6Y32          CARRY4 (Prop_carry4_S[1]_CO[3])
                                                      0.533    29.049 r  calculatornator/result_reg[7]_i_36/CO[3]
                         net (fo=1, routed)           0.000    29.049    calculatornator/result_reg[7]_i_36_n_0
    SLICE_X6Y33          CARRY4 (Prop_carry4_CI_CO[3])
                                                      0.117    29.166 r  calculatornator/result_reg[7]_i_31/CO[3]
                         net (fo=1, routed)           0.000    29.166    calculatornator/result_reg[7]_i_31_n_0
    SLICE_X6Y34          CARRY4 (Prop_carry4_CI_CO[3])
                                                      0.117    29.283 r  calculatornator/result_reg[7]_i_26/CO[3]
                         net (fo=1, routed)           0.000    29.283    calculatornator/result_reg[7]_i_26_n_0
    SLICE_X6Y35          CARRY4 (Prop_carry4_CI_CO[3])
                                                      0.117    29.400 r  calculatornator/result_reg[7]_i_24/CO[3]
                         net (fo=1, routed)           0.000    29.400    calculatornator/result_reg[7]_i_24_n_0
    SLICE_X6Y36          CARRY4 (Prop_carry4_CI_CO[1])
                                                      0.157    29.557 r  calculatornator/result_reg[7]_i_23/CO[1]
                         net (fo=29, routed)          0.751    30.308    calculatornator/result_reg[7]_i_23_n_2
    SLICE_X5Y32          LUT3 (Prop_lut3_I0_O)        0.332    30.640 r  calculatornator/result[6]_i_24/O
                         net (fo=1, routed)           0.000    30.640    calculatornator/result[6]_i_24_n_0
    SLICE_X5Y32          CARRY4 (Prop_carry4_S[1]_CO[3])
                                                      0.550    31.190 r  calculatornator/result_reg[6]_i_17/CO[3]
                         net (fo=1, routed)           0.000    31.190    calculatornator/result_reg[6]_i_17_n_0
    SLICE_X5Y33          CARRY4 (Prop_carry4_CI_CO[3])
                                                      0.114    31.304 r  calculatornator/result_reg[6]_i_12/CO[3]
                         net (fo=1, routed)           0.000    31.304    calculatornator/result_reg[6]_i_12_n_0
    SLICE_X5Y34          CARRY4 (Prop_carry4_CI_CO[3])
                                                      0.114    31.418 r  calculatornator/result_reg[6]_i_7/CO[3]
                         net (fo=1, routed)           0.000    31.418    calculatornator/result_reg[6]_i_7_n_0
    SLICE_X5Y35          CARRY4 (Prop_carry4_CI_CO[3])
                                                      0.114    31.532 r  calculatornator/result_reg[6]_i_4/CO[3]
                         net (fo=1, routed)           0.000    31.532    calculatornator/result_reg[6]_i_4_n_0
    SLICE_X5Y36          CARRY4 (Prop_carry4_CI_CO[1])
                                                      0.157    31.689 r  calculatornator/result_reg[6]_i_3/CO[1]
                         net (fo=29, routed)          0.545    32.234    calculatornator/result10_in[6]
    SLICE_X5Y37          LUT3 (Prop_lut3_I0_O)        0.329    32.563 r  calculatornator/result[5]_i_24/O
                         net (fo=1, routed)           0.000    32.563    calculatornator/result[5]_i_24_n_0
    SLICE_X5Y37          CARRY4 (Prop_carry4_S[1]_CO[3])
                                                      0.550    33.113 r  calculatornator/result_reg[5]_i_17/CO[3]
                         net (fo=1, routed)           0.000    33.113    calculatornator/result_reg[5]_i_17_n_0
    SLICE_X5Y38          CARRY4 (Prop_carry4_CI_CO[3])
                                                      0.114    33.227 r  calculatornator/result_reg[5]_i_12/CO[3]
                         net (fo=1, routed)           0.000    33.227    calculatornator/result_reg[5]_i_12_n_0
    SLICE_X5Y39          CARRY4 (Prop_carry4_CI_CO[3])
                                                      0.114    33.341 r  calculatornator/result_reg[5]_i_7/CO[3]
                         net (fo=1, routed)           0.000    33.341    calculatornator/result_reg[5]_i_7_n_0
    SLICE_X5Y40          CARRY4 (Prop_carry4_CI_CO[3])
                                                      0.114    33.455 r  calculatornator/result_reg[5]_i_4/CO[3]
                         net (fo=1, routed)           0.000    33.455    calculatornator/result_reg[5]_i_4_n_0
    SLICE_X5Y41          CARRY4 (Prop_carry4_CI_CO[1])
                                                      0.157    33.612 r  calculatornator/result_reg[5]_i_3/CO[1]
                         net (fo=29, routed)          0.845    34.457    calculatornator/result10_in[5]
    SLICE_X7Y37          LUT3 (Prop_lut3_I0_O)        0.329    34.786 r  calculatornator/result[4]_i_26/O
                         net (fo=1, routed)           0.000    34.786    calculatornator/result[4]_i_26_n_0
    SLICE_X7Y37          CARRY4 (Prop_carry4_S[1]_CO[3])
                                                      0.550    35.336 r  calculatornator/result_reg[4]_i_18/CO[3]
                         net (fo=1, routed)           0.000    35.336    calculatornator/result_reg[4]_i_18_n_0
    SLICE_X7Y38          CARRY4 (Prop_carry4_CI_CO[3])
                                                      0.114    35.450 r  calculatornator/result_reg[4]_i_13/CO[3]
                         net (fo=1, routed)           0.000    35.450    calculatornator/result_reg[4]_i_13_n_0
    SLICE_X7Y39          CARRY4 (Prop_carry4_CI_CO[3])
                                                      0.114    35.564 r  calculatornator/result_reg[4]_i_5/CO[3]
                         net (fo=1, routed)           0.000    35.564    calculatornator/result_reg[4]_i_5_n_0
    SLICE_X7Y40          CARRY4 (Prop_carry4_CI_CO[1])
                                                      0.157    35.721 r  calculatornator/result_reg[4]_i_3/CO[1]
                         net (fo=29, routed)          0.611    36.332    calculatornator/result10_in[4]
    SLICE_X6Y41          LUT3 (Prop_lut3_I0_O)        0.329    36.661 r  calculatornator/result[3]_i_40/O
                         net (fo=1, routed)           0.000    36.661    calculatornator/result[3]_i_40_n_0
    SLICE_X6Y41          CARRY4 (Prop_carry4_S[1]_CO[3])
                                                      0.533    37.194 r  calculatornator/result_reg[3]_i_32/CO[3]
                         net (fo=1, routed)           0.000    37.194    calculatornator/result_reg[3]_i_32_n_0
    SLICE_X6Y42          CARRY4 (Prop_carry4_CI_CO[3])
                                                      0.117    37.311 r  calculatornator/result_reg[3]_i_26/CO[3]
                         net (fo=1, routed)           0.000    37.311    calculatornator/result_reg[3]_i_26_n_0
    SLICE_X6Y43          CARRY4 (Prop_carry4_CI_CO[3])
                                                      0.117    37.428 r  calculatornator/result_reg[3]_i_16/CO[3]
                         net (fo=1, routed)           0.000    37.428    calculatornator/result_reg[3]_i_16_n_0
    SLICE_X6Y44          CARRY4 (Prop_carry4_CI_CO[1])
                                                      0.157    37.585 r  calculatornator/result_reg[3]_i_14/CO[1]
                         net (fo=29, routed)          0.723    38.308    calculatornator/result10_in[3]
    SLICE_X7Y41          LUT6 (Prop_lut6_I0_O)        0.332    38.640 r  calculatornator/result[2]_i_33/O
                         net (fo=1, routed)           0.000    38.640    calculatornator/result[2]_i_33_n_0
    SLICE_X7Y41          CARRY4 (Prop_carry4_S[1]_CO[3])
                                                      0.550    39.190 r  calculatornator/result_reg[2]_i_26/CO[3]
                         net (fo=1, routed)           0.000    39.190    calculatornator/result_reg[2]_i_26_n_0
    SLICE_X7Y42          CARRY4 (Prop_carry4_CI_CO[3])
                                                      0.114    39.304 r  calculatornator/result_reg[2]_i_21/CO[3]
                         net (fo=1, routed)           0.000    39.304    calculatornator/result_reg[2]_i_21_n_0
    SLICE_X7Y43          CARRY4 (Prop_carry4_CI_CO[3])
                                                      0.114    39.418 r  calculatornator/result_reg[2]_i_16/CO[3]
                         net (fo=1, routed)           0.000    39.418    calculatornator/result_reg[2]_i_16_n_0
    SLICE_X7Y44          CARRY4 (Prop_carry4_CI_CO[3])
                                                      0.114    39.532 r  calculatornator/result_reg[2]_i_13/CO[3]
                         net (fo=1, routed)           0.000    39.532    calculatornator/result_reg[2]_i_13_n_0
    SLICE_X7Y45          CARRY4 (Prop_carry4_CI_CO[1])
                                                      0.157    39.689 r  calculatornator/result_reg[2]_i_11/CO[1]
                         net (fo=29, routed)          0.735    40.425    calculatornator/result10_in[2]
    SLICE_X5Y42          LUT5 (Prop_lut5_I0_O)        0.329    40.754 r  calculatornator/result[1]_i_25/O
                         net (fo=1, routed)           0.000    40.754    calculatornator/result[1]_i_25_n_0
    SLICE_X5Y42          CARRY4 (Prop_carry4_S[1]_CO[3])
                                                      0.550    41.304 r  calculatornator/result_reg[1]_i_17/CO[3]
                         net (fo=1, routed)           0.000    41.304    calculatornator/result_reg[1]_i_17_n_0
    SLICE_X5Y43          CARRY4 (Prop_carry4_CI_CO[3])
                                                      0.114    41.418 r  calculatornator/result_reg[1]_i_12/CO[3]
                         net (fo=1, routed)           0.000    41.418    calculatornator/result_reg[1]_i_12_n_0
    SLICE_X5Y44          CARRY4 (Prop_carry4_CI_CO[3])
                                                      0.114    41.532 r  calculatornator/result_reg[1]_i_7/CO[3]
                         net (fo=1, routed)           0.000    41.532    calculatornator/result_reg[1]_i_7_n_0
    SLICE_X5Y45          CARRY4 (Prop_carry4_CI_CO[3])
                                                      0.114    41.646 r  calculatornator/result_reg[1]_i_4/CO[3]
                         net (fo=1, routed)           0.000    41.646    calculatornator/result_reg[1]_i_4_n_0
    SLICE_X5Y46          CARRY4 (Prop_carry4_CI_CO[1])
                                                      0.157    41.803 r  calculatornator/result_reg[1]_i_3/CO[1]
                         net (fo=29, routed)          0.886    42.688    calculatornator/result10_in[1]
    SLICE_X4Y42          LUT3 (Prop_lut3_I0_O)        0.329    43.017 r  calculatornator/result[0]_i_23/O
                         net (fo=1, routed)           0.000    43.017    calculatornator/result[0]_i_23_n_0
    SLICE_X4Y42          CARRY4 (Prop_carry4_S[0]_CO[3])
                                                      0.532    43.549 r  calculatornator/result_reg[0]_i_15/CO[3]
                         net (fo=1, routed)           0.000    43.549    calculatornator/result_reg[0]_i_15_n_0
    SLICE_X4Y43          CARRY4 (Prop_carry4_CI_CO[3])
                                                      0.114    43.663 r  calculatornator/result_reg[0]_i_10/CO[3]
                         net (fo=1, routed)           0.000    43.663    calculatornator/result_reg[0]_i_10_n_0
    SLICE_X4Y44          CARRY4 (Prop_carry4_CI_CO[3])
                                                      0.114    43.777 r  calculatornator/result_reg[0]_i_5/CO[3]
                         net (fo=1, routed)           0.000    43.777    calculatornator/result_reg[0]_i_5_n_0
    SLICE_X4Y45          CARRY4 (Prop_carry4_CI_CO[3])
                                                      0.114    43.891 r  calculatornator/result_reg[0]_i_3/CO[3]
                         net (fo=1, routed)           0.000    43.891    calculatornator/result_reg[0]_i_3_n_0
    SLICE_X4Y46          CARRY4 (Prop_carry4_CI_CO[0])
                                                      0.271    44.162 f  calculatornator/result_reg[0]_i_2/CO[0]
                         net (fo=2, routed)           0.309    44.471    calculatornator/result10_in[0]
    SLICE_X5Y47          LUT1 (Prop_lut1_I0_O)        0.373    44.844 r  calculatornator/result[4]_i_8/O
                         net (fo=1, routed)           0.336    45.180    calculatornator/result[4]_i_8_n_0
    SLICE_X4Y48          CARRY4 (Prop_carry4_CYINIT_CO[3])
                                                      0.580    45.760 r  calculatornator/result_reg[4]_i_4/CO[3]
                         net (fo=1, routed)           0.000    45.760    calculatornator/result_reg[4]_i_4_n_0
    SLICE_X4Y49          CARRY4 (Prop_carry4_CI_O[1])
                                                      0.334    46.094 r  calculatornator/result_reg[8]_i_5/O[1]
                         net (fo=1, routed)           0.497    46.591    calculatornator/result1[6]
    SLICE_X4Y47          LUT6 (Prop_lut6_I5_O)        0.303    46.894 r  calculatornator/result[6]_i_1_comp/O
                         net (fo=1, routed)           0.000    46.894    calculatornator/p_2_in[6]
    SLICE_X4Y47          FDRE                                         r  calculatornator/result_reg[6]/D
  -------------------------------------------------------------------    -------------------

                         (clock sys_clk_pin rise edge)
                                                      0.000     0.000 r  
    W5                                                0.000     0.000 r  CLOCK (IN)
                         net (fo=0)                   0.000     0.000    CLOCK
    W5                   IBUF (Prop_ibuf_I_O)         1.388     1.388 r  CLOCK_IBUF_inst/O
                         net (fo=1, routed)           1.862     3.250    CLOCK_IBUF
    BUFGCTRL_X0Y0        BUFG (Prop_bufg_I_O)         0.091     3.341 r  CLOCK_IBUF_BUFG_inst/O
                         net (fo=240, routed)         1.518     4.859    calculatornator/CLOCK_IBUF_BUFG
    SLICE_X4Y47          FDRE                                         r  calculatornator/result_reg[6]/C

Slack:                    inf
  Source:                 sw[2]
                            (input port)
  Destination:            calculatornator/result_reg[9]/D
                            (rising edge-triggered cell FDRE clocked by sys_clk_pin  {rise@0.000ns fall@5.000ns period=10.000ns})
  Path Group:             (none)
  Path Type:              Setup (Max at Slow Process Corner)
  Data Path Delay:        46.890ns  (logic 22.956ns (48.957%)  route 23.934ns (51.043%))
  Logic Levels:           88  (CARRY4=68 IBUF=1 LUT1=1 LUT2=4 LUT3=5 LUT4=2 LUT5=4 LUT6=3)
  Clock Path Skew:        4.851ns (DCD - SCD + CPR)
    Destination Clock Delay (DCD):    4.851ns
    Source Clock Delay      (SCD):    0.000ns
    Clock Pessimism Removal (CPR):    0.000ns
  Clock Uncertainty:      0.025ns  ((TSJ^2 + TIJ^2)^1/2 + DJ) / 2 + PE
    Total System Jitter     (TSJ):    0.050ns
    Total Input Jitter      (TIJ):    0.000ns
    Discrete Jitter          (DJ):    0.000ns
    Phase Error              (PE):    0.000ns

    Location             Delay type                Incr(ns)  Path(ns)    Netlist Resource(s)
  -------------------------------------------------------------------    -------------------
    W16                                               0.000     0.000 r  sw[2] (IN)
                         net (fo=0)                   0.000     0.000    sw[2]
    W16                  IBUF (Prop_ibuf_I_O)         1.464     1.464 r  sw_IBUF[2]_inst/O
                         net (fo=49, routed)          2.335     3.798    calculatornator/sw_IBUF[2]
    SLICE_X0Y34          LUT4 (Prop_lut4_I0_O)        0.124     3.922 r  calculatornator/result[15]_i_4/O
                         net (fo=6, routed)           1.658     5.581    calculatornator/sw[2]
    SLICE_X1Y40          LUT4 (Prop_lut4_I1_O)        0.124     5.705 r  calculatornator/result[15]_i_49/O
                         net (fo=26, routed)          1.285     6.990    calculatornator/result[15]_i_27_n_0
    SLICE_X1Y40          CARRY4 (Prop_carry4_DI[1]_CO[3])
                                                      0.507     7.497 r  calculatornator/result_reg[15]_i_13/CO[3]
                         net (fo=1, routed)           0.000     7.497    calculatornator/result_reg[15]_i_13_n_0
    SLICE_X1Y41          CARRY4 (Prop_carry4_CI_CO[0])
                                                      0.271     7.768 r  calculatornator/result_reg[15]_i_10/CO[0]
                         net (fo=14, routed)          1.059     8.826    calculatornator/result_reg[15]_i_10_n_3
    SLICE_X0Y39          LUT2 (Prop_lut2_I1_O)        0.373     9.199 r  calculatornator/result[14]_i_16/O
                         net (fo=1, routed)           0.000     9.199    calculatornator/result[14]_i_16_n_0
    SLICE_X0Y39          CARRY4 (Prop_carry4_S[1]_CO[3])
                                                      0.550     9.749 r  calculatornator/result_reg[14]_i_7/CO[3]
                         net (fo=1, routed)           0.000     9.749    calculatornator/result_reg[14]_i_7_n_0
    SLICE_X0Y40          CARRY4 (Prop_carry4_CI_CO[3])
                                                      0.114     9.863 r  calculatornator/result_reg[14]_i_4/CO[3]
                         net (fo=1, routed)           0.000     9.863    calculatornator/result_reg[14]_i_4_n_0
    SLICE_X0Y41          CARRY4 (Prop_carry4_CI_CO[2])
                                                      0.228    10.091 r  calculatornator/result_reg[14]_i_2/CO[2]
                         net (fo=16, routed)          1.380    11.471    calculatornator/result_reg[14]_i_2_n_1
    SLICE_X0Y36          LUT5 (Prop_lut5_I0_O)        0.313    11.784 r  calculatornator/result[13]_i_15/O
                         net (fo=1, routed)           0.000    11.784    calculatornator/result[13]_i_15_n_0
    SLICE_X0Y36          CARRY4 (Prop_carry4_S[2]_CO[3])
                                                      0.398    12.182 r  calculatornator/result_reg[13]_i_8/CO[3]
                         net (fo=1, routed)           0.000    12.182    calculatornator/result_reg[13]_i_8_n_0
    SLICE_X0Y37          CARRY4 (Prop_carry4_CI_CO[3])
                                                      0.114    12.296 r  calculatornator/result_reg[13]_i_4/CO[3]
                         net (fo=1, routed)           0.000    12.296    calculatornator/result_reg[13]_i_4_n_0
    SLICE_X0Y38          CARRY4 (Prop_carry4_CI_CO[3])
                                                      0.114    12.410 r  calculatornator/result_reg[13]_i_2/CO[3]
                         net (fo=18, routed)          1.496    13.906    calculatornator/result_reg[13]_i_2_n_0
    SLICE_X3Y36          LUT6 (Prop_lut6_I0_O)        0.124    14.030 r  calculatornator/result[12]_i_21/O
                         net (fo=1, routed)           0.000    14.030    calculatornator/result[12]_i_21_n_0
    SLICE_X3Y36          CARRY4 (Prop_carry4_S[3]_CO[3])
                                                      0.401    14.431 r  calculatornator/result_reg[12]_i_15/CO[3]
                         net (fo=1, routed)           0.000    14.431    calculatornator/result_reg[12]_i_15_n_0
    SLICE_X3Y37          CARRY4 (Prop_carry4_CI_CO[3])
                                                      0.114    14.545 r  calculatornator/result_reg[12]_i_6/CO[3]
                         net (fo=1, routed)           0.000    14.545    calculatornator/result_reg[12]_i_6_n_0
    SLICE_X3Y38          CARRY4 (Prop_carry4_CI_CO[3])
                                                      0.114    14.659 r  calculatornator/result_reg[12]_i_4/CO[3]
                         net (fo=1, routed)           0.000    14.659    calculatornator/result_reg[12]_i_4_n_0
    SLICE_X3Y39          CARRY4 (Prop_carry4_CI_CO[0])
                                                      0.271    14.930 r  calculatornator/result_reg[12]_i_2/CO[0]
                         net (fo=20, routed)          1.558    16.489    calculatornator/result_reg[12]_i_2_n_3
    SLICE_X1Y35          LUT6 (Prop_lut6_I0_O)        0.373    16.862 r  calculatornator/result[11]_i_57/O
                         net (fo=1, routed)           0.000    16.862    calculatornator/result[11]_i_57_n_0
    SLICE_X1Y35          CARRY4 (Prop_carry4_S[3]_CO[3])
                                                      0.401    17.263 r  calculatornator/result_reg[11]_i_24/CO[3]
                         net (fo=1, routed)           0.000    17.263    calculatornator/result_reg[11]_i_24_n_0
    SLICE_X1Y36          CARRY4 (Prop_carry4_CI_CO[3])
                                                      0.114    17.377 r  calculatornator/result_reg[11]_i_15/CO[3]
                         net (fo=1, routed)           0.000    17.377    calculatornator/result_reg[11]_i_15_n_0
    SLICE_X1Y37          CARRY4 (Prop_carry4_CI_CO[3])
                                                      0.114    17.491 r  calculatornator/result_reg[11]_i_5/CO[3]
                         net (fo=1, routed)           0.000    17.491    calculatornator/result_reg[11]_i_5_n_0
    SLICE_X1Y38          CARRY4 (Prop_carry4_CI_CO[1])
                                                      0.157    17.648 r  calculatornator/result_reg[11]_i_2/CO[1]
                         net (fo=22, routed)          1.688    19.335    calculatornator/result_reg[11]_i_2_n_2
    SLICE_X3Y32          LUT2 (Prop_lut2_I1_O)        0.329    19.664 r  calculatornator/result[10]_i_20/O
                         net (fo=1, routed)           0.000    19.664    calculatornator/result[10]_i_20_n_0
    SLICE_X3Y32          CARRY4 (Prop_carry4_S[1]_CO[3])
                                                      0.550    20.214 r  calculatornator/result_reg[10]_i_12/CO[3]
                         net (fo=1, routed)           0.000    20.214    calculatornator/result_reg[10]_i_12_n_0
    SLICE_X3Y33          CARRY4 (Prop_carry4_CI_CO[3])
                                                      0.114    20.328 r  calculatornator/result_reg[10]_i_7/CO[3]
                         net (fo=1, routed)           0.000    20.328    calculatornator/result_reg[10]_i_7_n_0
    SLICE_X3Y34          CARRY4 (Prop_carry4_CI_CO[3])
                                                      0.114    20.442 r  calculatornator/result_reg[10]_i_4/CO[3]
                         net (fo=1, routed)           0.000    20.442    calculatornator/result_reg[10]_i_4_n_0
    SLICE_X3Y35          CARRY4 (Prop_carry4_CI_CO[2])
                                                      0.228    20.670 r  calculatornator/result_reg[10]_i_2/CO[2]
                         net (fo=24, routed)          1.783    22.453    calculatornator/result_reg[10]_i_2_n_1
    SLICE_X4Y36          LUT2 (Prop_lut2_I0_O)        0.313    22.766 r  calculatornator/result[9]_i_11/O
                         net (fo=1, routed)           0.000    22.766    calculatornator/result[9]_i_11_n_0
    SLICE_X4Y36          CARRY4 (Prop_carry4_S[1]_CO[3])
                                                      0.550    23.316 r  calculatornator/result_reg[9]_i_4/CO[3]
                         net (fo=1, routed)           0.000    23.316    calculatornator/result_reg[9]_i_4_n_0
    SLICE_X4Y37          CARRY4 (Prop_carry4_CI_CO[3])
                                                      0.114    23.430 r  calculatornator/result_reg[9]_i_2/CO[3]
                         net (fo=26, routed)          1.710    25.140    calculatornator/result_reg[9]_i_2_n_0
    SLICE_X2Y34          LUT2 (Prop_lut2_I1_O)        0.124    25.264 r  calculatornator/result[8]_i_28/O
                         net (fo=1, routed)           0.000    25.264    calculatornator/result[8]_i_28_n_0
    SLICE_X2Y34          CARRY4 (Prop_carry4_S[1]_CO[3])
                                                      0.533    25.797 r  calculatornator/result_reg[8]_i_20/CO[3]
                         net (fo=1, routed)           0.000    25.797    calculatornator/result_reg[8]_i_20_n_0
    SLICE_X2Y35          CARRY4 (Prop_carry4_CI_CO[3])
                                                      0.117    25.914 r  calculatornator/result_reg[8]_i_15/CO[3]
                         net (fo=1, routed)           0.000    25.914    calculatornator/result_reg[8]_i_15_n_0
    SLICE_X2Y36          CARRY4 (Prop_carry4_CI_CO[3])
                                                      0.117    26.031 r  calculatornator/result_reg[8]_i_6/CO[3]
                         net (fo=1, routed)           0.000    26.031    calculatornator/result_reg[8]_i_6_n_0
    SLICE_X2Y37          CARRY4 (Prop_carry4_CI_CO[3])
                                                      0.117    26.148 r  calculatornator/result_reg[8]_i_4/CO[3]
                         net (fo=1, routed)           0.000    26.148    calculatornator/result_reg[8]_i_4_n_0
    SLICE_X2Y38          CARRY4 (Prop_carry4_CI_CO[0])
                                                      0.254    26.402 r  calculatornator/result_reg[8]_i_2/CO[0]
                         net (fo=28, routed)          1.747    28.149    calculatornator/result_reg[8]_i_2_n_3
    SLICE_X6Y32          LUT5 (Prop_lut5_I3_O)        0.367    28.516 r  calculatornator/result[7]_i_44/O
                         net (fo=1, routed)           0.000    28.516    calculatornator/result[7]_i_44_n_0
    SLICE_X6Y32          CARRY4 (Prop_carry4_S[1]_CO[3])
                                                      0.533    29.049 r  calculatornator/result_reg[7]_i_36/CO[3]
                         net (fo=1, routed)           0.000    29.049    calculatornator/result_reg[7]_i_36_n_0
    SLICE_X6Y33          CARRY4 (Prop_carry4_CI_CO[3])
                                                      0.117    29.166 r  calculatornator/result_reg[7]_i_31/CO[3]
                         net (fo=1, routed)           0.000    29.166    calculatornator/result_reg[7]_i_31_n_0
    SLICE_X6Y34          CARRY4 (Prop_carry4_CI_CO[3])
                                                      0.117    29.283 r  calculatornator/result_reg[7]_i_26/CO[3]
                         net (fo=1, routed)           0.000    29.283    calculatornator/result_reg[7]_i_26_n_0
    SLICE_X6Y35          CARRY4 (Prop_carry4_CI_CO[3])
                                                      0.117    29.400 r  calculatornator/result_reg[7]_i_24/CO[3]
                         net (fo=1, routed)           0.000    29.400    calculatornator/result_reg[7]_i_24_n_0
    SLICE_X6Y36          CARRY4 (Prop_carry4_CI_CO[1])
                                                      0.157    29.557 r  calculatornator/result_reg[7]_i_23/CO[1]
                         net (fo=29, routed)          0.751    30.308    calculatornator/result_reg[7]_i_23_n_2
    SLICE_X5Y32          LUT3 (Prop_lut3_I0_O)        0.332    30.640 r  calculatornator/result[6]_i_24/O
                         net (fo=1, routed)           0.000    30.640    calculatornator/result[6]_i_24_n_0
    SLICE_X5Y32          CARRY4 (Prop_carry4_S[1]_CO[3])
                                                      0.550    31.190 r  calculatornator/result_reg[6]_i_17/CO[3]
                         net (fo=1, routed)           0.000    31.190    calculatornator/result_reg[6]_i_17_n_0
    SLICE_X5Y33          CARRY4 (Prop_carry4_CI_CO[3])
                                                      0.114    31.304 r  calculatornator/result_reg[6]_i_12/CO[3]
                         net (fo=1, routed)           0.000    31.304    calculatornator/result_reg[6]_i_12_n_0
    SLICE_X5Y34          CARRY4 (Prop_carry4_CI_CO[3])
                                                      0.114    31.418 r  calculatornator/result_reg[6]_i_7/CO[3]
                         net (fo=1, routed)           0.000    31.418    calculatornator/result_reg[6]_i_7_n_0
    SLICE_X5Y35          CARRY4 (Prop_carry4_CI_CO[3])
                                                      0.114    31.532 r  calculatornator/result_reg[6]_i_4/CO[3]
                         net (fo=1, routed)           0.000    31.532    calculatornator/result_reg[6]_i_4_n_0
    SLICE_X5Y36          CARRY4 (Prop_carry4_CI_CO[1])
                                                      0.157    31.689 r  calculatornator/result_reg[6]_i_3/CO[1]
                         net (fo=29, routed)          0.545    32.234    calculatornator/result10_in[6]
    SLICE_X5Y37          LUT3 (Prop_lut3_I0_O)        0.329    32.563 r  calculatornator/result[5]_i_24/O
                         net (fo=1, routed)           0.000    32.563    calculatornator/result[5]_i_24_n_0
    SLICE_X5Y37          CARRY4 (Prop_carry4_S[1]_CO[3])
                                                      0.550    33.113 r  calculatornator/result_reg[5]_i_17/CO[3]
                         net (fo=1, routed)           0.000    33.113    calculatornator/result_reg[5]_i_17_n_0
    SLICE_X5Y38          CARRY4 (Prop_carry4_CI_CO[3])
                                                      0.114    33.227 r  calculatornator/result_reg[5]_i_12/CO[3]
                         net (fo=1, routed)           0.000    33.227    calculatornator/result_reg[5]_i_12_n_0
    SLICE_X5Y39          CARRY4 (Prop_carry4_CI_CO[3])
                                                      0.114    33.341 r  calculatornator/result_reg[5]_i_7/CO[3]
                         net (fo=1, routed)           0.000    33.341    calculatornator/result_reg[5]_i_7_n_0
    SLICE_X5Y40          CARRY4 (Prop_carry4_CI_CO[3])
                                                      0.114    33.455 r  calculatornator/result_reg[5]_i_4/CO[3]
                         net (fo=1, routed)           0.000    33.455    calculatornator/result_reg[5]_i_4_n_0
    SLICE_X5Y41          CARRY4 (Prop_carry4_CI_CO[1])
                                                      0.157    33.612 r  calculatornator/result_reg[5]_i_3/CO[1]
                         net (fo=29, routed)          0.845    34.457    calculatornator/result10_in[5]
    SLICE_X7Y37          LUT3 (Prop_lut3_I0_O)        0.329    34.786 r  calculatornator/result[4]_i_26/O
                         net (fo=1, routed)           0.000    34.786    calculatornator/result[4]_i_26_n_0
    SLICE_X7Y37          CARRY4 (Prop_carry4_S[1]_CO[3])
                                                      0.550    35.336 r  calculatornator/result_reg[4]_i_18/CO[3]
                         net (fo=1, routed)           0.000    35.336    calculatornator/result_reg[4]_i_18_n_0
    SLICE_X7Y38          CARRY4 (Prop_carry4_CI_CO[3])
                                                      0.114    35.450 r  calculatornator/result_reg[4]_i_13/CO[3]
                         net (fo=1, routed)           0.000    35.450    calculatornator/result_reg[4]_i_13_n_0
    SLICE_X7Y39          CARRY4 (Prop_carry4_CI_CO[3])
                                                      0.114    35.564 r  calculatornator/result_reg[4]_i_5/CO[3]
                         net (fo=1, routed)           0.000    35.564    calculatornator/result_reg[4]_i_5_n_0
    SLICE_X7Y40          CARRY4 (Prop_carry4_CI_CO[1])
                                                      0.157    35.721 r  calculatornator/result_reg[4]_i_3/CO[1]
                         net (fo=29, routed)          0.611    36.332    calculatornator/result10_in[4]
    SLICE_X6Y41          LUT3 (Prop_lut3_I0_O)        0.329    36.661 r  calculatornator/result[3]_i_40/O
                         net (fo=1, routed)           0.000    36.661    calculatornator/result[3]_i_40_n_0
    SLICE_X6Y41          CARRY4 (Prop_carry4_S[1]_CO[3])
                                                      0.533    37.194 r  calculatornator/result_reg[3]_i_32/CO[3]
                         net (fo=1, routed)           0.000    37.194    calculatornator/result_reg[3]_i_32_n_0
    SLICE_X6Y42          CARRY4 (Prop_carry4_CI_CO[3])
                                                      0.117    37.311 r  calculatornator/result_reg[3]_i_26/CO[3]
                         net (fo=1, routed)           0.000    37.311    calculatornator/result_reg[3]_i_26_n_0
    SLICE_X6Y43          CARRY4 (Prop_carry4_CI_CO[3])
                                                      0.117    37.428 r  calculatornator/result_reg[3]_i_16/CO[3]
                         net (fo=1, routed)           0.000    37.428    calculatornator/result_reg[3]_i_16_n_0
    SLICE_X6Y44          CARRY4 (Prop_carry4_CI_CO[1])
                                                      0.157    37.585 r  calculatornator/result_reg[3]_i_14/CO[1]
                         net (fo=29, routed)          0.723    38.308    calculatornator/result10_in[3]
    SLICE_X7Y41          LUT6 (Prop_lut6_I0_O)        0.332    38.640 r  calculatornator/result[2]_i_33/O
                         net (fo=1, routed)           0.000    38.640    calculatornator/result[2]_i_33_n_0
    SLICE_X7Y41          CARRY4 (Prop_carry4_S[1]_CO[3])
                                                      0.550    39.190 r  calculatornator/result_reg[2]_i_26/CO[3]
                         net (fo=1, routed)           0.000    39.190    calculatornator/result_reg[2]_i_26_n_0
    SLICE_X7Y42          CARRY4 (Prop_carry4_CI_CO[3])
                                                      0.114    39.304 r  calculatornator/result_reg[2]_i_21/CO[3]
                         net (fo=1, routed)           0.000    39.304    calculatornator/result_reg[2]_i_21_n_0
    SLICE_X7Y43          CARRY4 (Prop_carry4_CI_CO[3])
                                                      0.114    39.418 r  calculatornator/result_reg[2]_i_16/CO[3]
                         net (fo=1, routed)           0.000    39.418    calculatornator/result_reg[2]_i_16_n_0
    SLICE_X7Y44          CARRY4 (Prop_carry4_CI_CO[3])
                                                      0.114    39.532 r  calculatornator/result_reg[2]_i_13/CO[3]
                         net (fo=1, routed)           0.000    39.532    calculatornator/result_reg[2]_i_13_n_0
    SLICE_X7Y45          CARRY4 (Prop_carry4_CI_CO[1])
                                                      0.157    39.689 r  calculatornator/result_reg[2]_i_11/CO[1]
                         net (fo=29, routed)          0.735    40.425    calculatornator/result10_in[2]
    SLICE_X5Y42          LUT5 (Prop_lut5_I0_O)        0.329    40.754 r  calculatornator/result[1]_i_25/O
                         net (fo=1, routed)           0.000    40.754    calculatornator/result[1]_i_25_n_0
    SLICE_X5Y42          CARRY4 (Prop_carry4_S[1]_CO[3])
                                                      0.550    41.304 r  calculatornator/result_reg[1]_i_17/CO[3]
                         net (fo=1, routed)           0.000    41.304    calculatornator/result_reg[1]_i_17_n_0
    SLICE_X5Y43          CARRY4 (Prop_carry4_CI_CO[3])
                                                      0.114    41.418 r  calculatornator/result_reg[1]_i_12/CO[3]
                         net (fo=1, routed)           0.000    41.418    calculatornator/result_reg[1]_i_12_n_0
    SLICE_X5Y44          CARRY4 (Prop_carry4_CI_CO[3])
                                                      0.114    41.532 r  calculatornator/result_reg[1]_i_7/CO[3]
                         net (fo=1, routed)           0.000    41.532    calculatornator/result_reg[1]_i_7_n_0
    SLICE_X5Y45          CARRY4 (Prop_carry4_CI_CO[3])
                                                      0.114    41.646 r  calculatornator/result_reg[1]_i_4/CO[3]
                         net (fo=1, routed)           0.000    41.646    calculatornator/result_reg[1]_i_4_n_0
    SLICE_X5Y46          CARRY4 (Prop_carry4_CI_CO[1])
                                                      0.157    41.803 r  calculatornator/result_reg[1]_i_3/CO[1]
                         net (fo=29, routed)          0.886    42.688    calculatornator/result10_in[1]
    SLICE_X4Y42          LUT3 (Prop_lut3_I0_O)        0.329    43.017 r  calculatornator/result[0]_i_23/O
                         net (fo=1, routed)           0.000    43.017    calculatornator/result[0]_i_23_n_0
    SLICE_X4Y42          CARRY4 (Prop_carry4_S[0]_CO[3])
                                                      0.532    43.549 r  calculatornator/result_reg[0]_i_15/CO[3]
                         net (fo=1, routed)           0.000    43.549    calculatornator/result_reg[0]_i_15_n_0
    SLICE_X4Y43          CARRY4 (Prop_carry4_CI_CO[3])
                                                      0.114    43.663 r  calculatornator/result_reg[0]_i_10/CO[3]
                         net (fo=1, routed)           0.000    43.663    calculatornator/result_reg[0]_i_10_n_0
    SLICE_X4Y44          CARRY4 (Prop_carry4_CI_CO[3])
                                                      0.114    43.777 r  calculatornator/result_reg[0]_i_5/CO[3]
                         net (fo=1, routed)           0.000    43.777    calculatornator/result_reg[0]_i_5_n_0
    SLICE_X4Y45          CARRY4 (Prop_carry4_CI_CO[3])
                                                      0.114    43.891 r  calculatornator/result_reg[0]_i_3/CO[3]
                         net (fo=1, routed)           0.000    43.891    calculatornator/result_reg[0]_i_3_n_0
    SLICE_X4Y46          CARRY4 (Prop_carry4_CI_CO[0])
                                                      0.271    44.162 f  calculatornator/result_reg[0]_i_2/CO[0]
                         net (fo=2, routed)           0.309    44.471    calculatornator/result10_in[0]
    SLICE_X5Y47          LUT1 (Prop_lut1_I0_O)        0.373    44.844 r  calculatornator/result[4]_i_8/O
                         net (fo=1, routed)           0.336    45.180    calculatornator/result[4]_i_8_n_0
    SLICE_X4Y48          CARRY4 (Prop_carry4_CYINIT_CO[3])
                                                      0.580    45.760 r  calculatornator/result_reg[4]_i_4/CO[3]
                         net (fo=1, routed)           0.000    45.760    calculatornator/result_reg[4]_i_4_n_0
    SLICE_X4Y49          CARRY4 (Prop_carry4_CI_CO[3])
                                                      0.114    45.874 r  calculatornator/result_reg[8]_i_5/CO[3]
                         net (fo=1, routed)           0.001    45.874    calculatornator/result_reg[8]_i_5_n_0
    SLICE_X4Y50          CARRY4 (Prop_carry4_CI_O[0])
                                                      0.222    46.096 r  calculatornator/result_reg[12]_i_5/O[0]
                         net (fo=1, routed)           0.494    46.591    calculatornator/result1[9]
    SLICE_X1Y51          LUT5 (Prop_lut5_I4_O)        0.299    46.890 r  calculatornator/result[9]_i_1_comp/O
                         net (fo=1, routed)           0.000    46.890    calculatornator/p_2_in[9]
    SLICE_X1Y51          FDRE                                         r  calculatornator/result_reg[9]/D
  -------------------------------------------------------------------    -------------------

                         (clock sys_clk_pin rise edge)
                                                      0.000     0.000 r  
    W5                                                0.000     0.000 r  CLOCK (IN)
                         net (fo=0)                   0.000     0.000    CLOCK
    W5                   IBUF (Prop_ibuf_I_O)         1.388     1.388 r  CLOCK_IBUF_inst/O
                         net (fo=1, routed)           1.862     3.250    CLOCK_IBUF
    BUFGCTRL_X0Y0        BUFG (Prop_bufg_I_O)         0.091     3.341 r  CLOCK_IBUF_BUFG_inst/O
                         net (fo=240, routed)         1.510     4.851    calculatornator/CLOCK_IBUF_BUFG
    SLICE_X1Y51          FDRE                                         r  calculatornator/result_reg[9]/C

Slack:                    inf
  Source:                 sw[2]
                            (input port)
  Destination:            calculatornator/result_reg[5]/D
                            (rising edge-triggered cell FDRE clocked by sys_clk_pin  {rise@0.000ns fall@5.000ns period=10.000ns})
  Path Group:             (none)
  Path Type:              Setup (Max at Slow Process Corner)
  Data Path Delay:        46.843ns  (logic 22.966ns (49.027%)  route 23.877ns (50.973%))
  Logic Levels:           88  (CARRY4=67 IBUF=1 LUT1=1 LUT2=4 LUT3=5 LUT4=2 LUT5=3 LUT6=5)
  Clock Path Skew:        4.859ns (DCD - SCD + CPR)
    Destination Clock Delay (DCD):    4.859ns
    Source Clock Delay      (SCD):    0.000ns
    Clock Pessimism Removal (CPR):    0.000ns
  Clock Uncertainty:      0.025ns  ((TSJ^2 + TIJ^2)^1/2 + DJ) / 2 + PE
    Total System Jitter     (TSJ):    0.050ns
    Total Input Jitter      (TIJ):    0.000ns
    Discrete Jitter          (DJ):    0.000ns
    Phase Error              (PE):    0.000ns

    Location             Delay type                Incr(ns)  Path(ns)    Netlist Resource(s)
  -------------------------------------------------------------------    -------------------
    W16                                               0.000     0.000 r  sw[2] (IN)
                         net (fo=0)                   0.000     0.000    sw[2]
    W16                  IBUF (Prop_ibuf_I_O)         1.464     1.464 r  sw_IBUF[2]_inst/O
                         net (fo=49, routed)          2.335     3.798    calculatornator/sw_IBUF[2]
    SLICE_X0Y34          LUT4 (Prop_lut4_I0_O)        0.124     3.922 r  calculatornator/result[15]_i_4/O
                         net (fo=6, routed)           1.658     5.581    calculatornator/sw[2]
    SLICE_X1Y40          LUT4 (Prop_lut4_I1_O)        0.124     5.705 r  calculatornator/result[15]_i_49/O
                         net (fo=26, routed)          1.285     6.990    calculatornator/result[15]_i_27_n_0
    SLICE_X1Y40          CARRY4 (Prop_carry4_DI[1]_CO[3])
                                                      0.507     7.497 r  calculatornator/result_reg[15]_i_13/CO[3]
                         net (fo=1, routed)           0.000     7.497    calculatornator/result_reg[15]_i_13_n_0
    SLICE_X1Y41          CARRY4 (Prop_carry4_CI_CO[0])
                                                      0.271     7.768 r  calculatornator/result_reg[15]_i_10/CO[0]
                         net (fo=14, routed)          1.059     8.826    calculatornator/result_reg[15]_i_10_n_3
    SLICE_X0Y39          LUT2 (Prop_lut2_I1_O)        0.373     9.199 r  calculatornator/result[14]_i_16/O
                         net (fo=1, routed)           0.000     9.199    calculatornator/result[14]_i_16_n_0
    SLICE_X0Y39          CARRY4 (Prop_carry4_S[1]_CO[3])
                                                      0.550     9.749 r  calculatornator/result_reg[14]_i_7/CO[3]
                         net (fo=1, routed)           0.000     9.749    calculatornator/result_reg[14]_i_7_n_0
    SLICE_X0Y40          CARRY4 (Prop_carry4_CI_CO[3])
                                                      0.114     9.863 r  calculatornator/result_reg[14]_i_4/CO[3]
                         net (fo=1, routed)           0.000     9.863    calculatornator/result_reg[14]_i_4_n_0
    SLICE_X0Y41          CARRY4 (Prop_carry4_CI_CO[2])
                                                      0.228    10.091 r  calculatornator/result_reg[14]_i_2/CO[2]
                         net (fo=16, routed)          1.380    11.471    calculatornator/result_reg[14]_i_2_n_1
    SLICE_X0Y36          LUT5 (Prop_lut5_I0_O)        0.313    11.784 r  calculatornator/result[13]_i_15/O
                         net (fo=1, routed)           0.000    11.784    calculatornator/result[13]_i_15_n_0
    SLICE_X0Y36          CARRY4 (Prop_carry4_S[2]_CO[3])
                                                      0.398    12.182 r  calculatornator/result_reg[13]_i_8/CO[3]
                         net (fo=1, routed)           0.000    12.182    calculatornator/result_reg[13]_i_8_n_0
    SLICE_X0Y37          CARRY4 (Prop_carry4_CI_CO[3])
                                                      0.114    12.296 r  calculatornator/result_reg[13]_i_4/CO[3]
                         net (fo=1, routed)           0.000    12.296    calculatornator/result_reg[13]_i_4_n_0
    SLICE_X0Y38          CARRY4 (Prop_carry4_CI_CO[3])
                                                      0.114    12.410 r  calculatornator/result_reg[13]_i_2/CO[3]
                         net (fo=18, routed)          1.496    13.906    calculatornator/result_reg[13]_i_2_n_0
    SLICE_X3Y36          LUT6 (Prop_lut6_I0_O)        0.124    14.030 r  calculatornator/result[12]_i_21/O
                         net (fo=1, routed)           0.000    14.030    calculatornator/result[12]_i_21_n_0
    SLICE_X3Y36          CARRY4 (Prop_carry4_S[3]_CO[3])
                                                      0.401    14.431 r  calculatornator/result_reg[12]_i_15/CO[3]
                         net (fo=1, routed)           0.000    14.431    calculatornator/result_reg[12]_i_15_n_0
    SLICE_X3Y37          CARRY4 (Prop_carry4_CI_CO[3])
                                                      0.114    14.545 r  calculatornator/result_reg[12]_i_6/CO[3]
                         net (fo=1, routed)           0.000    14.545    calculatornator/result_reg[12]_i_6_n_0
    SLICE_X3Y38          CARRY4 (Prop_carry4_CI_CO[3])
                                                      0.114    14.659 r  calculatornator/result_reg[12]_i_4/CO[3]
                         net (fo=1, routed)           0.000    14.659    calculatornator/result_reg[12]_i_4_n_0
    SLICE_X3Y39          CARRY4 (Prop_carry4_CI_CO[0])
                                                      0.271    14.930 r  calculatornator/result_reg[12]_i_2/CO[0]
                         net (fo=20, routed)          1.558    16.489    calculatornator/result_reg[12]_i_2_n_3
    SLICE_X1Y35          LUT6 (Prop_lut6_I0_O)        0.373    16.862 r  calculatornator/result[11]_i_57/O
                         net (fo=1, routed)           0.000    16.862    calculatornator/result[11]_i_57_n_0
    SLICE_X1Y35          CARRY4 (Prop_carry4_S[3]_CO[3])
                                                      0.401    17.263 r  calculatornator/result_reg[11]_i_24/CO[3]
                         net (fo=1, routed)           0.000    17.263    calculatornator/result_reg[11]_i_24_n_0
    SLICE_X1Y36          CARRY4 (Prop_carry4_CI_CO[3])
                                                      0.114    17.377 r  calculatornator/result_reg[11]_i_15/CO[3]
                         net (fo=1, routed)           0.000    17.377    calculatornator/result_reg[11]_i_15_n_0
    SLICE_X1Y37          CARRY4 (Prop_carry4_CI_CO[3])
                                                      0.114    17.491 r  calculatornator/result_reg[11]_i_5/CO[3]
                         net (fo=1, routed)           0.000    17.491    calculatornator/result_reg[11]_i_5_n_0
    SLICE_X1Y38          CARRY4 (Prop_carry4_CI_CO[1])
                                                      0.157    17.648 r  calculatornator/result_reg[11]_i_2/CO[1]
                         net (fo=22, routed)          1.688    19.335    calculatornator/result_reg[11]_i_2_n_2
    SLICE_X3Y32          LUT2 (Prop_lut2_I1_O)        0.329    19.664 r  calculatornator/result[10]_i_20/O
                         net (fo=1, routed)           0.000    19.664    calculatornator/result[10]_i_20_n_0
    SLICE_X3Y32          CARRY4 (Prop_carry4_S[1]_CO[3])
                                                      0.550    20.214 r  calculatornator/result_reg[10]_i_12/CO[3]
                         net (fo=1, routed)           0.000    20.214    calculatornator/result_reg[10]_i_12_n_0
    SLICE_X3Y33          CARRY4 (Prop_carry4_CI_CO[3])
                                                      0.114    20.328 r  calculatornator/result_reg[10]_i_7/CO[3]
                         net (fo=1, routed)           0.000    20.328    calculatornator/result_reg[10]_i_7_n_0
    SLICE_X3Y34          CARRY4 (Prop_carry4_CI_CO[3])
                                                      0.114    20.442 r  calculatornator/result_reg[10]_i_4/CO[3]
                         net (fo=1, routed)           0.000    20.442    calculatornator/result_reg[10]_i_4_n_0
    SLICE_X3Y35          CARRY4 (Prop_carry4_CI_CO[2])
                                                      0.228    20.670 r  calculatornator/result_reg[10]_i_2/CO[2]
                         net (fo=24, routed)          1.783    22.453    calculatornator/result_reg[10]_i_2_n_1
    SLICE_X4Y36          LUT2 (Prop_lut2_I0_O)        0.313    22.766 r  calculatornator/result[9]_i_11/O
                         net (fo=1, routed)           0.000    22.766    calculatornator/result[9]_i_11_n_0
    SLICE_X4Y36          CARRY4 (Prop_carry4_S[1]_CO[3])
                                                      0.550    23.316 r  calculatornator/result_reg[9]_i_4/CO[3]
                         net (fo=1, routed)           0.000    23.316    calculatornator/result_reg[9]_i_4_n_0
    SLICE_X4Y37          CARRY4 (Prop_carry4_CI_CO[3])
                                                      0.114    23.430 r  calculatornator/result_reg[9]_i_2/CO[3]
                         net (fo=26, routed)          1.710    25.140    calculatornator/result_reg[9]_i_2_n_0
    SLICE_X2Y34          LUT2 (Prop_lut2_I1_O)        0.124    25.264 r  calculatornator/result[8]_i_28/O
                         net (fo=1, routed)           0.000    25.264    calculatornator/result[8]_i_28_n_0
    SLICE_X2Y34          CARRY4 (Prop_carry4_S[1]_CO[3])
                                                      0.533    25.797 r  calculatornator/result_reg[8]_i_20/CO[3]
                         net (fo=1, routed)           0.000    25.797    calculatornator/result_reg[8]_i_20_n_0
    SLICE_X2Y35          CARRY4 (Prop_carry4_CI_CO[3])
                                                      0.117    25.914 r  calculatornator/result_reg[8]_i_15/CO[3]
                         net (fo=1, routed)           0.000    25.914    calculatornator/result_reg[8]_i_15_n_0
    SLICE_X2Y36          CARRY4 (Prop_carry4_CI_CO[3])
                                                      0.117    26.031 r  calculatornator/result_reg[8]_i_6/CO[3]
                         net (fo=1, routed)           0.000    26.031    calculatornator/result_reg[8]_i_6_n_0
    SLICE_X2Y37          CARRY4 (Prop_carry4_CI_CO[3])
                                                      0.117    26.148 r  calculatornator/result_reg[8]_i_4/CO[3]
                         net (fo=1, routed)           0.000    26.148    calculatornator/result_reg[8]_i_4_n_0
    SLICE_X2Y38          CARRY4 (Prop_carry4_CI_CO[0])
                                                      0.254    26.402 r  calculatornator/result_reg[8]_i_2/CO[0]
                         net (fo=28, routed)          1.747    28.149    calculatornator/result_reg[8]_i_2_n_3
    SLICE_X6Y32          LUT5 (Prop_lut5_I3_O)        0.367    28.516 r  calculatornator/result[7]_i_44/O
                         net (fo=1, routed)           0.000    28.516    calculatornator/result[7]_i_44_n_0
    SLICE_X6Y32          CARRY4 (Prop_carry4_S[1]_CO[3])
                                                      0.533    29.049 r  calculatornator/result_reg[7]_i_36/CO[3]
                         net (fo=1, routed)           0.000    29.049    calculatornator/result_reg[7]_i_36_n_0
    SLICE_X6Y33          CARRY4 (Prop_carry4_CI_CO[3])
                                                      0.117    29.166 r  calculatornator/result_reg[7]_i_31/CO[3]
                         net (fo=1, routed)           0.000    29.166    calculatornator/result_reg[7]_i_31_n_0
    SLICE_X6Y34          CARRY4 (Prop_carry4_CI_CO[3])
                                                      0.117    29.283 r  calculatornator/result_reg[7]_i_26/CO[3]
                         net (fo=1, routed)           0.000    29.283    calculatornator/result_reg[7]_i_26_n_0
    SLICE_X6Y35          CARRY4 (Prop_carry4_CI_CO[3])
                                                      0.117    29.400 r  calculatornator/result_reg[7]_i_24/CO[3]
                         net (fo=1, routed)           0.000    29.400    calculatornator/result_reg[7]_i_24_n_0
    SLICE_X6Y36          CARRY4 (Prop_carry4_CI_CO[1])
                                                      0.157    29.557 r  calculatornator/result_reg[7]_i_23/CO[1]
                         net (fo=29, routed)          0.751    30.308    calculatornator/result_reg[7]_i_23_n_2
    SLICE_X5Y32          LUT3 (Prop_lut3_I0_O)        0.332    30.640 r  calculatornator/result[6]_i_24/O
                         net (fo=1, routed)           0.000    30.640    calculatornator/result[6]_i_24_n_0
    SLICE_X5Y32          CARRY4 (Prop_carry4_S[1]_CO[3])
                                                      0.550    31.190 r  calculatornator/result_reg[6]_i_17/CO[3]
                         net (fo=1, routed)           0.000    31.190    calculatornator/result_reg[6]_i_17_n_0
    SLICE_X5Y33          CARRY4 (Prop_carry4_CI_CO[3])
                                                      0.114    31.304 r  calculatornator/result_reg[6]_i_12/CO[3]
                         net (fo=1, routed)           0.000    31.304    calculatornator/result_reg[6]_i_12_n_0
    SLICE_X5Y34          CARRY4 (Prop_carry4_CI_CO[3])
                                                      0.114    31.418 r  calculatornator/result_reg[6]_i_7/CO[3]
                         net (fo=1, routed)           0.000    31.418    calculatornator/result_reg[6]_i_7_n_0
    SLICE_X5Y35          CARRY4 (Prop_carry4_CI_CO[3])
                                                      0.114    31.532 r  calculatornator/result_reg[6]_i_4/CO[3]
                         net (fo=1, routed)           0.000    31.532    calculatornator/result_reg[6]_i_4_n_0
    SLICE_X5Y36          CARRY4 (Prop_carry4_CI_CO[1])
                                                      0.157    31.689 r  calculatornator/result_reg[6]_i_3/CO[1]
                         net (fo=29, routed)          0.545    32.234    calculatornator/result10_in[6]
    SLICE_X5Y37          LUT3 (Prop_lut3_I0_O)        0.329    32.563 r  calculatornator/result[5]_i_24/O
                         net (fo=1, routed)           0.000    32.563    calculatornator/result[5]_i_24_n_0
    SLICE_X5Y37          CARRY4 (Prop_carry4_S[1]_CO[3])
                                                      0.550    33.113 r  calculatornator/result_reg[5]_i_17/CO[3]
                         net (fo=1, routed)           0.000    33.113    calculatornator/result_reg[5]_i_17_n_0
    SLICE_X5Y38          CARRY4 (Prop_carry4_CI_CO[3])
                                                      0.114    33.227 r  calculatornator/result_reg[5]_i_12/CO[3]
                         net (fo=1, routed)           0.000    33.227    calculatornator/result_reg[5]_i_12_n_0
    SLICE_X5Y39          CARRY4 (Prop_carry4_CI_CO[3])
                                                      0.114    33.341 r  calculatornator/result_reg[5]_i_7/CO[3]
                         net (fo=1, routed)           0.000    33.341    calculatornator/result_reg[5]_i_7_n_0
    SLICE_X5Y40          CARRY4 (Prop_carry4_CI_CO[3])
                                                      0.114    33.455 r  calculatornator/result_reg[5]_i_4/CO[3]
                         net (fo=1, routed)           0.000    33.455    calculatornator/result_reg[5]_i_4_n_0
    SLICE_X5Y41          CARRY4 (Prop_carry4_CI_CO[1])
                                                      0.157    33.612 r  calculatornator/result_reg[5]_i_3/CO[1]
                         net (fo=29, routed)          0.845    34.457    calculatornator/result10_in[5]
    SLICE_X7Y37          LUT3 (Prop_lut3_I0_O)        0.329    34.786 r  calculatornator/result[4]_i_26/O
                         net (fo=1, routed)           0.000    34.786    calculatornator/result[4]_i_26_n_0
    SLICE_X7Y37          CARRY4 (Prop_carry4_S[1]_CO[3])
                                                      0.550    35.336 r  calculatornator/result_reg[4]_i_18/CO[3]
                         net (fo=1, routed)           0.000    35.336    calculatornator/result_reg[4]_i_18_n_0
    SLICE_X7Y38          CARRY4 (Prop_carry4_CI_CO[3])
                                                      0.114    35.450 r  calculatornator/result_reg[4]_i_13/CO[3]
                         net (fo=1, routed)           0.000    35.450    calculatornator/result_reg[4]_i_13_n_0
    SLICE_X7Y39          CARRY4 (Prop_carry4_CI_CO[3])
                                                      0.114    35.564 r  calculatornator/result_reg[4]_i_5/CO[3]
                         net (fo=1, routed)           0.000    35.564    calculatornator/result_reg[4]_i_5_n_0
    SLICE_X7Y40          CARRY4 (Prop_carry4_CI_CO[1])
                                                      0.157    35.721 r  calculatornator/result_reg[4]_i_3/CO[1]
                         net (fo=29, routed)          0.611    36.332    calculatornator/result10_in[4]
    SLICE_X6Y41          LUT3 (Prop_lut3_I0_O)        0.329    36.661 r  calculatornator/result[3]_i_40/O
                         net (fo=1, routed)           0.000    36.661    calculatornator/result[3]_i_40_n_0
    SLICE_X6Y41          CARRY4 (Prop_carry4_S[1]_CO[3])
                                                      0.533    37.194 r  calculatornator/result_reg[3]_i_32/CO[3]
                         net (fo=1, routed)           0.000    37.194    calculatornator/result_reg[3]_i_32_n_0
    SLICE_X6Y42          CARRY4 (Prop_carry4_CI_CO[3])
                                                      0.117    37.311 r  calculatornator/result_reg[3]_i_26/CO[3]
                         net (fo=1, routed)           0.000    37.311    calculatornator/result_reg[3]_i_26_n_0
    SLICE_X6Y43          CARRY4 (Prop_carry4_CI_CO[3])
                                                      0.117    37.428 r  calculatornator/result_reg[3]_i_16/CO[3]
                         net (fo=1, routed)           0.000    37.428    calculatornator/result_reg[3]_i_16_n_0
    SLICE_X6Y44          CARRY4 (Prop_carry4_CI_CO[1])
                                                      0.157    37.585 r  calculatornator/result_reg[3]_i_14/CO[1]
                         net (fo=29, routed)          0.723    38.308    calculatornator/result10_in[3]
    SLICE_X7Y41          LUT6 (Prop_lut6_I0_O)        0.332    38.640 r  calculatornator/result[2]_i_33/O
                         net (fo=1, routed)           0.000    38.640    calculatornator/result[2]_i_33_n_0
    SLICE_X7Y41          CARRY4 (Prop_carry4_S[1]_CO[3])
                                                      0.550    39.190 r  calculatornator/result_reg[2]_i_26/CO[3]
                         net (fo=1, routed)           0.000    39.190    calculatornator/result_reg[2]_i_26_n_0
    SLICE_X7Y42          CARRY4 (Prop_carry4_CI_CO[3])
                                                      0.114    39.304 r  calculatornator/result_reg[2]_i_21/CO[3]
                         net (fo=1, routed)           0.000    39.304    calculatornator/result_reg[2]_i_21_n_0
    SLICE_X7Y43          CARRY4 (Prop_carry4_CI_CO[3])
                                                      0.114    39.418 r  calculatornator/result_reg[2]_i_16/CO[3]
                         net (fo=1, routed)           0.000    39.418    calculatornator/result_reg[2]_i_16_n_0
    SLICE_X7Y44          CARRY4 (Prop_carry4_CI_CO[3])
                                                      0.114    39.532 r  calculatornator/result_reg[2]_i_13/CO[3]
                         net (fo=1, routed)           0.000    39.532    calculatornator/result_reg[2]_i_13_n_0
    SLICE_X7Y45          CARRY4 (Prop_carry4_CI_CO[1])
                                                      0.157    39.689 r  calculatornator/result_reg[2]_i_11/CO[1]
                         net (fo=29, routed)          0.735    40.425    calculatornator/result10_in[2]
    SLICE_X5Y42          LUT5 (Prop_lut5_I0_O)        0.329    40.754 r  calculatornator/result[1]_i_25/O
                         net (fo=1, routed)           0.000    40.754    calculatornator/result[1]_i_25_n_0
    SLICE_X5Y42          CARRY4 (Prop_carry4_S[1]_CO[3])
                                                      0.550    41.304 r  calculatornator/result_reg[1]_i_17/CO[3]
                         net (fo=1, routed)           0.000    41.304    calculatornator/result_reg[1]_i_17_n_0
    SLICE_X5Y43          CARRY4 (Prop_carry4_CI_CO[3])
                                                      0.114    41.418 r  calculatornator/result_reg[1]_i_12/CO[3]
                         net (fo=1, routed)           0.000    41.418    calculatornator/result_reg[1]_i_12_n_0
    SLICE_X5Y44          CARRY4 (Prop_carry4_CI_CO[3])
                                                      0.114    41.532 r  calculatornator/result_reg[1]_i_7/CO[3]
                         net (fo=1, routed)           0.000    41.532    calculatornator/result_reg[1]_i_7_n_0
    SLICE_X5Y45          CARRY4 (Prop_carry4_CI_CO[3])
                                                      0.114    41.646 r  calculatornator/result_reg[1]_i_4/CO[3]
                         net (fo=1, routed)           0.000    41.646    calculatornator/result_reg[1]_i_4_n_0
    SLICE_X5Y46          CARRY4 (Prop_carry4_CI_CO[1])
                                                      0.157    41.803 r  calculatornator/result_reg[1]_i_3/CO[1]
                         net (fo=29, routed)          0.886    42.688    calculatornator/result10_in[1]
    SLICE_X4Y42          LUT3 (Prop_lut3_I0_O)        0.329    43.017 r  calculatornator/result[0]_i_23/O
                         net (fo=1, routed)           0.000    43.017    calculatornator/result[0]_i_23_n_0
    SLICE_X4Y42          CARRY4 (Prop_carry4_S[0]_CO[3])
                                                      0.532    43.549 r  calculatornator/result_reg[0]_i_15/CO[3]
                         net (fo=1, routed)           0.000    43.549    calculatornator/result_reg[0]_i_15_n_0
    SLICE_X4Y43          CARRY4 (Prop_carry4_CI_CO[3])
                                                      0.114    43.663 r  calculatornator/result_reg[0]_i_10/CO[3]
                         net (fo=1, routed)           0.000    43.663    calculatornator/result_reg[0]_i_10_n_0
    SLICE_X4Y44          CARRY4 (Prop_carry4_CI_CO[3])
                                                      0.114    43.777 r  calculatornator/result_reg[0]_i_5/CO[3]
                         net (fo=1, routed)           0.000    43.777    calculatornator/result_reg[0]_i_5_n_0
    SLICE_X4Y45          CARRY4 (Prop_carry4_CI_CO[3])
                                                      0.114    43.891 r  calculatornator/result_reg[0]_i_3/CO[3]
                         net (fo=1, routed)           0.000    43.891    calculatornator/result_reg[0]_i_3_n_0
    SLICE_X4Y46          CARRY4 (Prop_carry4_CI_CO[0])
                                                      0.271    44.162 f  calculatornator/result_reg[0]_i_2/CO[0]
                         net (fo=2, routed)           0.309    44.471    calculatornator/result10_in[0]
    SLICE_X5Y47          LUT1 (Prop_lut1_I0_O)        0.373    44.844 r  calculatornator/result[4]_i_8/O
                         net (fo=1, routed)           0.336    45.180    calculatornator/result[4]_i_8_n_0
    SLICE_X4Y48          CARRY4 (Prop_carry4_CYINIT_CO[3])
                                                      0.580    45.760 r  calculatornator/result_reg[4]_i_4/CO[3]
                         net (fo=1, routed)           0.000    45.760    calculatornator/result_reg[4]_i_4_n_0
    SLICE_X4Y49          CARRY4 (Prop_carry4_CI_O[0])
                                                      0.222    45.982 r  calculatornator/result_reg[8]_i_5/O[0]
                         net (fo=1, routed)           0.287    46.269    calculatornator/result1[5]
    SLICE_X7Y49          LUT6 (Prop_lut6_I1_O)        0.299    46.568 r  calculatornator/result[5]_i_2/O
                         net (fo=1, routed)           0.151    46.719    calculatornator/result[5]_i_2_n_0
    SLICE_X7Y49          LUT6 (Prop_lut6_I5_O)        0.124    46.843 r  calculatornator/result[5]_i_1/O
                         net (fo=1, routed)           0.000    46.843    calculatornator/p_2_in[5]
    SLICE_X7Y49          FDRE                                         r  calculatornator/result_reg[5]/D
  -------------------------------------------------------------------    -------------------

                         (clock sys_clk_pin rise edge)
                                                      0.000     0.000 r  
    W5                                                0.000     0.000 r  CLOCK (IN)
                         net (fo=0)                   0.000     0.000    CLOCK
    W5                   IBUF (Prop_ibuf_I_O)         1.388     1.388 r  CLOCK_IBUF_inst/O
                         net (fo=1, routed)           1.862     3.250    CLOCK_IBUF
    BUFGCTRL_X0Y0        BUFG (Prop_bufg_I_O)         0.091     3.341 r  CLOCK_IBUF_BUFG_inst/O
                         net (fo=240, routed)         1.518     4.859    calculatornator/CLOCK_IBUF_BUFG
    SLICE_X7Y49          FDRE                                         r  calculatornator/result_reg[5]/C

Slack:                    inf
  Source:                 sw[2]
                            (input port)
  Destination:            calculatornator/result_reg[11]/D
                            (rising edge-triggered cell FDRE clocked by sys_clk_pin  {rise@0.000ns fall@5.000ns period=10.000ns})
  Path Group:             (none)
  Path Type:              Setup (Max at Slow Process Corner)
  Data Path Delay:        46.841ns  (logic 22.976ns (49.051%)  route 23.865ns (50.949%))
  Logic Levels:           88  (CARRY4=68 IBUF=1 LUT1=1 LUT2=4 LUT3=5 LUT4=2 LUT5=4 LUT6=3)
  Clock Path Skew:        4.849ns (DCD - SCD + CPR)
    Destination Clock Delay (DCD):    4.849ns
    Source Clock Delay      (SCD):    0.000ns
    Clock Pessimism Removal (CPR):    0.000ns
  Clock Uncertainty:      0.025ns  ((TSJ^2 + TIJ^2)^1/2 + DJ) / 2 + PE
    Total System Jitter     (TSJ):    0.050ns
    Total Input Jitter      (TIJ):    0.000ns
    Discrete Jitter          (DJ):    0.000ns
    Phase Error              (PE):    0.000ns

    Location             Delay type                Incr(ns)  Path(ns)    Netlist Resource(s)
  -------------------------------------------------------------------    -------------------
    W16                                               0.000     0.000 r  sw[2] (IN)
                         net (fo=0)                   0.000     0.000    sw[2]
    W16                  IBUF (Prop_ibuf_I_O)         1.464     1.464 r  sw_IBUF[2]_inst/O
                         net (fo=49, routed)          2.335     3.798    calculatornator/sw_IBUF[2]
    SLICE_X0Y34          LUT4 (Prop_lut4_I0_O)        0.124     3.922 r  calculatornator/result[15]_i_4/O
                         net (fo=6, routed)           1.658     5.581    calculatornator/sw[2]
    SLICE_X1Y40          LUT4 (Prop_lut4_I1_O)        0.124     5.705 r  calculatornator/result[15]_i_49/O
                         net (fo=26, routed)          1.285     6.990    calculatornator/result[15]_i_27_n_0
    SLICE_X1Y40          CARRY4 (Prop_carry4_DI[1]_CO[3])
                                                      0.507     7.497 r  calculatornator/result_reg[15]_i_13/CO[3]
                         net (fo=1, routed)           0.000     7.497    calculatornator/result_reg[15]_i_13_n_0
    SLICE_X1Y41          CARRY4 (Prop_carry4_CI_CO[0])
                                                      0.271     7.768 r  calculatornator/result_reg[15]_i_10/CO[0]
                         net (fo=14, routed)          1.059     8.826    calculatornator/result_reg[15]_i_10_n_3
    SLICE_X0Y39          LUT2 (Prop_lut2_I1_O)        0.373     9.199 r  calculatornator/result[14]_i_16/O
                         net (fo=1, routed)           0.000     9.199    calculatornator/result[14]_i_16_n_0
    SLICE_X0Y39          CARRY4 (Prop_carry4_S[1]_CO[3])
                                                      0.550     9.749 r  calculatornator/result_reg[14]_i_7/CO[3]
                         net (fo=1, routed)           0.000     9.749    calculatornator/result_reg[14]_i_7_n_0
    SLICE_X0Y40          CARRY4 (Prop_carry4_CI_CO[3])
                                                      0.114     9.863 r  calculatornator/result_reg[14]_i_4/CO[3]
                         net (fo=1, routed)           0.000     9.863    calculatornator/result_reg[14]_i_4_n_0
    SLICE_X0Y41          CARRY4 (Prop_carry4_CI_CO[2])
                                                      0.228    10.091 r  calculatornator/result_reg[14]_i_2/CO[2]
                         net (fo=16, routed)          1.380    11.471    calculatornator/result_reg[14]_i_2_n_1
    SLICE_X0Y36          LUT5 (Prop_lut5_I0_O)        0.313    11.784 r  calculatornator/result[13]_i_15/O
                         net (fo=1, routed)           0.000    11.784    calculatornator/result[13]_i_15_n_0
    SLICE_X0Y36          CARRY4 (Prop_carry4_S[2]_CO[3])
                                                      0.398    12.182 r  calculatornator/result_reg[13]_i_8/CO[3]
                         net (fo=1, routed)           0.000    12.182    calculatornator/result_reg[13]_i_8_n_0
    SLICE_X0Y37          CARRY4 (Prop_carry4_CI_CO[3])
                                                      0.114    12.296 r  calculatornator/result_reg[13]_i_4/CO[3]
                         net (fo=1, routed)           0.000    12.296    calculatornator/result_reg[13]_i_4_n_0
    SLICE_X0Y38          CARRY4 (Prop_carry4_CI_CO[3])
                                                      0.114    12.410 r  calculatornator/result_reg[13]_i_2/CO[3]
                         net (fo=18, routed)          1.496    13.906    calculatornator/result_reg[13]_i_2_n_0
    SLICE_X3Y36          LUT6 (Prop_lut6_I0_O)        0.124    14.030 r  calculatornator/result[12]_i_21/O
                         net (fo=1, routed)           0.000    14.030    calculatornator/result[12]_i_21_n_0
    SLICE_X3Y36          CARRY4 (Prop_carry4_S[3]_CO[3])
                                                      0.401    14.431 r  calculatornator/result_reg[12]_i_15/CO[3]
                         net (fo=1, routed)           0.000    14.431    calculatornator/result_reg[12]_i_15_n_0
    SLICE_X3Y37          CARRY4 (Prop_carry4_CI_CO[3])
                                                      0.114    14.545 r  calculatornator/result_reg[12]_i_6/CO[3]
                         net (fo=1, routed)           0.000    14.545    calculatornator/result_reg[12]_i_6_n_0
    SLICE_X3Y38          CARRY4 (Prop_carry4_CI_CO[3])
                                                      0.114    14.659 r  calculatornator/result_reg[12]_i_4/CO[3]
                         net (fo=1, routed)           0.000    14.659    calculatornator/result_reg[12]_i_4_n_0
    SLICE_X3Y39          CARRY4 (Prop_carry4_CI_CO[0])
                                                      0.271    14.930 r  calculatornator/result_reg[12]_i_2/CO[0]
                         net (fo=20, routed)          1.558    16.489    calculatornator/result_reg[12]_i_2_n_3
    SLICE_X1Y35          LUT6 (Prop_lut6_I0_O)        0.373    16.862 r  calculatornator/result[11]_i_57/O
                         net (fo=1, routed)           0.000    16.862    calculatornator/result[11]_i_57_n_0
    SLICE_X1Y35          CARRY4 (Prop_carry4_S[3]_CO[3])
                                                      0.401    17.263 r  calculatornator/result_reg[11]_i_24/CO[3]
                         net (fo=1, routed)           0.000    17.263    calculatornator/result_reg[11]_i_24_n_0
    SLICE_X1Y36          CARRY4 (Prop_carry4_CI_CO[3])
                                                      0.114    17.377 r  calculatornator/result_reg[11]_i_15/CO[3]
                         net (fo=1, routed)           0.000    17.377    calculatornator/result_reg[11]_i_15_n_0
    SLICE_X1Y37          CARRY4 (Prop_carry4_CI_CO[3])
                                                      0.114    17.491 r  calculatornator/result_reg[11]_i_5/CO[3]
                         net (fo=1, routed)           0.000    17.491    calculatornator/result_reg[11]_i_5_n_0
    SLICE_X1Y38          CARRY4 (Prop_carry4_CI_CO[1])
                                                      0.157    17.648 r  calculatornator/result_reg[11]_i_2/CO[1]
                         net (fo=22, routed)          1.688    19.335    calculatornator/result_reg[11]_i_2_n_2
    SLICE_X3Y32          LUT2 (Prop_lut2_I1_O)        0.329    19.664 r  calculatornator/result[10]_i_20/O
                         net (fo=1, routed)           0.000    19.664    calculatornator/result[10]_i_20_n_0
    SLICE_X3Y32          CARRY4 (Prop_carry4_S[1]_CO[3])
                                                      0.550    20.214 r  calculatornator/result_reg[10]_i_12/CO[3]
                         net (fo=1, routed)           0.000    20.214    calculatornator/result_reg[10]_i_12_n_0
    SLICE_X3Y33          CARRY4 (Prop_carry4_CI_CO[3])
                                                      0.114    20.328 r  calculatornator/result_reg[10]_i_7/CO[3]
                         net (fo=1, routed)           0.000    20.328    calculatornator/result_reg[10]_i_7_n_0
    SLICE_X3Y34          CARRY4 (Prop_carry4_CI_CO[3])
                                                      0.114    20.442 r  calculatornator/result_reg[10]_i_4/CO[3]
                         net (fo=1, routed)           0.000    20.442    calculatornator/result_reg[10]_i_4_n_0
    SLICE_X3Y35          CARRY4 (Prop_carry4_CI_CO[2])
                                                      0.228    20.670 r  calculatornator/result_reg[10]_i_2/CO[2]
                         net (fo=24, routed)          1.783    22.453    calculatornator/result_reg[10]_i_2_n_1
    SLICE_X4Y36          LUT2 (Prop_lut2_I0_O)        0.313    22.766 r  calculatornator/result[9]_i_11/O
                         net (fo=1, routed)           0.000    22.766    calculatornator/result[9]_i_11_n_0
    SLICE_X4Y36          CARRY4 (Prop_carry4_S[1]_CO[3])
                                                      0.550    23.316 r  calculatornator/result_reg[9]_i_4/CO[3]
                         net (fo=1, routed)           0.000    23.316    calculatornator/result_reg[9]_i_4_n_0
    SLICE_X4Y37          CARRY4 (Prop_carry4_CI_CO[3])
                                                      0.114    23.430 r  calculatornator/result_reg[9]_i_2/CO[3]
                         net (fo=26, routed)          1.710    25.140    calculatornator/result_reg[9]_i_2_n_0
    SLICE_X2Y34          LUT2 (Prop_lut2_I1_O)        0.124    25.264 r  calculatornator/result[8]_i_28/O
                         net (fo=1, routed)           0.000    25.264    calculatornator/result[8]_i_28_n_0
    SLICE_X2Y34          CARRY4 (Prop_carry4_S[1]_CO[3])
                                                      0.533    25.797 r  calculatornator/result_reg[8]_i_20/CO[3]
                         net (fo=1, routed)           0.000    25.797    calculatornator/result_reg[8]_i_20_n_0
    SLICE_X2Y35          CARRY4 (Prop_carry4_CI_CO[3])
                                                      0.117    25.914 r  calculatornator/result_reg[8]_i_15/CO[3]
                         net (fo=1, routed)           0.000    25.914    calculatornator/result_reg[8]_i_15_n_0
    SLICE_X2Y36          CARRY4 (Prop_carry4_CI_CO[3])
                                                      0.117    26.031 r  calculatornator/result_reg[8]_i_6/CO[3]
                         net (fo=1, routed)           0.000    26.031    calculatornator/result_reg[8]_i_6_n_0
    SLICE_X2Y37          CARRY4 (Prop_carry4_CI_CO[3])
                                                      0.117    26.148 r  calculatornator/result_reg[8]_i_4/CO[3]
                         net (fo=1, routed)           0.000    26.148    calculatornator/result_reg[8]_i_4_n_0
    SLICE_X2Y38          CARRY4 (Prop_carry4_CI_CO[0])
                                                      0.254    26.402 r  calculatornator/result_reg[8]_i_2/CO[0]
                         net (fo=28, routed)          1.747    28.149    calculatornator/result_reg[8]_i_2_n_3
    SLICE_X6Y32          LUT5 (Prop_lut5_I3_O)        0.367    28.516 r  calculatornator/result[7]_i_44/O
                         net (fo=1, routed)           0.000    28.516    calculatornator/result[7]_i_44_n_0
    SLICE_X6Y32          CARRY4 (Prop_carry4_S[1]_CO[3])
                                                      0.533    29.049 r  calculatornator/result_reg[7]_i_36/CO[3]
                         net (fo=1, routed)           0.000    29.049    calculatornator/result_reg[7]_i_36_n_0
    SLICE_X6Y33          CARRY4 (Prop_carry4_CI_CO[3])
                                                      0.117    29.166 r  calculatornator/result_reg[7]_i_31/CO[3]
                         net (fo=1, routed)           0.000    29.166    calculatornator/result_reg[7]_i_31_n_0
    SLICE_X6Y34          CARRY4 (Prop_carry4_CI_CO[3])
                                                      0.117    29.283 r  calculatornator/result_reg[7]_i_26/CO[3]
                         net (fo=1, routed)           0.000    29.283    calculatornator/result_reg[7]_i_26_n_0
    SLICE_X6Y35          CARRY4 (Prop_carry4_CI_CO[3])
                                                      0.117    29.400 r  calculatornator/result_reg[7]_i_24/CO[3]
                         net (fo=1, routed)           0.000    29.400    calculatornator/result_reg[7]_i_24_n_0
    SLICE_X6Y36          CARRY4 (Prop_carry4_CI_CO[1])
                                                      0.157    29.557 r  calculatornator/result_reg[7]_i_23/CO[1]
                         net (fo=29, routed)          0.751    30.308    calculatornator/result_reg[7]_i_23_n_2
    SLICE_X5Y32          LUT3 (Prop_lut3_I0_O)        0.332    30.640 r  calculatornator/result[6]_i_24/O
                         net (fo=1, routed)           0.000    30.640    calculatornator/result[6]_i_24_n_0
    SLICE_X5Y32          CARRY4 (Prop_carry4_S[1]_CO[3])
                                                      0.550    31.190 r  calculatornator/result_reg[6]_i_17/CO[3]
                         net (fo=1, routed)           0.000    31.190    calculatornator/result_reg[6]_i_17_n_0
    SLICE_X5Y33          CARRY4 (Prop_carry4_CI_CO[3])
                                                      0.114    31.304 r  calculatornator/result_reg[6]_i_12/CO[3]
                         net (fo=1, routed)           0.000    31.304    calculatornator/result_reg[6]_i_12_n_0
    SLICE_X5Y34          CARRY4 (Prop_carry4_CI_CO[3])
                                                      0.114    31.418 r  calculatornator/result_reg[6]_i_7/CO[3]
                         net (fo=1, routed)           0.000    31.418    calculatornator/result_reg[6]_i_7_n_0
    SLICE_X5Y35          CARRY4 (Prop_carry4_CI_CO[3])
                                                      0.114    31.532 r  calculatornator/result_reg[6]_i_4/CO[3]
                         net (fo=1, routed)           0.000    31.532    calculatornator/result_reg[6]_i_4_n_0
    SLICE_X5Y36          CARRY4 (Prop_carry4_CI_CO[1])
                                                      0.157    31.689 r  calculatornator/result_reg[6]_i_3/CO[1]
                         net (fo=29, routed)          0.545    32.234    calculatornator/result10_in[6]
    SLICE_X5Y37          LUT3 (Prop_lut3_I0_O)        0.329    32.563 r  calculatornator/result[5]_i_24/O
                         net (fo=1, routed)           0.000    32.563    calculatornator/result[5]_i_24_n_0
    SLICE_X5Y37          CARRY4 (Prop_carry4_S[1]_CO[3])
                                                      0.550    33.113 r  calculatornator/result_reg[5]_i_17/CO[3]
                         net (fo=1, routed)           0.000    33.113    calculatornator/result_reg[5]_i_17_n_0
    SLICE_X5Y38          CARRY4 (Prop_carry4_CI_CO[3])
                                                      0.114    33.227 r  calculatornator/result_reg[5]_i_12/CO[3]
                         net (fo=1, routed)           0.000    33.227    calculatornator/result_reg[5]_i_12_n_0
    SLICE_X5Y39          CARRY4 (Prop_carry4_CI_CO[3])
                                                      0.114    33.341 r  calculatornator/result_reg[5]_i_7/CO[3]
                         net (fo=1, routed)           0.000    33.341    calculatornator/result_reg[5]_i_7_n_0
    SLICE_X5Y40          CARRY4 (Prop_carry4_CI_CO[3])
                                                      0.114    33.455 r  calculatornator/result_reg[5]_i_4/CO[3]
                         net (fo=1, routed)           0.000    33.455    calculatornator/result_reg[5]_i_4_n_0
    SLICE_X5Y41          CARRY4 (Prop_carry4_CI_CO[1])
                                                      0.157    33.612 r  calculatornator/result_reg[5]_i_3/CO[1]
                         net (fo=29, routed)          0.845    34.457    calculatornator/result10_in[5]
    SLICE_X7Y37          LUT3 (Prop_lut3_I0_O)        0.329    34.786 r  calculatornator/result[4]_i_26/O
                         net (fo=1, routed)           0.000    34.786    calculatornator/result[4]_i_26_n_0
    SLICE_X7Y37          CARRY4 (Prop_carry4_S[1]_CO[3])
                                                      0.550    35.336 r  calculatornator/result_reg[4]_i_18/CO[3]
                         net (fo=1, routed)           0.000    35.336    calculatornator/result_reg[4]_i_18_n_0
    SLICE_X7Y38          CARRY4 (Prop_carry4_CI_CO[3])
                                                      0.114    35.450 r  calculatornator/result_reg[4]_i_13/CO[3]
                         net (fo=1, routed)           0.000    35.450    calculatornator/result_reg[4]_i_13_n_0
    SLICE_X7Y39          CARRY4 (Prop_carry4_CI_CO[3])
                                                      0.114    35.564 r  calculatornator/result_reg[4]_i_5/CO[3]
                         net (fo=1, routed)           0.000    35.564    calculatornator/result_reg[4]_i_5_n_0
    SLICE_X7Y40          CARRY4 (Prop_carry4_CI_CO[1])
                                                      0.157    35.721 r  calculatornator/result_reg[4]_i_3/CO[1]
                         net (fo=29, routed)          0.611    36.332    calculatornator/result10_in[4]
    SLICE_X6Y41          LUT3 (Prop_lut3_I0_O)        0.329    36.661 r  calculatornator/result[3]_i_40/O
                         net (fo=1, routed)           0.000    36.661    calculatornator/result[3]_i_40_n_0
    SLICE_X6Y41          CARRY4 (Prop_carry4_S[1]_CO[3])
                                                      0.533    37.194 r  calculatornator/result_reg[3]_i_32/CO[3]
                         net (fo=1, routed)           0.000    37.194    calculatornator/result_reg[3]_i_32_n_0
    SLICE_X6Y42          CARRY4 (Prop_carry4_CI_CO[3])
                                                      0.117    37.311 r  calculatornator/result_reg[3]_i_26/CO[3]
                         net (fo=1, routed)           0.000    37.311    calculatornator/result_reg[3]_i_26_n_0
    SLICE_X6Y43          CARRY4 (Prop_carry4_CI_CO[3])
                                                      0.117    37.428 r  calculatornator/result_reg[3]_i_16/CO[3]
                         net (fo=1, routed)           0.000    37.428    calculatornator/result_reg[3]_i_16_n_0
    SLICE_X6Y44          CARRY4 (Prop_carry4_CI_CO[1])
                                                      0.157    37.585 r  calculatornator/result_reg[3]_i_14/CO[1]
                         net (fo=29, routed)          0.723    38.308    calculatornator/result10_in[3]
    SLICE_X7Y41          LUT6 (Prop_lut6_I0_O)        0.332    38.640 r  calculatornator/result[2]_i_33/O
                         net (fo=1, routed)           0.000    38.640    calculatornator/result[2]_i_33_n_0
    SLICE_X7Y41          CARRY4 (Prop_carry4_S[1]_CO[3])
                                                      0.550    39.190 r  calculatornator/result_reg[2]_i_26/CO[3]
                         net (fo=1, routed)           0.000    39.190    calculatornator/result_reg[2]_i_26_n_0
    SLICE_X7Y42          CARRY4 (Prop_carry4_CI_CO[3])
                                                      0.114    39.304 r  calculatornator/result_reg[2]_i_21/CO[3]
                         net (fo=1, routed)           0.000    39.304    calculatornator/result_reg[2]_i_21_n_0
    SLICE_X7Y43          CARRY4 (Prop_carry4_CI_CO[3])
                                                      0.114    39.418 r  calculatornator/result_reg[2]_i_16/CO[3]
                         net (fo=1, routed)           0.000    39.418    calculatornator/result_reg[2]_i_16_n_0
    SLICE_X7Y44          CARRY4 (Prop_carry4_CI_CO[3])
                                                      0.114    39.532 r  calculatornator/result_reg[2]_i_13/CO[3]
                         net (fo=1, routed)           0.000    39.532    calculatornator/result_reg[2]_i_13_n_0
    SLICE_X7Y45          CARRY4 (Prop_carry4_CI_CO[1])
                                                      0.157    39.689 r  calculatornator/result_reg[2]_i_11/CO[1]
                         net (fo=29, routed)          0.735    40.425    calculatornator/result10_in[2]
    SLICE_X5Y42          LUT5 (Prop_lut5_I0_O)        0.329    40.754 r  calculatornator/result[1]_i_25/O
                         net (fo=1, routed)           0.000    40.754    calculatornator/result[1]_i_25_n_0
    SLICE_X5Y42          CARRY4 (Prop_carry4_S[1]_CO[3])
                                                      0.550    41.304 r  calculatornator/result_reg[1]_i_17/CO[3]
                         net (fo=1, routed)           0.000    41.304    calculatornator/result_reg[1]_i_17_n_0
    SLICE_X5Y43          CARRY4 (Prop_carry4_CI_CO[3])
                                                      0.114    41.418 r  calculatornator/result_reg[1]_i_12/CO[3]
                         net (fo=1, routed)           0.000    41.418    calculatornator/result_reg[1]_i_12_n_0
    SLICE_X5Y44          CARRY4 (Prop_carry4_CI_CO[3])
                                                      0.114    41.532 r  calculatornator/result_reg[1]_i_7/CO[3]
                         net (fo=1, routed)           0.000    41.532    calculatornator/result_reg[1]_i_7_n_0
    SLICE_X5Y45          CARRY4 (Prop_carry4_CI_CO[3])
                                                      0.114    41.646 r  calculatornator/result_reg[1]_i_4/CO[3]
                         net (fo=1, routed)           0.000    41.646    calculatornator/result_reg[1]_i_4_n_0
    SLICE_X5Y46          CARRY4 (Prop_carry4_CI_CO[1])
                                                      0.157    41.803 r  calculatornator/result_reg[1]_i_3/CO[1]
                         net (fo=29, routed)          0.886    42.688    calculatornator/result10_in[1]
    SLICE_X4Y42          LUT3 (Prop_lut3_I0_O)        0.329    43.017 r  calculatornator/result[0]_i_23/O
                         net (fo=1, routed)           0.000    43.017    calculatornator/result[0]_i_23_n_0
    SLICE_X4Y42          CARRY4 (Prop_carry4_S[0]_CO[3])
                                                      0.532    43.549 r  calculatornator/result_reg[0]_i_15/CO[3]
                         net (fo=1, routed)           0.000    43.549    calculatornator/result_reg[0]_i_15_n_0
    SLICE_X4Y43          CARRY4 (Prop_carry4_CI_CO[3])
                                                      0.114    43.663 r  calculatornator/result_reg[0]_i_10/CO[3]
                         net (fo=1, routed)           0.000    43.663    calculatornator/result_reg[0]_i_10_n_0
    SLICE_X4Y44          CARRY4 (Prop_carry4_CI_CO[3])
                                                      0.114    43.777 r  calculatornator/result_reg[0]_i_5/CO[3]
                         net (fo=1, routed)           0.000    43.777    calculatornator/result_reg[0]_i_5_n_0
    SLICE_X4Y45          CARRY4 (Prop_carry4_CI_CO[3])
                                                      0.114    43.891 r  calculatornator/result_reg[0]_i_3/CO[3]
                         net (fo=1, routed)           0.000    43.891    calculatornator/result_reg[0]_i_3_n_0
    SLICE_X4Y46          CARRY4 (Prop_carry4_CI_CO[0])
                                                      0.271    44.162 f  calculatornator/result_reg[0]_i_2/CO[0]
                         net (fo=2, routed)           0.309    44.471    calculatornator/result10_in[0]
    SLICE_X5Y47          LUT1 (Prop_lut1_I0_O)        0.373    44.844 r  calculatornator/result[4]_i_8/O
                         net (fo=1, routed)           0.336    45.180    calculatornator/result[4]_i_8_n_0
    SLICE_X4Y48          CARRY4 (Prop_carry4_CYINIT_CO[3])
                                                      0.580    45.760 r  calculatornator/result_reg[4]_i_4/CO[3]
                         net (fo=1, routed)           0.000    45.760    calculatornator/result_reg[4]_i_4_n_0
    SLICE_X4Y49          CARRY4 (Prop_carry4_CI_CO[3])
                                                      0.114    45.874 r  calculatornator/result_reg[8]_i_5/CO[3]
                         net (fo=1, routed)           0.001    45.874    calculatornator/result_reg[8]_i_5_n_0
    SLICE_X4Y50          CARRY4 (Prop_carry4_CI_O[2])
                                                      0.239    46.113 r  calculatornator/result_reg[12]_i_5/O[2]
                         net (fo=1, routed)           0.426    46.539    calculatornator/result1[11]
    SLICE_X4Y52          LUT5 (Prop_lut5_I4_O)        0.302    46.841 r  calculatornator/result[11]_i_1_comp/O
                         net (fo=1, routed)           0.000    46.841    calculatornator/p_2_in[11]
    SLICE_X4Y52          FDRE                                         r  calculatornator/result_reg[11]/D
  -------------------------------------------------------------------    -------------------

                         (clock sys_clk_pin rise edge)
                                                      0.000     0.000 r  
    W5                                                0.000     0.000 r  CLOCK (IN)
                         net (fo=0)                   0.000     0.000    CLOCK
    W5                   IBUF (Prop_ibuf_I_O)         1.388     1.388 r  CLOCK_IBUF_inst/O
                         net (fo=1, routed)           1.862     3.250    CLOCK_IBUF
    BUFGCTRL_X0Y0        BUFG (Prop_bufg_I_O)         0.091     3.341 r  CLOCK_IBUF_BUFG_inst/O
                         net (fo=240, routed)         1.508     4.849    calculatornator/CLOCK_IBUF_BUFG
    SLICE_X4Y52          FDRE                                         r  calculatornator/result_reg[11]/C





Min Delay Paths
--------------------------------------------------------------------------------------
Slack:                    inf
  Source:                 btnC
                            (input port)
  Destination:            dbC/wait_release_reg/D
                            (rising edge-triggered cell FDRE clocked by sys_clk_pin  {rise@0.000ns fall@5.000ns period=10.000ns})
  Path Group:             (none)
  Path Type:              Hold (Min at Fast Process Corner)
  Data Path Delay:        0.677ns  (logic 0.255ns (37.591%)  route 0.423ns (62.409%))
  Logic Levels:           2  (IBUF=1 LUT3=1)
  Clock Path Skew:        1.985ns (DCD - SCD - CPR)
    Destination Clock Delay (DCD):    1.985ns
    Source Clock Delay      (SCD):    0.000ns
    Clock Pessimism Removal (CPR):    -0.000ns

    Location             Delay type                Incr(ns)  Path(ns)    Netlist Resource(s)
  -------------------------------------------------------------------    -------------------
    U18                                               0.000     0.000 r  btnC (IN)
                         net (fo=0)                   0.000     0.000    btnC
    U18                  IBUF (Prop_ibuf_I_O)         0.210     0.210 r  btnC_IBUF_inst/O
                         net (fo=2, routed)           0.423     0.632    dbC/btnC_IBUF
    SLICE_X2Y17          LUT3 (Prop_lut3_I1_O)        0.045     0.677 r  dbC/wait_release_i_1__3/O
                         net (fo=1, routed)           0.000     0.677    dbC/wait_release_i_1__3_n_0
    SLICE_X2Y17          FDRE                                         r  dbC/wait_release_reg/D
  -------------------------------------------------------------------    -------------------

                         (clock sys_clk_pin rise edge)
                                                      0.000     0.000 r  
    W5                                                0.000     0.000 r  CLOCK (IN)
                         net (fo=0)                   0.000     0.000    CLOCK
    W5                   IBUF (Prop_ibuf_I_O)         0.414     0.414 r  CLOCK_IBUF_inst/O
                         net (fo=1, routed)           0.685     1.099    CLOCK_IBUF
    BUFGCTRL_X0Y0        BUFG (Prop_bufg_I_O)         0.029     1.128 r  CLOCK_IBUF_BUFG_inst/O
                         net (fo=240, routed)         0.858     1.985    dbC/CLOCK_IBUF_BUFG
    SLICE_X2Y17          FDRE                                         r  dbC/wait_release_reg/C

Slack:                    inf
  Source:                 btnD
                            (input port)
  Destination:            dbD/wait_release_reg/D
                            (rising edge-triggered cell FDRE clocked by sys_clk_pin  {rise@0.000ns fall@5.000ns period=10.000ns})
  Path Group:             (none)
  Path Type:              Hold (Min at Fast Process Corner)
  Data Path Delay:        0.803ns  (logic 0.266ns (33.090%)  route 0.537ns (66.910%))
  Logic Levels:           2  (IBUF=1 LUT3=1)
  Clock Path Skew:        1.985ns (DCD - SCD - CPR)
    Destination Clock Delay (DCD):    1.985ns
    Source Clock Delay      (SCD):    0.000ns
    Clock Pessimism Removal (CPR):    -0.000ns

    Location             Delay type                Incr(ns)  Path(ns)    Netlist Resource(s)
  -------------------------------------------------------------------    -------------------
    U17                                               0.000     0.000 r  btnD (IN)
                         net (fo=0)                   0.000     0.000    btnD
    U17                  IBUF (Prop_ibuf_I_O)         0.221     0.221 r  btnD_IBUF_inst/O
                         net (fo=2, routed)           0.537     0.758    dbD/btnD_IBUF
    SLICE_X2Y17          LUT3 (Prop_lut3_I1_O)        0.045     0.803 r  dbD/wait_release_i_1__0/O
                         net (fo=1, routed)           0.000     0.803    dbD/wait_release_i_1__0_n_0
    SLICE_X2Y17          FDRE                                         r  dbD/wait_release_reg/D
  -------------------------------------------------------------------    -------------------

                         (clock sys_clk_pin rise edge)
                                                      0.000     0.000 r  
    W5                                                0.000     0.000 r  CLOCK (IN)
                         net (fo=0)                   0.000     0.000    CLOCK
    W5                   IBUF (Prop_ibuf_I_O)         0.414     0.414 r  CLOCK_IBUF_inst/O
                         net (fo=1, routed)           0.685     1.099    CLOCK_IBUF
    BUFGCTRL_X0Y0        BUFG (Prop_bufg_I_O)         0.029     1.128 r  CLOCK_IBUF_BUFG_inst/O
                         net (fo=240, routed)         0.858     1.985    dbD/CLOCK_IBUF_BUFG
    SLICE_X2Y17          FDRE                                         r  dbD/wait_release_reg/C

Slack:                    inf
  Source:                 btnL
                            (input port)
  Destination:            dbL/wait_release_reg/D
                            (rising edge-triggered cell FDRE clocked by sys_clk_pin  {rise@0.000ns fall@5.000ns period=10.000ns})
  Path Group:             (none)
  Path Type:              Hold (Min at Fast Process Corner)
  Data Path Delay:        0.864ns  (logic 0.264ns (30.591%)  route 0.600ns (69.409%))
  Logic Levels:           2  (IBUF=1 LUT3=1)
  Clock Path Skew:        1.954ns (DCD - SCD - CPR)
    Destination Clock Delay (DCD):    1.954ns
    Source Clock Delay      (SCD):    0.000ns
    Clock Pessimism Removal (CPR):    -0.000ns

    Location             Delay type                Incr(ns)  Path(ns)    Netlist Resource(s)
  -------------------------------------------------------------------    -------------------
    W19                                               0.000     0.000 r  btnL (IN)
                         net (fo=0)                   0.000     0.000    btnL
    W19                  IBUF (Prop_ibuf_I_O)         0.219     0.219 r  btnL_IBUF_inst/O
                         net (fo=2, routed)           0.600     0.819    dbL/btnL_IBUF
    SLICE_X15Y18         LUT3 (Prop_lut3_I1_O)        0.045     0.864 r  dbL/wait_release_i_1__1/O
                         net (fo=1, routed)           0.000     0.864    dbL/wait_release_i_1__1_n_0
    SLICE_X15Y18         FDRE                                         r  dbL/wait_release_reg/D
  -------------------------------------------------------------------    -------------------

                         (clock sys_clk_pin rise edge)
                                                      0.000     0.000 r  
    W5                                                0.000     0.000 r  CLOCK (IN)
                         net (fo=0)                   0.000     0.000    CLOCK
    W5                   IBUF (Prop_ibuf_I_O)         0.414     0.414 r  CLOCK_IBUF_inst/O
                         net (fo=1, routed)           0.685     1.099    CLOCK_IBUF
    BUFGCTRL_X0Y0        BUFG (Prop_bufg_I_O)         0.029     1.128 r  CLOCK_IBUF_BUFG_inst/O
                         net (fo=240, routed)         0.827     1.954    dbL/CLOCK_IBUF_BUFG
    SLICE_X15Y18         FDRE                                         r  dbL/wait_release_reg/C

Slack:                    inf
  Source:                 sw[6]
                            (input port)
  Destination:            calculatornator/operand_A_reg[6]/D
                            (rising edge-triggered cell FDRE clocked by sys_clk_pin  {rise@0.000ns fall@5.000ns period=10.000ns})
  Path Group:             (none)
  Path Type:              Hold (Min at Fast Process Corner)
  Data Path Delay:        0.897ns  (logic 0.218ns (24.299%)  route 0.679ns (75.701%))
  Logic Levels:           1  (IBUF=1)
  Clock Path Skew:        1.983ns (DCD - SCD - CPR)
    Destination Clock Delay (DCD):    1.983ns
    Source Clock Delay      (SCD):    0.000ns
    Clock Pessimism Removal (CPR):    -0.000ns

    Location             Delay type                Incr(ns)  Path(ns)    Netlist Resource(s)
  -------------------------------------------------------------------    -------------------
    W14                                               0.000     0.000 r  sw[6] (IN)
                         net (fo=0)                   0.000     0.000    sw[6]
    W14                  IBUF (Prop_ibuf_I_O)         0.218     0.218 r  sw_IBUF[6]_inst/O
                         net (fo=23, routed)          0.679     0.897    calculatornator/sw_IBUF[6]
    SLICE_X4Y32          FDRE                                         r  calculatornator/operand_A_reg[6]/D
  -------------------------------------------------------------------    -------------------

                         (clock sys_clk_pin rise edge)
                                                      0.000     0.000 r  
    W5                                                0.000     0.000 r  CLOCK (IN)
                         net (fo=0)                   0.000     0.000    CLOCK
    W5                   IBUF (Prop_ibuf_I_O)         0.414     0.414 r  CLOCK_IBUF_inst/O
                         net (fo=1, routed)           0.685     1.099    CLOCK_IBUF
    BUFGCTRL_X0Y0        BUFG (Prop_bufg_I_O)         0.029     1.128 r  CLOCK_IBUF_BUFG_inst/O
                         net (fo=240, routed)         0.856     1.983    calculatornator/CLOCK_IBUF_BUFG
    SLICE_X4Y32          FDRE                                         r  calculatornator/operand_A_reg[6]/C

Slack:                    inf
  Source:                 btnD
                            (input port)
  Destination:            dbD/debounce_counter_reg[0]/R
                            (rising edge-triggered cell FDRE clocked by sys_clk_pin  {rise@0.000ns fall@5.000ns period=10.000ns})
  Path Group:             (none)
  Path Type:              Hold (Min at Fast Process Corner)
  Data Path Delay:        0.956ns  (logic 0.266ns (27.780%)  route 0.690ns (72.220%))
  Logic Levels:           2  (IBUF=1 LUT3=1)
  Clock Path Skew:        1.984ns (DCD - SCD - CPR)
    Destination Clock Delay (DCD):    1.984ns
    Source Clock Delay      (SCD):    0.000ns
    Clock Pessimism Removal (CPR):    -0.000ns

    Location             Delay type                Incr(ns)  Path(ns)    Netlist Resource(s)
  -------------------------------------------------------------------    -------------------
    U17                                               0.000     0.000 r  btnD (IN)
                         net (fo=0)                   0.000     0.000    btnD
    U17                  IBUF (Prop_ibuf_I_O)         0.221     0.221 r  btnD_IBUF_inst/O
                         net (fo=2, routed)           0.503     0.724    dbD/btnD_IBUF
    SLICE_X2Y17          LUT3 (Prop_lut3_I1_O)        0.045     0.769 r  dbD/debounce_counter[0]_i_1__0/O
                         net (fo=26, routed)          0.187     0.956    dbD/debounce_counter[0]_i_1__0_n_0
    SLICE_X2Y18          FDRE                                         r  dbD/debounce_counter_reg[0]/R
  -------------------------------------------------------------------    -------------------

                         (clock sys_clk_pin rise edge)
                                                      0.000     0.000 r  
    W5                                                0.000     0.000 r  CLOCK (IN)
                         net (fo=0)                   0.000     0.000    CLOCK
    W5                   IBUF (Prop_ibuf_I_O)         0.414     0.414 r  CLOCK_IBUF_inst/O
                         net (fo=1, routed)           0.685     1.099    CLOCK_IBUF
    BUFGCTRL_X0Y0        BUFG (Prop_bufg_I_O)         0.029     1.128 r  CLOCK_IBUF_BUFG_inst/O
                         net (fo=240, routed)         0.857     1.984    dbD/CLOCK_IBUF_BUFG
    SLICE_X2Y18          FDRE                                         r  dbD/debounce_counter_reg[0]/C

Slack:                    inf
  Source:                 btnD
                            (input port)
  Destination:            dbD/debounce_counter_reg[1]/R
                            (rising edge-triggered cell FDRE clocked by sys_clk_pin  {rise@0.000ns fall@5.000ns period=10.000ns})
  Path Group:             (none)
  Path Type:              Hold (Min at Fast Process Corner)
  Data Path Delay:        0.956ns  (logic 0.266ns (27.780%)  route 0.690ns (72.220%))
  Logic Levels:           2  (IBUF=1 LUT3=1)
  Clock Path Skew:        1.984ns (DCD - SCD - CPR)
    Destination Clock Delay (DCD):    1.984ns
    Source Clock Delay      (SCD):    0.000ns
    Clock Pessimism Removal (CPR):    -0.000ns

    Location             Delay type                Incr(ns)  Path(ns)    Netlist Resource(s)
  -------------------------------------------------------------------    -------------------
    U17                                               0.000     0.000 r  btnD (IN)
                         net (fo=0)                   0.000     0.000    btnD
    U17                  IBUF (Prop_ibuf_I_O)         0.221     0.221 r  btnD_IBUF_inst/O
                         net (fo=2, routed)           0.503     0.724    dbD/btnD_IBUF
    SLICE_X2Y17          LUT3 (Prop_lut3_I1_O)        0.045     0.769 r  dbD/debounce_counter[0]_i_1__0/O
                         net (fo=26, routed)          0.187     0.956    dbD/debounce_counter[0]_i_1__0_n_0
    SLICE_X2Y18          FDRE                                         r  dbD/debounce_counter_reg[1]/R
  -------------------------------------------------------------------    -------------------

                         (clock sys_clk_pin rise edge)
                                                      0.000     0.000 r  
    W5                                                0.000     0.000 r  CLOCK (IN)
                         net (fo=0)                   0.000     0.000    CLOCK
    W5                   IBUF (Prop_ibuf_I_O)         0.414     0.414 r  CLOCK_IBUF_inst/O
                         net (fo=1, routed)           0.685     1.099    CLOCK_IBUF
    BUFGCTRL_X0Y0        BUFG (Prop_bufg_I_O)         0.029     1.128 r  CLOCK_IBUF_BUFG_inst/O
                         net (fo=240, routed)         0.857     1.984    dbD/CLOCK_IBUF_BUFG
    SLICE_X2Y18          FDRE                                         r  dbD/debounce_counter_reg[1]/C

Slack:                    inf
  Source:                 btnD
                            (input port)
  Destination:            dbD/debounce_counter_reg[2]/R
                            (rising edge-triggered cell FDRE clocked by sys_clk_pin  {rise@0.000ns fall@5.000ns period=10.000ns})
  Path Group:             (none)
  Path Type:              Hold (Min at Fast Process Corner)
  Data Path Delay:        0.956ns  (logic 0.266ns (27.780%)  route 0.690ns (72.220%))
  Logic Levels:           2  (IBUF=1 LUT3=1)
  Clock Path Skew:        1.984ns (DCD - SCD - CPR)
    Destination Clock Delay (DCD):    1.984ns
    Source Clock Delay      (SCD):    0.000ns
    Clock Pessimism Removal (CPR):    -0.000ns

    Location             Delay type                Incr(ns)  Path(ns)    Netlist Resource(s)
  -------------------------------------------------------------------    -------------------
    U17                                               0.000     0.000 r  btnD (IN)
                         net (fo=0)                   0.000     0.000    btnD
    U17                  IBUF (Prop_ibuf_I_O)         0.221     0.221 r  btnD_IBUF_inst/O
                         net (fo=2, routed)           0.503     0.724    dbD/btnD_IBUF
    SLICE_X2Y17          LUT3 (Prop_lut3_I1_O)        0.045     0.769 r  dbD/debounce_counter[0]_i_1__0/O
                         net (fo=26, routed)          0.187     0.956    dbD/debounce_counter[0]_i_1__0_n_0
    SLICE_X2Y18          FDRE                                         r  dbD/debounce_counter_reg[2]/R
  -------------------------------------------------------------------    -------------------

                         (clock sys_clk_pin rise edge)
                                                      0.000     0.000 r  
    W5                                                0.000     0.000 r  CLOCK (IN)
                         net (fo=0)                   0.000     0.000    CLOCK
    W5                   IBUF (Prop_ibuf_I_O)         0.414     0.414 r  CLOCK_IBUF_inst/O
                         net (fo=1, routed)           0.685     1.099    CLOCK_IBUF
    BUFGCTRL_X0Y0        BUFG (Prop_bufg_I_O)         0.029     1.128 r  CLOCK_IBUF_BUFG_inst/O
                         net (fo=240, routed)         0.857     1.984    dbD/CLOCK_IBUF_BUFG
    SLICE_X2Y18          FDRE                                         r  dbD/debounce_counter_reg[2]/C

Slack:                    inf
  Source:                 btnD
                            (input port)
  Destination:            dbD/debounce_counter_reg[3]/R
                            (rising edge-triggered cell FDRE clocked by sys_clk_pin  {rise@0.000ns fall@5.000ns period=10.000ns})
  Path Group:             (none)
  Path Type:              Hold (Min at Fast Process Corner)
  Data Path Delay:        0.956ns  (logic 0.266ns (27.780%)  route 0.690ns (72.220%))
  Logic Levels:           2  (IBUF=1 LUT3=1)
  Clock Path Skew:        1.984ns (DCD - SCD - CPR)
    Destination Clock Delay (DCD):    1.984ns
    Source Clock Delay      (SCD):    0.000ns
    Clock Pessimism Removal (CPR):    -0.000ns

    Location             Delay type                Incr(ns)  Path(ns)    Netlist Resource(s)
  -------------------------------------------------------------------    -------------------
    U17                                               0.000     0.000 r  btnD (IN)
                         net (fo=0)                   0.000     0.000    btnD
    U17                  IBUF (Prop_ibuf_I_O)         0.221     0.221 r  btnD_IBUF_inst/O
                         net (fo=2, routed)           0.503     0.724    dbD/btnD_IBUF
    SLICE_X2Y17          LUT3 (Prop_lut3_I1_O)        0.045     0.769 r  dbD/debounce_counter[0]_i_1__0/O
                         net (fo=26, routed)          0.187     0.956    dbD/debounce_counter[0]_i_1__0_n_0
    SLICE_X2Y18          FDRE                                         r  dbD/debounce_counter_reg[3]/R
  -------------------------------------------------------------------    -------------------

                         (clock sys_clk_pin rise edge)
                                                      0.000     0.000 r  
    W5                                                0.000     0.000 r  CLOCK (IN)
                         net (fo=0)                   0.000     0.000    CLOCK
    W5                   IBUF (Prop_ibuf_I_O)         0.414     0.414 r  CLOCK_IBUF_inst/O
                         net (fo=1, routed)           0.685     1.099    CLOCK_IBUF
    BUFGCTRL_X0Y0        BUFG (Prop_bufg_I_O)         0.029     1.128 r  CLOCK_IBUF_BUFG_inst/O
                         net (fo=240, routed)         0.857     1.984    dbD/CLOCK_IBUF_BUFG
    SLICE_X2Y18          FDRE                                         r  dbD/debounce_counter_reg[3]/C

Slack:                    inf
  Source:                 btnD
                            (input port)
  Destination:            dbD/debounce_counter_reg[4]/R
                            (rising edge-triggered cell FDRE clocked by sys_clk_pin  {rise@0.000ns fall@5.000ns period=10.000ns})
  Path Group:             (none)
  Path Type:              Hold (Min at Fast Process Corner)
  Data Path Delay:        0.960ns  (logic 0.266ns (27.668%)  route 0.694ns (72.332%))
  Logic Levels:           2  (IBUF=1 LUT3=1)
  Clock Path Skew:        1.983ns (DCD - SCD - CPR)
    Destination Clock Delay (DCD):    1.983ns
    Source Clock Delay      (SCD):    0.000ns
    Clock Pessimism Removal (CPR):    -0.000ns

    Location             Delay type                Incr(ns)  Path(ns)    Netlist Resource(s)
  -------------------------------------------------------------------    -------------------
    U17                                               0.000     0.000 r  btnD (IN)
                         net (fo=0)                   0.000     0.000    btnD
    U17                  IBUF (Prop_ibuf_I_O)         0.221     0.221 r  btnD_IBUF_inst/O
                         net (fo=2, routed)           0.503     0.724    dbD/btnD_IBUF
    SLICE_X2Y17          LUT3 (Prop_lut3_I1_O)        0.045     0.769 r  dbD/debounce_counter[0]_i_1__0/O
                         net (fo=26, routed)          0.191     0.960    dbD/debounce_counter[0]_i_1__0_n_0
    SLICE_X2Y19          FDRE                                         r  dbD/debounce_counter_reg[4]/R
  -------------------------------------------------------------------    -------------------

                         (clock sys_clk_pin rise edge)
                                                      0.000     0.000 r  
    W5                                                0.000     0.000 r  CLOCK (IN)
                         net (fo=0)                   0.000     0.000    CLOCK
    W5                   IBUF (Prop_ibuf_I_O)         0.414     0.414 r  CLOCK_IBUF_inst/O
                         net (fo=1, routed)           0.685     1.099    CLOCK_IBUF
    BUFGCTRL_X0Y0        BUFG (Prop_bufg_I_O)         0.029     1.128 r  CLOCK_IBUF_BUFG_inst/O
                         net (fo=240, routed)         0.856     1.983    dbD/CLOCK_IBUF_BUFG
    SLICE_X2Y19          FDRE                                         r  dbD/debounce_counter_reg[4]/C

Slack:                    inf
  Source:                 btnD
                            (input port)
  Destination:            dbD/debounce_counter_reg[5]/R
                            (rising edge-triggered cell FDRE clocked by sys_clk_pin  {rise@0.000ns fall@5.000ns period=10.000ns})
  Path Group:             (none)
  Path Type:              Hold (Min at Fast Process Corner)
  Data Path Delay:        0.960ns  (logic 0.266ns (27.668%)  route 0.694ns (72.332%))
  Logic Levels:           2  (IBUF=1 LUT3=1)
  Clock Path Skew:        1.983ns (DCD - SCD - CPR)
    Destination Clock Delay (DCD):    1.983ns
    Source Clock Delay      (SCD):    0.000ns
    Clock Pessimism Removal (CPR):    -0.000ns

    Location             Delay type                Incr(ns)  Path(ns)    Netlist Resource(s)
  -------------------------------------------------------------------    -------------------
    U17                                               0.000     0.000 r  btnD (IN)
                         net (fo=0)                   0.000     0.000    btnD
    U17                  IBUF (Prop_ibuf_I_O)         0.221     0.221 r  btnD_IBUF_inst/O
                         net (fo=2, routed)           0.503     0.724    dbD/btnD_IBUF
    SLICE_X2Y17          LUT3 (Prop_lut3_I1_O)        0.045     0.769 r  dbD/debounce_counter[0]_i_1__0/O
                         net (fo=26, routed)          0.191     0.960    dbD/debounce_counter[0]_i_1__0_n_0
    SLICE_X2Y19          FDRE                                         r  dbD/debounce_counter_reg[5]/R
  -------------------------------------------------------------------    -------------------

                         (clock sys_clk_pin rise edge)
                                                      0.000     0.000 r  
    W5                                                0.000     0.000 r  CLOCK (IN)
                         net (fo=0)                   0.000     0.000    CLOCK
    W5                   IBUF (Prop_ibuf_I_O)         0.414     0.414 r  CLOCK_IBUF_inst/O
                         net (fo=1, routed)           0.685     1.099    CLOCK_IBUF
    BUFGCTRL_X0Y0        BUFG (Prop_bufg_I_O)         0.029     1.128 r  CLOCK_IBUF_BUFG_inst/O
                         net (fo=240, routed)         0.856     1.983    dbD/CLOCK_IBUF_BUFG
    SLICE_X2Y19          FDRE                                         r  dbD/debounce_counter_reg[5]/C





